0.0488,0,-0.04
0.04881,0,-0.04
0.04882,0,-0.04
0.04883,-0.04,0
0.04884,0,0
0.04885,0,-0.04
0.04886,0,-0.04
0.04887,0,-0.04
0.04888,0,0
0.04889,-0.04,-0.04
0.0489,0,-0.04
0.04891,0,0
0.04892,-0.04,0
0.04893,0,0
0.04894,-0.04,0
0.04895,-0.04,0
0.04896,0,0
0.04897,0,0
0.04898,-0.04,0
0.04899,-0.04,0
0.049,-0.04,-0.04
0.04901,0,0
0.04902,-0.04,-0.04
0.04903,-0.04,0
0.04904,0,0
0.04905,0,0
0.04906,0,-0.04
0.04907,-0.04,-0.04
0.04908,-0.04,0
0.04909,0,0
0.0491,-0.04,-0.04
0.04911,-0.04,0
0.04912,-0.04,-0.04
0.04913,-0.04,0
0.04914,0,-0.04
0.04915,0,0
0.04916,0,-0.04
0.04917,0,-0.04
0.04918,-0.04,0
0.04919,0,0
0.0492,-0.04,-0.04
0.04921,0,0
0.04922,-0.04,0
0.04923,-0.04,0
0.04924,-0.04,0
0.04925,-0.04,-0.04
0.04926,-0.04,-0.04
0.04927,0,-0.04
0.04928,-0.04,0
0.04929,-0.04,-0.04
0.0493,0,0
0.04931,0,0
0.04932,0,0
0.04933,0,-0.04
0.04934,-0.04,-0.04
0.04935,0,-0.04
0.04936,0,-0.04
0.04937,-0.04,-0.04
0.04938,0,0
0.04939,0,-0.04
0.0494,0,-0.04
0.04941,0,-0.04
0.04942,-0.04,0
0.04943,-0.04,-0.04
0.04944,-0.04,-0.04
0.04945,0,0
0.04946,0,0
0.04947,-0.04,0
0.04948,-0.04,-0.04
0.04949,-0.04,0
0.0495,0,0
0.04951,0,0
0.04952,0,0
0.04953,0,0
0.04954,0,-0.04
0.04955,0,-0.04
0.04956,-0.04,-0.04
0.04957,-0.04,0
0.04958,0,-0.04
0.04959,0,0
0.0496,0,0
0.04961,0,0
0.04962,-0.04,0
0.04963,0,-0.04
0.04964,-0.04,0
0.04965,0,0
0.04966,-0.04,-0.04
0.04967,-0.04,-0.04
0.04968,0,0
0.04969,-0.04,0
0.0497,0,0
0.04971,0,0
0.04972,-0.04,-0.04
0.04973,-0.04,0
0.04974,0,0
0.04975,0,0
0.04976,-0.04,0
0.04977,-0.04,0
0.04978,0,0
0.04979,0,0
0.0498,0,-0.04
0.04981,-0.04,0
0.04982,-0.04,-0.04
0.04983,0,0
0.04984,-0.04,0
0.04985,-0.04,0
0.04986,0,0
0.04987,0,-0.04
0.04988,-0.04,-0.04
0.04989,-0.04,-0.04
0.0499,-0.04,-0.04
0.04991,-0.04,0
0.04992,0,-0.04
0.04993,-0.04,0
0.04994,0,0
0.04995,0,0
0.04996,0,-0.04
0.04997,0,0
0.04998,0,0
0.04999,-0.04,-0.04
0.05,4.92,0
0.05001,4.88,0
0.05002,4.92,0
0.05003,4.92,0
0.05004,4.92,0
0.05005,4.92,-0.04
0.05006,4.88,0
0.05007,4.92,0
0.05008,4.92,0
0.05009,4.88,0
0.0501,4.88,0
0.05011,4.88,0
0.05012,4.88,0
0.05013,4.88,0
0.05014,4.88,0.04
0.05015,4.88,0.04
0.05016,4.88,0.04
0.05017,4.88,0.04
0.05018,4.84,0.04
0.05019,4.88,0.08
0.0502,4.84,0.04
0.05021,4.88,0.08
0.05022,4.88,0.08
0.05023,4.84,0.12
0.05024,4.84,0.08
0.05025,4.84,0.12
0.05026,4.88,0.12
0.05027,4.88,0.12
0.05028,4.84,0.16
0.05029,4.88,0.16
0.0503,4.84,0.16
0.05031,4.84,0.16
0.05032,4.84,0.2
0.05033,4.84,0.2
0.05034,4.84,0.2
0.05035,4.84,0.24
0.05036,4.84,0.24
0.05037,4.84,0.28
0.05038,4.84,0.28
0.05039,4.84,0.28
0.0504,4.84,0.32
0.05041,4.84,0.32
0.05042,4.84,0.36
0.05043,4.84,0.36
0.05044,4.84,0.36
0.05045,4.84,0.36
0.05046,4.84,0.4
0.05047,4.84,0.4
0.05048,4.8,0.4
0.05049,4.84,0.4
0.0505,4.84,0.44
0.05051,4.84,0.44
0.05052,4.8,0.48
0.05053,4.84,0.48
0.05054,4.84,0.48
0.05055,4.84,0.52
0.05056,4.84,0.56
0.05057,4.84,0.56
0.05058,4.84,0.56
0.05059,4.84,0.6
0.0506,4.84,0.6
0.05061,4.84,0.64
0.05062,4.84,0.64
0.05063,4.84,0.64
0.05064,4.84,0.68
0.05065,4.84,0.68
0.05066,4.84,0.72
0.05067,4.84,0.72
0.05068,4.84,0.76
0.05069,4.84,0.76
0.0507,4.84,0.76
0.05071,4.84,0.8
0.05072,4.8,0.8
0.05073,4.84,0.84
0.05074,4.84,0.84
0.05075,4.8,0.88
0.05076,4.8,0.88
0.05077,4.84,0.92
0.05078,4.84,0.92
0.05079,4.8,0.96
0.0508,4.8,0.96
0.05081,4.84,1
0.05082,4.8,1
0.05083,4.84,1.04
0.05084,4.84,1.04
0.05085,4.84,1.08
0.05086,4.8,1.12
0.05087,4.84,1.12
0.05088,4.8,1.16
0.05089,4.8,1.16
0.0509,4.8,1.16
0.05091,4.84,1.2
0.05092,4.84,1.2
0.05093,4.8,1.2
0.05094,4.8,1.24
0.05095,4.8,1.28
0.05096,4.84,1.28
0.05097,4.8,1.32
0.05098,4.84,1.32
0.05099,4.8,1.36
0.051,4.84,1.36
0.05101,4.84,1.36
0.05102,4.84,1.4
0.05103,4.8,1.44
0.05104,4.84,1.44
0.05105,4.8,1.48
0.05106,4.8,1.48
0.05107,4.84,1.52
0.05108,4.8,1.52
0.05109,4.84,1.52
0.0511,4.8,1.56
0.05111,4.8,1.56
0.05112,4.8,1.6
0.05113,4.8,1.6
0.05114,4.84,1.64
0.05115,4.8,1.68
0.05116,4.84,1.68
0.05117,4.8,1.68
0.05118,4.8,1.72
0.05119,4.84,1.76
0.0512,4.8,1.76
0.05121,4.8,1.8
0.05122,4.8,1.8
0.05123,4.84,1.8
0.05124,4.84,1.84
0.05125,4.8,1.84
0.05126,4.8,1.88
0.05127,4.84,1.88
0.05128,4.84,1.92
0.05129,4.8,1.96
0.0513,4.8,1.96
0.05131,4.8,1.96
0.05132,4.84,2
0.05133,4.8,2
0.05134,4.84,2.04
0.05135,4.8,2.04
0.05136,4.84,2.08
0.05137,4.8,2.08
0.05138,4.8,2.08
0.05139,4.8,2.12
0.0514,4.8,2.16
0.05141,4.8,2.16
0.05142,4.84,2.2
0.05143,4.84,2.2
0.05144,4.8,2.2
0.05145,4.84,2.24
0.05146,4.8,2.28
0.05147,4.84,2.24
0.05148,4.84,2.28
0.05149,4.84,2.28
0.0515,4.8,2.32
0.05151,4.84,2.36
0.05152,4.84,2.36
0.05153,4.8,2.36
0.05154,4.84,2.4
0.05155,4.84,2.44
0.05156,4.84,2.4
0.05157,4.8,2.44
0.05158,4.84,2.44
0.05159,4.84,2.48
0.0516,4.84,2.52
0.05161,4.84,2.52
0.05162,4.84,2.56
0.05163,4.84,2.56
0.05164,4.84,2.56
0.05165,4.84,2.56
0.05166,4.84,2.6
0.05167,4.84,2.64
0.05168,4.84,2.64
0.05169,4.84,2.64
0.0517,4.84,2.68
0.05171,4.84,2.68
0.05172,4.84,2.68
0.05173,4.84,2.72
0.05174,4.84,2.72
0.05175,4.84,2.76
0.05176,4.84,2.76
0.05177,4.84,2.76
0.05178,4.84,2.8
0.05179,4.84,2.8
0.0518,4.84,2.84
0.05181,4.84,2.84
0.05182,4.84,2.84
0.05183,4.84,2.88
0.05184,4.84,2.88
0.05185,4.84,2.88
0.05186,4.84,2.92
0.05187,4.84,2.92
0.05188,4.84,2.96
0.05189,4.84,2.96
0.0519,4.84,2.96
0.05191,4.84,3
0.05192,4.84,3
0.05193,4.84,3
0.05194,4.84,3.04
0.05195,4.84,3.08
0.05196,4.84,3.08
0.05197,4.84,3.08
0.05198,4.84,3.12
0.05199,4.84,3.12
0.052,4.84,3.12
0.05201,4.84,3.16
0.05202,4.84,3.16
0.05203,4.84,3.16
0.05204,4.84,3.2
0.05205,4.84,3.2
0.05206,4.84,3.2
0.05207,4.84,3.2
0.05208,4.84,3.24
0.05209,4.84,3.24
0.0521,4.84,3.28
0.05211,4.84,3.28
0.05212,4.84,3.28
0.05213,4.84,3.32
0.05214,4.84,3.32
0.05215,4.84,3.32
0.05216,4.88,3.36
0.05217,4.84,3.36
0.05218,4.84,3.36
0.05219,4.84,3.36
0.0522,4.88,3.4
0.05221,4.84,3.4
0.05222,4.84,3.4
0.05223,4.84,3.44
0.05224,4.84,3.44
0.05225,4.84,3.44
0.05226,4.84,3.48
0.05227,4.84,3.48
0.05228,4.88,3.52
0.05229,4.88,3.52
0.0523,4.84,3.52
0.05231,4.88,3.52
0.05232,4.84,3.56
0.05233,4.88,3.56
0.05234,4.84,3.56
0.05235,4.84,3.56
0.05236,4.84,3.6
0.05237,4.84,3.56
0.05238,4.84,3.56
0.05239,4.88,3.6
0.0524,4.84,3.6
0.05241,4.84,3.64
0.05242,4.84,3.64
0.05243,4.88,3.64
0.05244,4.84,3.68
0.05245,4.88,3.68
0.05246,4.88,3.68
0.05247,4.88,3.72
0.05248,4.84,3.68
0.05249,4.84,3.72
0.0525,4.88,3.72
0.05251,4.84,3.72
0.05252,4.88,3.76
0.05253,4.84,3.76
0.05254,4.88,3.76
0.05255,4.88,3.8
0.05256,4.88,3.8
0.05257,4.88,3.8
0.05258,4.88,3.8
0.05259,4.88,3.8
0.0526,4.84,3.8
0.05261,4.88,3.84
0.05262,4.88,3.84
0.05263,4.88,3.88
0.05264,4.88,3.88
0.05265,4.88,3.88
0.05266,4.88,3.92
0.05267,4.88,3.92
0.05268,4.88,3.92
0.05269,4.88,3.92
0.0527,4.84,3.92
0.05271,4.88,3.92
0.05272,4.88,3.92
0.05273,4.88,3.96
0.05274,4.88,3.96
0.05275,4.88,3.96
0.05276,4.84,4
0.05277,4.88,4
0.05278,4.88,4
0.05279,4.88,4
0.0528,4.88,4
0.05281,4.88,4
0.05282,4.88,4.04
0.05283,4.88,4.04
0.05284,4.88,4.04
0.05285,4.88,4.04
0.05286,4.88,4.08
0.05287,4.88,4.08
0.05288,4.92,4.08
0.05289,4.88,4.08
0.0529,4.88,4.08
0.05291,4.88,4.12
0.05292,4.88,4.12
0.05293,4.88,4.12
0.05294,4.88,4.12
0.05295,4.88,4.12
0.05296,4.88,4.12
0.05297,4.88,4.16
0.05298,4.88,4.16
0.05299,4.88,4.16
0.053,4.92,4.16
0.05301,4.88,4.16
0.05302,4.88,4.16
0.05303,4.88,4.2
0.05304,4.92,4.2
0.05305,4.88,4.2
0.05306,4.88,4.2
0.05307,4.88,4.2
0.05308,4.88,4.2
0.05309,4.88,4.24
0.0531,4.88,4.24
0.05311,4.88,4.24
0.05312,4.88,4.24
0.05313,4.88,4.24
0.05314,4.88,4.24
0.05315,4.88,4.28
0.05316,4.88,4.28
0.05317,4.88,4.28
0.05318,4.88,4.28
0.05319,4.88,4.28
0.0532,4.88,4.28
0.05321,4.88,4.32
0.05322,4.88,4.28
0.05323,4.88,4.32
0.05324,4.88,4.32
0.05325,4.88,4.32
0.05326,4.88,4.36
0.05327,4.88,4.32
0.05328,4.88,4.36
0.05329,4.88,4.36
0.0533,4.88,4.36
0.05331,4.88,4.36
0.05332,4.88,4.36
0.05333,4.88,4.36
0.05334,4.88,4.36
0.05335,4.88,4.4
0.05336,4.84,4.4
0.05337,4.88,4.4
0.05338,4.88,4.4
0.05339,4.88,4.4
0.0534,4.88,4.4
0.05341,4.88,4.4
0.05342,4.88,4.4
0.05343,4.88,4.4
0.05344,4.88,4.4
0.05345,4.88,4.44
0.05346,4.88,4.44
0.05347,4.88,4.44
0.05348,4.88,4.44
0.05349,4.92,4.48
0.0535,4.88,4.48
0.05351,4.88,4.48
0.05352,4.88,4.48
0.05353,4.88,4.48
0.05354,4.88,4.48
0.05355,4.88,4.48
0.05356,4.88,4.48
0.05357,4.88,4.52
0.05358,4.88,4.52
0.05359,4.88,4.52
0.0536,4.88,4.52
0.05361,4.88,4.52
0.05362,4.88,4.52
0.05363,4.88,4.52
0.05364,4.88,4.52
0.05365,4.88,4.52
0.05366,4.88,4.52
0.05367,4.88,4.52
0.05368,4.92,4.56
0.05369,4.88,4.56
0.0537,4.88,4.52
0.05371,4.92,4.56
0.05372,4.88,4.56
0.05373,4.92,4.56
0.05374,4.88,4.56
0.05375,4.88,4.6
0.05376,4.88,4.6
0.05377,4.92,4.56
0.05378,4.88,4.56
0.05379,4.88,4.6
0.0538,4.92,4.6
0.05381,4.88,4.6
0.05382,4.92,4.6
0.05383,4.92,4.6
0.05384,4.92,4.6
0.05385,4.88,4.6
0.05386,4.92,4.64
0.05387,4.92,4.64
0.05388,4.88,4.64
0.05389,4.88,4.64
0.0539,4.92,4.64
0.05391,4.92,4.64
0.05392,4.92,4.64
0.05393,4.88,4.64
0.05394,4.88,4.64
0.05395,4.88,4.64
0.05396,4.92,4.68
0.05397,4.88,4.64
0.05398,4.92,4.68
0.05399,4.92,4.68
0.054,4.88,4.68
0.05401,4.92,4.68
0.05402,4.88,4.68
0.05403,4.88,4.68
0.05404,4.88,4.68
0.05405,4.88,4.68
0.05406,4.88,4.68
0.05407,4.88,4.68
0.05408,4.88,4.68
0.05409,4.92,4.68
0.0541,4.88,4.68
0.05411,4.88,4.68
0.05412,4.92,4.68
0.05413,4.92,4.72
0.05414,4.92,4.68
0.05415,4.88,4.72
0.05416,4.92,4.72
0.05417,4.88,4.68
0.05418,4.88,4.72
0.05419,4.88,4.72
0.0542,4.88,4.72
0.05421,4.92,4.72
0.05422,4.92,4.72
0.05423,4.92,4.72
0.05424,4.92,4.72
0.05425,4.92,4.72
0.05426,4.88,4.72
0.05427,4.92,4.72
0.05428,4.88,4.72
0.05429,4.92,4.72
0.0543,4.88,4.72
0.05431,4.92,4.72
0.05432,4.88,4.72
0.05433,4.92,4.76
0.05434,4.92,4.72
0.05435,4.92,4.76
0.05436,4.92,4.76
0.05437,4.88,4.76
0.05438,4.88,4.76
0.05439,4.92,4.76
0.0544,4.92,4.76
0.05441,4.88,4.76
0.05442,4.88,4.76
0.05443,4.88,4.76
0.05444,4.92,4.76
0.05445,4.92,4.76
0.05446,4.88,4.76
0.05447,4.92,4.76
0.05448,4.92,4.76
0.05449,4.92,4.76
0.0545,4.92,4.76
0.05451,4.92,4.76
0.05452,4.92,4.76
0.05453,4.92,4.76
0.05454,4.92,4.8
0.05455,4.92,4.76
0.05456,4.92,4.76
0.05457,4.92,4.8
0.05458,4.88,4.8
0.05459,4.88,4.76
0.0546,4.92,4.8
0.05461,4.92,4.8
0.05462,4.92,4.8
0.05463,4.92,4.76
0.05464,4.92,4.8
0.05465,4.92,4.8
0.05466,4.92,4.8
0.05467,4.92,4.8
0.05468,4.88,4.8
0.05469,4.92,4.8
0.0547,4.92,4.8
0.05471,4.88,4.8
0.05472,4.92,4.84
0.05473,4.92,4.8
0.05474,4.88,4.8
0.05475,4.88,4.8
0.05476,4.88,4.84
0.05477,4.88,4.8
0.05478,4.88,4.8
0.05479,4.92,4.8
0.0548,4.92,4.84
0.05481,4.92,4.84
0.05482,4.92,4.8
0.05483,4.92,4.8
0.05484,4.92,4.84
0.05485,4.92,4.84
0.05486,4.92,4.84
0.05487,4.92,4.84
0.05488,4.92,4.84
0.05489,4.88,4.8
0.0549,4.92,4.84
0.05491,4.92,4.84
0.05492,4.92,4.84
0.05493,4.92,4.84
0.05494,4.92,4.84
0.05495,4.92,4.84
0.05496,4.92,4.84
0.05497,4.88,4.84
0.05498,4.92,4.84
0.05499,4.92,4.84
0.055,4.88,4.84
0.05501,4.92,4.84
0.05502,4.92,4.84
0.05503,4.92,4.84
0.05504,4.92,4.84
0.05505,4.92,4.84
0.05506,4.92,4.84
0.05507,4.92,4.84
0.05508,4.92,4.84
0.05509,4.92,4.84
0.0551,4.92,4.84
0.05511,4.92,4.84
0.05512,4.92,4.84
0.05513,4.88,4.84
0.05514,4.92,4.84
0.05515,4.92,4.84
0.05516,4.92,4.84
0.05517,4.88,4.84
0.05518,4.92,4.84
0.05519,4.92,4.84
0.0552,4.92,4.84
0.05521,4.92,4.84
0.05522,4.92,4.84
0.05523,4.92,4.84
0.05524,4.92,4.84
0.05525,4.92,4.84
0.05526,4.92,4.88
0.05527,4.92,4.84
0.05528,4.92,4.88
0.05529,4.92,4.84
0.0553,4.92,4.84
0.05531,4.92,4.84
0.05532,4.92,4.84
0.05533,4.92,4.84
0.05534,4.88,4.88
0.05535,4.92,4.88
0.05536,4.92,4.88
0.05537,4.92,4.88
0.05538,4.92,4.88
0.05539,4.92,4.88
0.0554,4.92,4.84
0.05541,4.92,4.88
0.05542,4.92,4.88
0.05543,4.88,4.88
0.05544,4.92,4.88
0.05545,4.92,4.88
0.05546,4.92,4.88
0.05547,4.92,4.88
0.05548,4.92,4.88
0.05549,4.92,4.88
0.0555,4.88,4.88
0.05551,4.92,4.88
0.05552,4.92,4.88
0.05553,4.92,4.88
0.05554,4.92,4.88
0.05555,4.92,4.88
0.05556,4.92,4.88
0.05557,4.92,4.88
0.05558,4.92,4.88
0.05559,4.92,4.88
0.0556,4.92,4.88
0.05561,4.92,4.88
0.05562,4.88,4.88
0.05563,4.88,4.88
0.05564,4.92,4.88
0.05565,4.92,4.88
0.05566,4.92,4.88
0.05567,4.88,4.88
0.05568,4.92,4.88
0.05569,4.92,4.92
0.0557,4.92,4.88
0.05571,4.92,4.88
0.05572,4.92,4.92
0.05573,4.92,4.88
0.05574,4.92,4.88
0.05575,4.92,4.88
0.05576,4.92,4.88
0.05577,4.92,4.92
0.05578,4.92,4.88
0.05579,4.92,4.88
0.0558,4.92,4.92
0.05581,4.92,4.88
0.05582,4.88,4.92
0.05583,4.92,4.88
0.05584,4.92,4.88
0.05585,4.92,4.92
0.05586,4.92,4.92
0.05587,4.92,4.92
0.05588,4.92,4.92
0.05589,4.92,4.92
0.0559,4.92,4.88
0.05591,4.92,4.88
0.05592,4.92,4.92
0.05593,4.92,4.92
0.05594,4.92,4.92
0.05595,4.92,4.88
0.05596,4.92,4.92
0.05597,4.92,4.92
0.05598,4.92,4.92
0.05599,4.92,4.92
0.056,4.92,4.88
0.05601,4.92,4.88
0.05602,4.92,4.88
0.05603,4.92,4.92
0.05604,4.92,4.92
0.05605,4.92,4.92
0.05606,4.92,4.92
0.05607,4.92,4.88
0.05608,4.92,4.92
0.05609,4.92,4.88
0.0561,4.92,4.92
0.05611,4.92,4.88
0.05612,4.92,4.92
0.05613,4.92,4.92
0.05614,4.92,4.88
0.05615,4.92,4.88
0.05616,4.92,4.92
0.05617,4.88,4.88
0.05618,4.92,4.92
0.05619,4.92,4.88
0.0562,4.92,4.88
0.05621,4.92,4.88
0.05622,4.92,4.88
0.05623,4.92,4.92
0.05624,4.92,4.92
0.05625,4.92,4.88
0.05626,4.92,4.92
0.05627,4.92,4.92
0.05628,4.92,4.92
0.05629,4.92,4.92
0.0563,4.92,4.92
0.05631,4.92,4.92
0.05632,4.92,4.92
0.05633,4.92,4.92
0.05634,4.92,4.92
0.05635,4.92,4.92
0.05636,4.92,4.88
0.05637,4.92,4.92
0.05638,4.92,4.92
0.05639,4.92,4.92
0.0564,4.88,4.92
0.05641,4.92,4.92
0.05642,4.92,4.92
0.05643,4.92,4.92
0.05644,4.92,4.92
0.05645,4.92,4.92
0.05646,4.92,4.92
0.05647,4.92,4.92
0.05648,4.92,4.92
0.05649,4.92,4.92
0.0565,4.92,4.92
0.05651,4.92,4.92
0.05652,4.92,4.92
0.05653,4.92,4.92
0.05654,4.92,4.92
0.05655,4.92,4.92
0.05656,4.92,4.92
0.05657,4.92,4.92
0.05658,4.92,4.92
0.05659,4.92,4.88
0.0566,4.92,4.92
0.05661,4.92,4.92
0.05662,4.92,4.92
0.05663,4.92,4.92
0.05664,4.92,4.92
0.05665,4.92,4.92
0.05666,4.92,4.92
0.05667,4.92,4.92
0.05668,4.92,4.92
0.05669,4.92,4.92
0.0567,4.92,4.92
0.05671,4.92,4.88
0.05672,4.92,4.92
0.05673,4.92,4.92
0.05674,4.92,4.92
0.05675,4.92,4.92
0.05676,4.92,4.88
0.05677,4.92,4.92
0.05678,4.92,4.92
0.05679,4.92,4.92
0.0568,4.92,4.92
0.05681,4.92,4.92
0.05682,4.92,4.92
0.05683,4.92,4.92
0.05684,4.92,4.92
0.05685,4.92,4.92
0.05686,4.92,4.92
0.05687,4.92,4.92
0.05688,4.96,4.92
0.05689,4.92,4.92
0.0569,4.92,4.92
0.05691,4.92,4.92
0.05692,4.92,4.92
0.05693,4.92,4.92
0.05694,4.92,4.92
0.05695,4.92,4.92
0.05696,4.92,4.92
0.05697,4.92,4.92
0.05698,4.92,4.92
0.05699,4.92,4.92
0.057,4.92,4.92
0.05701,4.92,4.92
0.05702,4.92,4.92
0.05703,4.92,4.92
0.05704,4.92,4.92
0.05705,4.92,4.92
0.05706,4.92,4.92
0.05707,4.92,4.92
0.05708,4.92,4.92
0.05709,4.92,4.92
0.0571,4.92,4.92
0.05711,4.92,4.92
0.05712,4.92,4.92
0.05713,4.92,4.92
0.05714,4.92,4.92
0.05715,4.92,4.92
0.05716,4.88,4.92
0.05717,4.92,4.92
0.05718,4.92,4.92
0.05719,4.92,4.92
0.0572,4.92,4.92
0.05721,4.92,4.92
0.05722,4.92,4.92
0.05723,4.88,4.92
0.05724,4.92,4.92
0.05725,4.92,4.92
0.05726,4.92,4.92
0.05727,4.88,4.92
0.05728,4.92,4.88
0.05729,4.92,4.92
0.0573,4.92,4.92
0.05731,4.92,4.92
0.05732,4.88,4.92
0.05733,4.92,4.92
0.05734,4.92,4.92
0.05735,4.92,4.92
0.05736,4.92,4.92
0.05737,4.92,4.92
0.05738,4.92,4.92
0.05739,4.92,4.88
0.0574,4.92,4.96
0.05741,4.92,4.92
0.05742,4.92,4.92
0.05743,4.92,4.92
0.05744,4.92,4.92
0.05745,4.92,4.92
0.05746,4.88,4.92
0.05747,4.92,4.92
0.05748,4.92,4.92
0.05749,4.92,4.92
0.0575,4.92,4.92
0.05751,4.92,4.92
0.05752,4.92,4.92
0.05753,4.92,4.92
0.05754,4.92,4.92
0.05755,4.92,4.92
0.05756,4.92,4.92
0.05757,4.92,4.92
0.05758,4.92,4.92
0.05759,4.92,4.92
0.0576,4.92,4.92
0.05761,4.92,4.92
0.05762,4.92,4.92
0.05763,4.92,4.92
0.05764,4.92,4.92
0.05765,4.92,4.92
0.05766,4.92,4.92
0.05767,4.92,4.92
0.05768,4.92,4.92
0.05769,4.92,4.92
0.0577,4.92,4.92
0.05771,4.92,4.92
0.05772,4.92,4.92
0.05773,4.88,4.92
0.05774,4.92,4.92
0.05775,4.88,4.92
0.05776,4.92,4.92
0.05777,4.92,4.92
0.05778,4.92,4.92
0.05779,4.92,4.92
0.0578,4.92,4.92
0.05781,4.92,4.92
0.05782,4.92,4.92
0.05783,4.92,4.92
0.05784,4.92,4.92
0.05785,4.92,4.92
0.05786,4.92,4.92
0.05787,4.92,4.92
0.05788,4.92,4.92
0.05789,4.92,4.92
0.0579,4.92,4.92
0.05791,4.92,4.92
0.05792,4.92,4.92
0.05793,4.92,4.92
0.05794,4.92,4.92
0.05795,4.92,4.92
0.05796,4.92,4.92
0.05797,4.92,4.92
0.05798,4.92,4.92
0.05799,4.92,4.92
0.058,4.92,4.92
0.05801,4.92,4.92
0.05802,4.92,4.92
0.05803,4.92,4.92
0.05804,4.92,4.96
0.05805,4.92,4.92
0.05806,4.92,4.92
0.05807,4.92,4.92
0.05808,4.92,4.92
0.05809,4.92,4.92
0.0581,4.92,4.96
0.05811,4.92,4.92
0.05812,4.92,4.92
0.05813,4.92,4.92
0.05814,4.92,4.92
0.05815,4.92,4.92
0.05816,4.92,4.92
0.05817,4.92,4.92
0.05818,4.92,4.92
0.05819,4.92,4.92
0.0582,4.92,4.92
0.05821,4.88,4.92
0.05822,4.92,4.96
0.05823,4.92,4.92
0.05824,4.92,4.92
0.05825,4.92,4.92
0.05826,4.92,4.92
0.05827,4.92,4.92
0.05828,4.92,4.92
0.05829,4.92,4.92
0.0583,4.92,4.92
0.05831,4.92,4.92
0.05832,4.92,4.92
0.05833,4.92,4.92
0.05834,4.92,4.92
0.05835,4.92,4.92
0.05836,4.92,4.92
0.05837,4.92,4.92
0.05838,4.92,4.92
0.05839,4.92,4.92
0.0584,4.92,4.92
0.05841,4.92,4.92
0.05842,4.92,4.92
0.05843,4.92,4.92
0.05844,4.92,4.92
0.05845,4.92,4.92
0.05846,4.92,4.92
0.05847,4.92,4.96
0.05848,4.92,4.92
0.05849,4.92,4.92
0.0585,4.92,4.92
0.05851,4.92,4.88
0.05852,4.92,4.92
0.05853,4.92,4.92
0.05854,4.92,4.92
0.05855,4.88,4.96
0.05856,4.88,4.88
0.05857,4.92,4.92
0.05858,4.92,4.92
0.05859,4.92,4.92
0.0586,4.92,4.92
0.05861,4.88,4.92
0.05862,4.92,4.92
0.05863,4.92,4.92
0.05864,4.92,4.92
0.05865,4.92,4.92
0.05866,4.92,4.92
0.05867,4.92,4.92
0.05868,4.92,4.92
0.05869,4.92,4.92
0.0587,4.92,4.92
0.05871,4.92,4.92
0.05872,4.92,4.92
0.05873,4.92,4.92
0.05874,4.92,4.92
0.05875,4.92,4.92
0.05876,4.92,4.92
0.05877,4.92,4.92
0.05878,4.92,4.92
0.05879,4.92,4.92
0.0588,4.92,4.92
0.05881,4.92,4.92
0.05882,4.92,4.92
0.05883,4.92,4.92
0.05884,4.92,4.92
0.05885,4.92,4.92
0.05886,4.92,4.92
0.05887,4.92,4.92
0.05888,4.92,4.92
0.05889,4.92,4.92
0.0589,4.92,4.92
0.05891,4.92,4.92
0.05892,4.92,4.92
0.05893,4.92,4.92
0.05894,4.92,4.92
0.05895,4.92,4.92
0.05896,4.92,4.92
0.05897,4.92,4.92
0.05898,4.92,4.92
0.05899,4.92,4.92
0.059,4.92,4.92
0.05901,4.92,4.92
0.05902,4.92,4.92
0.05903,4.92,4.92
0.05904,4.92,4.92
0.05905,4.92,4.92
0.05906,4.92,4.92
0.05907,4.92,4.92
0.05908,4.92,4.92
0.05909,4.92,4.92
0.0591,4.92,4.92
0.05911,4.92,4.92
0.05912,4.92,4.92
0.05913,4.92,4.92
0.05914,4.92,4.92
0.05915,4.92,4.92
0.05916,4.92,4.92
0.05917,4.92,4.92
0.05918,4.88,4.92
0.05919,4.92,4.92
0.0592,4.92,4.92
0.05921,4.88,4.92
0.05922,4.88,4.92
0.05923,4.92,4.92
0.05924,4.92,4.92
0.05925,4.92,4.92
0.05926,4.92,4.92
0.05927,4.88,4.92
0.05928,4.92,4.92
0.05929,4.92,4.92
0.0593,4.92,4.92
0.05931,4.92,4.92
0.05932,4.92,4.92
0.05933,4.92,4.92
0.05934,4.92,4.92
0.05935,4.92,4.92
0.05936,4.92,4.92
0.05937,4.92,4.92
0.05938,4.92,4.92
0.05939,4.92,4.92
0.0594,4.92,4.92
0.05941,4.92,4.92
0.05942,4.92,4.92
0.05943,4.92,4.92
0.05944,4.92,4.92
0.05945,4.92,4.92
0.05946,4.92,4.92
0.05947,4.92,4.92
0.05948,4.92,4.92
0.05949,4.92,4.92
0.0595,4.88,4.92
0.05951,4.92,4.92
0.05952,4.92,4.92
0.05953,4.88,4.92
0.05954,4.92,4.92
0.05955,4.92,4.92
0.05956,4.92,4.92
0.05957,4.92,4.92
0.05958,4.92,4.92
0.05959,4.92,4.88
0.0596,4.92,4.92
0.05961,4.92,4.92
0.05962,4.92,4.92
0.05963,4.92,4.92
0.05964,4.88,4.92
0.05965,4.92,4.92
0.05966,4.92,4.92
0.05967,4.92,4.92
0.05968,4.92,4.92
0.05969,4.92,4.92
0.0597,4.92,4.92
0.05971,4.92,4.92
0.05972,4.92,4.92
0.05973,4.92,4.92
0.05974,4.92,4.92
0.05975,4.92,4.92
0.05976,4.92,4.92
0.05977,4.88,4.92
0.05978,4.92,4.92
0.05979,4.92,4.92
0.0598,4.92,4.92
0.05981,4.92,4.92
0.05982,4.92,4.92
0.05983,4.92,4.92
0.05984,4.92,4.92
0.05985,4.92,4.92
0.05986,4.92,4.92
0.05987,4.92,4.92
0.05988,4.92,4.92
0.05989,4.92,4.92
0.0599,4.92,4.92
0.05991,4.92,4.92
0.05992,4.92,4.92
0.05993,4.92,4.92
0.05994,4.92,4.92
0.05995,4.92,4.92
0.05996,4.92,4.92
0.05997,4.92,4.92
0.05998,4.96,4.92
0.05999,4.92,4.92
0.06,4.92,4.92
0.06001,4.92,4.92
0.06002,4.92,4.92
0.06003,4.92,4.88
0.06004,4.92,4.92
0.06005,4.92,4.96
0.06006,4.92,4.92
0.06007,4.88,4.92
0.06008,4.92,4.92
0.06009,4.88,4.92
0.0601,4.92,4.92
0.06011,4.92,4.92
0.06012,4.92,4.92
0.06013,4.92,4.92
0.06014,4.92,4.92
0.06015,4.92,4.92
0.06016,4.92,4.92
0.06017,4.88,4.92
0.06018,4.92,4.92
0.06019,4.92,4.92
0.0602,4.92,4.92
0.06021,4.92,4.92
0.06022,4.88,4.92
0.06023,4.92,4.92
0.06024,4.92,4.92
0.06025,4.92,4.92
0.06026,4.92,4.92
0.06027,4.92,4.92
0.06028,4.92,4.92
0.06029,4.92,4.92
0.0603,4.92,4.92
0.06031,4.92,4.92
0.06032,4.92,4.92
0.06033,4.92,4.92
0.06034,4.92,4.92
0.06035,4.92,4.92
0.06036,4.92,4.92
0.06037,4.92,4.92
0.06038,4.92,4.92
0.06039,4.92,4.92
0.0604,4.88,4.92
0.06041,4.88,4.96
0.06042,4.92,4.92
0.06043,4.92,4.92
0.06044,4.92,4.92
0.06045,4.92,4.92
0.06046,4.92,4.88
0.06047,4.92,4.92
0.06048,4.92,4.92
0.06049,4.92,4.92
0.0605,4.92,4.92
0.06051,4.92,4.92
0.06052,4.92,4.92
0.06053,4.92,4.92
0.06054,4.92,4.92
0.06055,4.92,4.92
0.06056,4.92,4.92
0.06057,4.92,4.92
0.06058,4.92,4.92
0.06059,4.92,4.92
0.0606,4.92,4.92
0.06061,4.92,4.92
0.06062,4.88,4.92
0.06063,4.92,4.92
0.06064,4.92,4.92
0.06065,4.92,4.92
0.06066,4.92,4.92
0.06067,4.92,4.92
0.06068,4.92,4.92
0.06069,4.92,4.92
0.0607,4.92,4.92
0.06071,4.92,4.92
0.06072,4.88,4.92
0.06073,4.92,4.92
0.06074,4.92,4.92
0.06075,4.92,4.92
0.06076,4.92,4.92
0.06077,4.92,4.92
0.06078,4.92,4.92
0.06079,4.92,4.92
0.0608,4.92,4.92
0.06081,4.92,4.92
0.06082,4.92,4.92
0.06083,4.92,4.92
0.06084,4.92,4.92
0.06085,4.92,4.92
0.06086,4.92,4.92
0.06087,4.92,4.92
0.06088,4.92,4.92
0.06089,4.92,4.92
0.0609,4.92,4.92
0.06091,4.92,4.88
0.06092,4.92,4.96
0.06093,4.92,4.92
0.06094,4.92,4.92
0.06095,4.92,4.92
0.06096,4.92,4.92
0.06097,4.92,4.92
0.06098,4.92,4.92
0.06099,4.92,4.92
0.061,4.92,4.92
0.06101,4.92,4.92
0.06102,4.92,4.92
0.06103,4.92,4.92
0.06104,4.92,4.92
0.06105,4.92,4.92
0.06106,4.92,4.92
0.06107,4.92,4.92
0.06108,4.92,4.92
0.06109,4.92,4.92
0.0611,4.88,4.92
0.06111,4.92,4.92
0.06112,4.92,4.92
0.06113,4.92,4.92
0.06114,4.92,4.92
0.06115,4.92,4.92
0.06116,4.92,4.92
0.06117,4.92,4.92
0.06118,4.92,4.92
0.06119,4.92,4.92
0.0612,4.92,4.92
0.06121,4.92,4.92
0.06122,4.92,4.92
0.06123,4.92,4.92
0.06124,4.92,4.92
0.06125,4.92,4.92
0.06126,4.92,4.92
0.06127,4.92,4.92
0.06128,4.92,4.92
0.06129,4.88,4.92
0.0613,4.92,4.92
0.06131,4.92,4.92
0.06132,4.92,4.92
0.06133,4.92,4.92
0.06134,4.92,4.92
0.06135,4.88,4.92
0.06136,4.92,4.92
0.06137,4.92,4.92
0.06138,4.92,4.92
0.06139,4.92,4.92
0.0614,4.92,4.92
0.06141,4.92,4.92
0.06142,4.92,4.92
0.06143,4.92,4.92
0.06144,4.92,4.92
0.06145,4.92,4.92
0.06146,4.88,4.92
0.06147,4.92,4.92
0.06148,4.92,4.92
0.06149,4.92,4.92
0.0615,4.92,4.92
0.06151,4.92,4.92
0.06152,4.92,4.92
0.06153,4.92,4.92
0.06154,4.92,4.92
0.06155,4.92,4.92
0.06156,4.92,4.92
0.06157,4.92,4.92
0.06158,4.92,4.88
0.06159,4.92,4.88
0.0616,4.92,4.92
0.06161,4.92,4.92
0.06162,4.92,4.92
0.06163,4.92,4.92
0.06164,4.92,4.88
0.06165,4.92,4.92
0.06166,4.88,4.92
0.06167,4.92,4.92
0.06168,4.92,4.92
0.06169,4.92,4.88
0.0617,4.92,4.92
0.06171,4.92,4.92
0.06172,4.92,4.92
0.06173,4.92,4.92
0.06174,4.92,4.92
0.06175,4.92,4.92
0.06176,4.92,4.88
0.06177,4.92,4.92
0.06178,4.92,4.92
0.06179,4.92,4.92
0.0618,4.92,4.92
0.06181,4.92,4.92
0.06182,4.92,4.92
0.06183,4.92,4.92
0.06184,4.92,4.88
0.06185,4.92,4.92
0.06186,4.92,4.92
0.06187,4.92,4.92
0.06188,4.92,4.92
0.06189,4.92,4.92
0.0619,4.92,4.92
0.06191,4.92,4.92
0.06192,4.92,4.92
0.06193,4.92,4.92
0.06194,4.92,4.92
0.06195,4.92,4.92
0.06196,4.92,4.92
0.06197,4.92,4.92
0.06198,4.92,4.92
0.06199,4.92,4.92
0.062,4.92,4.92
0.06201,4.92,4.92
0.06202,4.92,4.92
0.06203,4.92,4.92
0.06204,4.92,4.92
0.06205,4.92,4.92
0.06206,4.92,4.92
0.06207,4.92,4.92
0.06208,4.92,4.92
0.06209,4.92,4.92
0.0621,4.92,4.92
0.06211,4.92,4.92
0.06212,4.92,4.92
0.06213,4.92,4.92
0.06214,4.92,4.92
0.06215,4.92,4.92
0.06216,4.92,4.92
0.06217,4.92,4.92
0.06218,4.92,4.92
0.06219,4.92,4.92
0.0622,4.92,4.92
0.06221,4.92,4.92
0.06222,4.92,4.92
0.06223,4.92,4.96
0.06224,4.92,4.92
0.06225,4.92,4.92
0.06226,4.92,4.92
0.06227,4.92,4.92
0.06228,4.92,4.92
0.06229,4.92,4.92
0.0623,4.92,4.92
0.06231,4.92,4.92
0.06232,4.92,4.92
0.06233,4.92,4.96
0.06234,4.92,4.92
0.06235,4.88,4.92
0.06236,4.92,4.92
0.06237,4.92,4.92
0.06238,4.92,4.92
0.06239,4.92,4.92
0.0624,4.92,4.92
0.06241,4.88,4.92
0.06242,4.92,4.92
0.06243,4.92,4.92
0.06244,4.92,4.92
0.06245,4.92,4.92
0.06246,4.92,4.92
0.06247,4.92,4.92
0.06248,4.92,4.92
0.06249,4.92,4.92
0.0625,4.92,4.92
0.06251,4.92,4.92
0.06252,4.92,4.92
0.06253,4.92,4.92
0.06254,4.92,4.92
0.06255,4.92,4.92
0.06256,4.92,4.92
0.06257,4.92,4.92
0.06258,4.92,4.92
0.06259,4.92,4.92
0.0626,4.92,4.92
0.06261,4.92,4.92
0.06262,4.92,4.92
0.06263,4.92,4.92
0.06264,4.92,4.92
0.06265,4.92,4.92
0.06266,4.92,4.92
0.06267,4.92,4.92
0.06268,4.92,4.92
0.06269,4.92,4.92
0.0627,4.92,4.92
0.06271,4.92,4.92
0.06272,4.92,4.92
0.06273,4.92,4.92
0.06274,4.92,4.92
0.06275,4.92,4.92
0.06276,4.92,4.92
0.06277,4.92,4.92
0.06278,4.92,4.92
0.06279,4.92,4.92
0.0628,4.92,4.96
0.06281,4.92,4.92
0.06282,4.92,4.92
0.06283,4.88,4.92
0.06284,4.92,4.92
0.06285,4.92,4.92
0.06286,4.92,4.92
0.06287,4.92,4.92
0.06288,4.92,4.92
0.06289,4.92,4.92
0.0629,4.92,4.96
0.06291,4.92,4.92
0.06292,4.92,4.92
0.06293,4.92,4.92
0.06294,4.92,4.92
0.06295,4.92,4.92
0.06296,4.92,4.92
0.06297,4.92,4.92
0.06298,4.92,4.92
0.06299,4.92,4.96
0.063,4.88,4.92
0.06301,4.92,4.92
0.06302,4.92,4.92
0.06303,4.92,4.92
0.06304,4.92,4.92
0.06305,4.92,4.92
0.06306,4.92,4.92
0.06307,4.92,4.92
0.06308,4.92,4.92
0.06309,4.92,4.92
0.0631,4.88,4.92
0.06311,4.92,4.92
0.06312,4.92,4.92
0.06313,4.92,4.92
0.06314,4.92,4.92
0.06315,4.92,4.92
0.06316,4.92,4.92
0.06317,4.92,4.92
0.06318,4.92,4.92
0.06319,4.92,4.92
0.0632,4.92,4.92
0.06321,4.92,4.92
0.06322,4.88,4.92
0.06323,4.92,4.92
0.06324,4.92,4.92
0.06325,4.92,4.92
0.06326,4.92,4.92
0.06327,4.92,4.92
0.06328,4.92,4.92
0.06329,4.92,4.92
0.0633,4.92,4.92
0.06331,4.88,4.92
0.06332,4.92,4.92
0.06333,4.92,4.92
0.06334,4.92,4.92
0.06335,4.92,4.92
0.06336,4.92,4.92
0.06337,4.92,4.92
0.06338,4.92,4.92
0.06339,4.92,4.92
0.0634,4.92,4.92
0.06341,4.92,4.92
0.06342,4.92,4.92
0.06343,4.92,4.92
0.06344,4.92,4.92
0.06345,4.92,4.92
0.06346,4.92,4.92
0.06347,4.92,4.92
0.06348,4.92,4.92
0.06349,4.92,4.92
0.0635,4.88,4.92
0.06351,4.92,4.92
0.06352,4.92,4.92
0.06353,4.92,4.92
0.06354,4.92,4.92
0.06355,4.92,4.92
0.06356,4.92,4.92
0.06357,4.92,4.92
0.06358,4.92,4.92
0.06359,4.92,4.92
0.0636,4.92,4.92
0.06361,4.92,4.92
0.06362,4.88,4.92
0.06363,4.88,4.92
0.06364,4.92,4.92
0.06365,4.92,4.92
0.06366,4.92,4.92
0.06367,4.92,4.92
0.06368,4.92,4.92
0.06369,4.92,4.92
0.0637,4.92,4.92
0.06371,4.92,4.92
0.06372,4.92,4.92
0.06373,4.92,4.92
0.06374,4.92,4.92
0.06375,4.92,4.92
0.06376,4.92,4.92
0.06377,4.92,4.92
0.06378,4.92,4.92
0.06379,4.92,4.92
0.0638,4.92,4.92
0.06381,4.92,4.92
0.06382,4.92,4.92
0.06383,4.92,4.92
0.06384,4.92,4.92
0.06385,4.92,4.92
0.06386,4.92,4.92
0.06387,4.92,4.92
0.06388,4.92,4.92
0.06389,4.92,4.92
0.0639,4.92,4.96
0.06391,4.92,4.92
0.06392,4.92,4.92
0.06393,4.92,4.92
0.06394,4.92,4.92
0.06395,4.92,4.92
0.06396,4.92,4.92
0.06397,4.92,4.92
0.06398,4.92,4.92
0.06399,4.92,4.92
0.064,4.92,4.92
0.06401,4.92,4.92
0.06402,4.92,4.92
0.06403,4.92,4.92
0.06404,4.92,4.92
0.06405,4.92,4.92
0.06406,4.92,4.92
0.06407,4.92,4.92
0.06408,4.92,4.92
0.06409,4.92,4.92
0.0641,4.92,4.92
0.06411,4.92,4.92
0.06412,4.92,4.92
0.06413,4.92,4.92
0.06414,4.92,4.92
0.06415,4.92,4.92
0.06416,4.92,4.92
0.06417,4.92,4.92
0.06418,4.92,4.92
0.06419,4.92,4.92
0.0642,4.92,4.92
0.06421,4.92,4.92
0.06422,4.92,4.92
0.06423,4.92,4.92
0.06424,4.92,4.92
0.06425,4.92,4.92
0.06426,4.88,4.92
0.06427,4.92,4.92
0.06428,4.92,4.92
0.06429,4.92,4.92
0.0643,4.92,4.92
0.06431,4.92,4.92
0.06432,4.92,4.92
0.06433,4.92,4.92
0.06434,4.92,4.92
0.06435,4.92,4.92
0.06436,4.92,4.92
0.06437,4.92,4.92
0.06438,4.92,4.92
0.06439,4.92,4.92
0.0644,4.92,4.92
0.06441,4.92,4.92
0.06442,4.92,4.92
0.06443,4.92,4.92
0.06444,4.92,4.92
0.06445,4.92,4.92
0.06446,4.92,4.92
0.06447,4.92,4.92
0.06448,4.88,4.92
0.06449,4.92,4.92
0.0645,4.92,4.92
0.06451,4.92,4.92
0.06452,4.92,4.92
0.06453,4.92,4.92
0.06454,4.92,4.92
0.06455,4.92,4.92
0.06456,4.92,4.92
0.06457,4.92,4.92
0.06458,4.92,4.92
0.06459,4.92,4.92
0.0646,4.92,4.92
0.06461,4.92,4.92
0.06462,4.92,4.92
0.06463,4.92,4.92
0.06464,4.92,4.92
0.06465,4.92,4.92
0.06466,4.92,4.92
0.06467,4.92,4.92
0.06468,4.92,4.92
0.06469,4.92,4.92
0.0647,4.92,4.92
0.06471,4.92,4.92
0.06472,4.92,4.92
0.06473,4.92,4.92
0.06474,4.92,4.92
0.06475,4.92,4.92
0.06476,4.88,4.92
0.06477,4.92,4.92
0.06478,4.92,4.92
0.06479,4.92,4.92
0.0648,4.92,4.92
0.06481,4.92,4.92
0.06482,4.92,4.92
0.06483,4.92,4.92
0.06484,4.92,4.92
0.06485,4.92,4.92
0.06486,4.92,4.92
0.06487,4.92,4.92
0.06488,4.92,4.92
0.06489,4.92,4.92
0.0649,4.92,4.92
0.06491,4.92,4.92
0.06492,4.92,4.92
0.06493,4.92,4.92
0.06494,4.88,4.92
0.06495,4.92,4.92
0.06496,4.92,4.92
0.06497,4.92,4.92
0.06498,4.92,4.92
0.06499,4.92,4.92
0.065,4.92,4.92
0.06501,4.92,4.92
0.06502,4.92,4.92
0.06503,4.92,4.92
0.06504,4.92,4.92
0.06505,4.92,4.92
0.06506,4.92,4.92
0.06507,4.92,4.92
0.06508,4.92,4.92
0.06509,4.92,4.92
0.0651,4.92,4.92
0.06511,4.92,4.92
0.06512,4.92,4.92
0.06513,4.92,4.92
0.06514,4.92,4.92
0.06515,4.92,4.92
0.06516,4.92,4.92
0.06517,4.92,4.92
0.06518,4.92,4.92
0.06519,4.92,4.92
0.0652,4.92,4.92
0.06521,4.92,4.92
0.06522,4.92,4.92
0.06523,4.92,4.92
0.06524,4.92,4.92
0.06525,4.92,4.92
0.06526,4.88,4.92
0.06527,4.92,4.92
0.06528,4.92,4.92
0.06529,4.88,4.92
0.0653,4.92,4.92
0.06531,4.92,4.92
0.06532,4.92,4.92
0.06533,4.88,4.92
0.06534,4.92,4.92
0.06535,4.92,4.92
0.06536,4.92,4.92
0.06537,4.88,4.92
0.06538,4.92,4.92
0.06539,4.92,4.92
0.0654,4.92,4.92
0.06541,4.92,4.92
0.06542,4.92,4.92
0.06543,4.92,4.92
0.06544,4.88,4.92
0.06545,4.92,4.92
0.06546,4.92,4.92
0.06547,4.92,4.92
0.06548,4.92,4.92
0.06549,4.92,4.92
0.0655,4.92,4.92
0.06551,4.92,4.92
0.06552,4.92,4.92
0.06553,4.92,4.92
0.06554,4.88,4.92
0.06555,4.92,4.92
0.06556,4.92,4.92
0.06557,4.92,4.92
0.06558,4.92,4.92
0.06559,4.92,4.92
0.0656,4.92,4.92
0.06561,4.92,4.92
0.06562,4.92,4.92
0.06563,4.92,4.92
0.06564,4.92,4.92
0.06565,4.92,4.92
0.06566,4.92,4.92
0.06567,4.92,4.92
0.06568,4.92,4.92
0.06569,4.92,4.92
0.0657,4.92,4.92
0.06571,4.92,4.92
0.06572,4.92,4.92
0.06573,4.92,4.92
0.06574,4.92,4.92
0.06575,4.92,4.96
0.06576,4.92,4.92
0.06577,4.92,4.92
0.06578,4.92,4.92
0.06579,4.92,4.92
0.0658,4.92,4.92
0.06581,4.92,4.92
0.06582,4.92,4.92
0.06583,4.92,4.92
0.06584,4.92,4.92
0.06585,4.92,4.92
0.06586,4.92,4.92
0.06587,4.92,4.92
0.06588,4.92,4.92
0.06589,4.92,4.92
0.0659,4.92,4.92
0.06591,4.92,4.92
0.06592,4.92,4.92
0.06593,4.92,4.92
0.06594,4.92,4.92
0.06595,4.92,4.92
0.06596,4.92,4.92
0.06597,4.92,4.92
0.06598,4.92,4.92
0.06599,4.92,4.92
0.066,4.92,4.92
0.06601,4.92,4.92
0.06602,4.92,4.92
0.06603,4.92,4.92
0.06604,4.92,4.92
0.06605,4.92,4.92
0.06606,4.92,4.92
0.06607,4.92,4.92
0.06608,4.92,4.92
0.06609,4.92,4.92
0.0661,4.92,4.92
0.06611,4.92,4.92
0.06612,4.92,4.92
0.06613,4.92,4.92
0.06614,4.92,4.92
0.06615,4.92,4.92
0.06616,4.92,4.92
0.06617,4.92,4.92
0.06618,4.92,4.92
0.06619,4.92,4.92
0.0662,4.92,4.92
0.06621,4.92,4.92
0.06622,4.92,4.92
0.06623,4.92,4.92
0.06624,4.92,4.92
0.06625,4.92,4.92
0.06626,4.92,4.92
0.06627,4.92,4.92
0.06628,4.92,4.92
0.06629,4.92,4.92
0.0663,4.92,4.92
0.06631,4.92,4.92
0.06632,4.92,4.92
0.06633,4.92,4.92
0.06634,4.92,4.92
0.06635,4.92,4.92
0.06636,4.92,4.92
0.06637,4.92,4.92
0.06638,4.92,4.92
0.06639,4.92,4.92
0.0664,4.92,4.92
0.06641,4.88,4.92
0.06642,4.92,4.92
0.06643,4.92,4.92
0.06644,4.92,4.92
0.06645,4.92,4.92
0.06646,4.92,4.96
0.06647,4.88,4.92
0.06648,4.92,4.92
0.06649,4.92,4.92
0.0665,4.92,4.92
0.06651,4.92,4.92
0.06652,4.92,4.92
0.06653,4.88,4.92
0.06654,4.92,4.92
0.06655,4.92,4.92
0.06656,4.92,4.92
0.06657,4.92,4.92
0.06658,4.92,4.92
0.06659,4.92,4.92
0.0666,4.92,4.92
0.06661,4.92,4.92
0.06662,4.88,4.96
0.06663,4.92,4.92
0.06664,4.92,4.92
0.06665,4.92,4.92
0.06666,4.92,4.92
0.06667,4.92,4.92
0.06668,4.92,4.92
0.06669,4.92,4.92
0.0667,4.92,4.88
0.06671,4.92,4.92
0.06672,4.92,4.92
0.06673,4.92,4.92
0.06674,4.92,4.92
0.06675,4.92,4.92
0.06676,4.92,4.92
0.06677,4.92,4.92
0.06678,4.92,4.92
0.06679,4.92,4.92
0.0668,4.92,4.92
0.06681,4.92,4.92
0.06682,4.92,4.92
0.06683,4.92,4.92
0.06684,4.92,4.92
0.06685,4.92,4.92
0.06686,4.92,4.92
0.06687,4.92,4.92
0.06688,4.92,4.92
0.06689,4.92,4.92
0.0669,4.92,4.92
0.06691,4.92,4.92
0.06692,4.92,4.92
0.06693,4.92,4.92
0.06694,4.92,4.92
0.06695,4.92,4.92
0.06696,4.92,4.92
0.06697,4.92,4.92
0.06698,4.92,4.92
0.06699,4.92,4.92
0.067,4.92,4.92
0.06701,4.92,4.92
0.06702,4.92,4.92
0.06703,4.92,4.92
0.06704,4.92,4.92
0.06705,4.92,4.92
0.06706,4.92,4.92
0.06707,4.92,4.92
0.06708,4.92,4.92
0.06709,4.92,4.88
0.0671,4.88,4.92
0.06711,4.92,4.92
0.06712,4.92,4.92
0.06713,4.92,4.92
0.06714,4.92,4.92
0.06715,4.92,4.92
0.06716,4.92,4.92
0.06717,4.92,4.92
0.06718,4.92,4.92
0.06719,4.92,4.92
0.0672,4.92,4.92
0.06721,4.92,4.92
0.06722,4.92,4.92
0.06723,4.92,4.88
0.06724,4.92,4.88
0.06725,4.92,4.92
0.06726,4.92,4.92
0.06727,4.92,4.88
0.06728,4.92,4.92
0.06729,4.92,4.92
0.0673,4.92,4.92
0.06731,4.92,4.96
0.06732,4.92,4.92
0.06733,4.92,4.92
0.06734,4.92,4.92
0.06735,4.92,4.92
0.06736,4.92,4.92
0.06737,4.92,4.92
0.06738,4.92,4.96
0.06739,4.92,4.92
0.0674,4.92,4.92
0.06741,4.92,4.92
0.06742,4.92,4.92
0.06743,4.92,4.92
0.06744,4.92,4.92
0.06745,4.92,4.92
0.06746,4.92,4.92
0.06747,4.92,4.92
0.06748,4.88,4.92
0.06749,4.92,4.92
0.0675,4.92,4.92
0.06751,4.92,4.92
0.06752,4.92,4.92
0.06753,4.92,4.92
0.06754,4.92,4.92
0.06755,4.92,4.92
0.06756,4.92,4.92
0.06757,4.92,4.92
0.06758,4.92,4.92
0.06759,4.92,4.96
0.0676,4.92,4.92
0.06761,4.92,4.92
0.06762,4.92,4.92
0.06763,4.92,4.92
0.06764,4.92,4.96
0.06765,4.88,4.92
0.06766,4.92,4.92
0.06767,4.92,4.92
0.06768,4.92,4.92
0.06769,4.92,4.92
0.0677,4.92,4.92
0.06771,4.92,4.92
0.06772,4.92,4.92
0.06773,4.92,4.92
0.06774,4.92,4.92
0.06775,4.92,4.92
0.06776,4.92,4.92
0.06777,4.92,4.92
0.06778,4.92,4.92
0.06779,4.92,4.92
0.0678,4.92,4.92
0.06781,4.92,4.92
0.06782,4.92,4.92
0.06783,4.92,4.92
0.06784,4.92,4.92
0.06785,4.92,4.92
0.06786,4.92,4.92
0.06787,4.92,4.92
0.06788,4.92,4.92
0.06789,4.92,4.92
0.0679,4.92,4.92
0.06791,4.92,4.92
0.06792,4.92,4.92
0.06793,4.92,4.92
0.06794,4.92,4.92
0.06795,4.92,4.92
0.06796,4.92,4.92
0.06797,4.92,4.92
0.06798,4.92,4.92
0.06799,4.92,4.92
0.068,4.92,4.92
0.06801,4.92,4.92
0.06802,4.92,4.92
0.06803,4.92,4.92
0.06804,4.92,4.92
0.06805,4.92,4.92
0.06806,4.92,4.92
0.06807,4.92,4.92
0.06808,4.88,4.92
0.06809,4.92,4.92
0.0681,4.92,4.92
0.06811,4.92,4.92
0.06812,4.92,4.92
0.06813,4.92,4.92
0.06814,4.92,4.92
0.06815,4.92,4.92
0.06816,4.92,4.92
0.06817,4.92,4.92
0.06818,4.88,4.92
0.06819,4.92,4.92
0.0682,4.92,4.92
0.06821,4.92,4.92
0.06822,4.92,4.92
0.06823,4.92,4.92
0.06824,4.92,4.92
0.06825,4.92,4.92
0.06826,4.92,4.92
0.06827,4.92,4.92
0.06828,4.92,4.92
0.06829,4.92,4.92
0.0683,4.92,4.92
0.06831,4.92,4.92
0.06832,4.88,4.92
0.06833,4.92,4.92
0.06834,4.92,4.92
0.06835,4.92,4.92
0.06836,4.92,4.92
0.06837,4.92,4.92
0.06838,4.92,4.92
0.06839,4.92,4.92
0.0684,4.92,4.92
0.06841,4.92,4.92
0.06842,4.88,4.92
0.06843,4.92,4.92
0.06844,4.88,4.92
0.06845,4.92,4.92
0.06846,4.88,4.92
0.06847,4.92,4.92
0.06848,4.92,4.92
0.06849,4.92,4.92
0.0685,4.92,4.92
0.06851,4.92,4.92
0.06852,4.92,4.92
0.06853,4.92,4.92
0.06854,4.88,4.92
0.06855,4.92,4.92
0.06856,4.92,4.92
0.06857,4.92,4.92
0.06858,4.92,4.92
0.06859,4.92,4.92
0.0686,4.92,4.92
0.06861,4.92,4.92
0.06862,4.92,4.96
0.06863,4.92,4.92
0.06864,4.92,4.92
0.06865,4.92,4.92
0.06866,4.92,4.92
0.06867,4.92,4.92
0.06868,4.92,4.92
0.06869,4.92,4.92
0.0687,4.92,4.92
0.06871,4.92,4.92
0.06872,4.92,4.92
0.06873,4.92,4.92
0.06874,4.92,4.92
0.06875,4.92,4.92
0.06876,4.92,4.92
0.06877,4.92,4.92
0.06878,4.92,4.92
0.06879,4.92,4.92
0.0688,4.92,4.92
0.06881,4.92,4.92
0.06882,4.92,4.92
0.06883,4.92,4.92
0.06884,4.92,4.92
0.06885,4.92,4.88
0.06886,4.92,4.88
0.06887,4.92,4.92
0.06888,4.92,4.92
0.06889,4.92,4.92
0.0689,4.92,4.92
0.06891,4.92,4.92
0.06892,4.92,4.92
0.06893,4.92,4.92
0.06894,4.92,4.92
0.06895,4.92,4.92
0.06896,4.88,4.92
0.06897,4.92,4.92
0.06898,4.92,4.92
0.06899,4.92,4.92
0.069,4.92,4.92
0.06901,4.92,4.92
0.06902,4.92,4.92
0.06903,4.92,4.92
0.06904,4.92,4.92
0.06905,4.92,4.92
0.06906,4.92,4.92
0.06907,4.92,4.92
0.06908,4.92,4.92
0.06909,4.92,4.92
0.0691,4.92,4.92
0.06911,4.92,4.92
0.06912,4.92,4.92
0.06913,4.92,4.92
0.06914,4.92,4.92
0.06915,4.92,4.92
0.06916,4.92,4.92
0.06917,4.92,4.92
0.06918,4.92,4.92
0.06919,4.92,4.92
0.0692,4.92,4.92
0.06921,4.92,4.92
0.06922,4.92,4.92
0.06923,4.92,4.92
0.06924,4.92,4.92
0.06925,4.92,4.92
0.06926,4.92,4.92
0.06927,4.92,4.92
0.06928,4.92,4.92
0.06929,4.88,4.92
0.0693,4.92,4.92
0.06931,4.92,4.92
0.06932,4.88,4.92
0.06933,4.92,4.92
0.06934,4.88,4.92
0.06935,4.92,4.92
0.06936,4.92,4.92
0.06937,4.92,4.92
0.06938,4.92,4.92
0.06939,4.92,4.92
0.0694,4.92,4.92
0.06941,4.88,4.92
0.06942,4.92,4.92
0.06943,4.92,4.92
0.06944,4.92,4.92
0.06945,4.92,4.92
0.06946,4.92,4.92
0.06947,4.92,4.92
0.06948,4.92,4.96
0.06949,4.92,4.92
0.0695,4.92,4.92
0.06951,4.92,4.92
0.06952,4.92,4.92
0.06953,4.92,4.92
0.06954,4.92,4.92
0.06955,4.92,4.92
0.06956,4.92,4.92
0.06957,4.92,4.92
0.06958,4.92,4.92
0.06959,4.92,4.92
0.0696,4.92,4.92
0.06961,4.92,4.92
0.06962,4.92,4.92
0.06963,4.92,4.92
0.06964,4.92,4.92
0.06965,4.92,4.92
0.06966,4.92,4.92
0.06967,4.92,4.92
0.06968,4.92,4.92
0.06969,4.92,4.92
0.0697,4.92,4.92
0.06971,4.92,4.92
0.06972,4.92,4.92
0.06973,4.92,4.92
0.06974,4.92,4.92
0.06975,4.92,4.92
0.06976,4.92,4.92
0.06977,4.92,4.92
0.06978,4.92,4.92
0.06979,4.92,4.92
0.0698,4.92,4.92
0.06981,4.92,4.92
0.06982,4.92,4.92
0.06983,4.92,4.92
0.06984,4.92,4.92
0.06985,4.92,4.92
0.06986,4.92,4.92
0.06987,4.92,4.92
0.06988,4.92,4.92
0.06989,4.92,4.92
0.0699,4.92,4.92
0.06991,4.92,4.92
0.06992,4.92,4.92
0.06993,4.92,4.92
0.06994,4.92,4.92
0.06995,4.92,4.92
0.06996,4.92,4.92
0.06997,4.92,4.92
0.06998,4.92,4.88
0.06999,4.92,4.92
0.07,4.92,4.92
0.07001,4.92,4.92
0.07002,4.92,4.92
0.07003,4.92,4.92
0.07004,4.92,4.92
0.07005,4.92,4.92
0.07006,4.92,4.92
0.07007,4.92,4.92
0.07008,4.92,4.92
0.07009,4.92,4.92
0.0701,4.92,4.92
0.07011,4.92,4.92
0.07012,4.92,4.92
0.07013,4.92,4.92
0.07014,4.92,4.92
0.07015,4.92,4.92
0.07016,4.92,4.92
0.07017,4.92,4.92
0.07018,4.92,4.92
0.07019,4.92,4.92
0.0702,4.92,4.92
0.07021,4.92,4.92
0.07022,4.92,4.92
0.07023,4.92,4.92
0.07024,4.92,4.92
0.07025,4.92,4.92
0.07026,4.92,4.92
0.07027,4.92,4.92
0.07028,4.92,4.92
0.07029,4.92,4.92
0.0703,4.92,4.92
0.07031,4.92,4.92
0.07032,4.92,4.92
0.07033,4.92,4.92
0.07034,4.92,4.92
0.07035,4.92,4.92
0.07036,4.92,4.92
0.07037,4.92,4.92
0.07038,4.92,4.92
0.07039,4.96,4.92
0.0704,4.88,4.92
0.07041,4.92,4.92
0.07042,4.92,4.92
0.07043,4.92,4.92
0.07044,4.92,4.92
0.07045,4.92,4.92
0.07046,4.92,4.92
0.07047,4.92,4.92
0.07048,4.92,4.92
0.07049,4.92,4.92
0.0705,4.92,4.92
0.07051,4.88,4.92
0.07052,4.92,4.92
0.07053,4.92,4.92
0.07054,4.92,4.92
0.07055,4.92,4.92
0.07056,4.92,4.92
0.07057,4.92,4.92
0.07058,4.92,4.92
0.07059,4.92,4.92
0.0706,4.92,4.92
0.07061,4.92,4.92
0.07062,4.92,4.92
0.07063,4.92,4.92
0.07064,4.92,4.92
0.07065,4.92,4.92
0.07066,4.92,4.92
0.07067,4.92,4.92
0.07068,4.92,4.92
0.07069,4.92,4.92
0.0707,4.92,4.92
0.07071,4.92,4.92
0.07072,4.92,4.92
0.07073,4.92,4.92
0.07074,4.92,4.92
0.07075,4.92,4.92
0.07076,4.92,4.92
0.07077,4.92,4.92
0.07078,4.92,4.92
0.07079,4.92,4.92
0.0708,4.92,4.92
0.07081,4.92,4.92
0.07082,4.92,4.92
0.07083,4.92,4.92
0.07084,4.92,4.92
0.07085,4.92,4.92
0.07086,4.92,4.92
0.07087,4.92,4.92
0.07088,4.92,4.92
0.07089,4.92,4.92
0.0709,4.92,4.92
0.07091,4.92,4.92
0.07092,4.92,4.92
0.07093,4.92,4.92
0.07094,4.92,4.92
0.07095,4.92,4.92
0.07096,4.92,4.92
0.07097,4.92,4.92
0.07098,4.92,4.92
0.07099,4.92,4.92
0.071,4.92,4.92
0.07101,4.92,4.92
0.07102,4.92,4.92
0.07103,4.92,4.92
0.07104,4.92,4.92
0.07105,4.92,4.92
0.07106,4.92,4.92
0.07107,4.88,4.92
0.07108,4.92,4.92
0.07109,4.92,4.92
0.0711,4.92,4.92
0.07111,4.92,4.92
0.07112,4.92,4.92
0.07113,4.92,4.92
0.07114,4.92,4.92
0.07115,4.92,4.92
0.07116,4.92,4.92
0.07117,4.92,4.92
0.07118,4.92,4.92
0.07119,4.92,4.92
0.0712,4.92,4.92
0.07121,4.92,4.92
0.07122,4.92,4.92
0.07123,4.92,4.92
0.07124,4.88,4.92
0.07125,4.92,4.92
0.07126,4.92,4.92
0.07127,4.92,4.92
0.07128,4.92,4.92
0.07129,4.92,4.92
0.0713,4.92,4.92
0.07131,4.92,4.92
0.07132,4.92,4.92
0.07133,4.92,4.92
0.07134,4.92,4.92
0.07135,4.92,4.92
0.07136,4.92,4.92
0.07137,4.92,4.92
0.07138,4.92,4.92
0.07139,4.92,4.92
0.0714,4.92,4.92
0.07141,4.92,4.92
0.07142,4.92,4.92
0.07143,4.92,4.92
0.07144,4.92,4.92
0.07145,4.92,4.92
0.07146,4.92,4.92
0.07147,4.92,4.92
0.07148,4.92,4.92
0.07149,4.92,4.92
0.0715,4.92,4.92
0.07151,4.92,4.92
0.07152,4.92,4.92
0.07153,4.92,4.92
0.07154,4.92,4.92
0.07155,4.92,4.92
0.07156,4.92,4.92
0.07157,4.92,4.92
0.07158,4.92,4.92
0.07159,4.92,4.92
0.0716,4.92,4.92
0.07161,4.92,4.92
0.07162,4.92,4.92
0.07163,4.92,4.92
0.07164,4.92,4.92
0.07165,4.92,4.92
0.07166,4.92,4.92
0.07167,4.92,4.92
0.07168,4.92,4.92
0.07169,4.92,4.92
0.0717,4.92,4.92
0.07171,4.92,4.92
0.07172,4.92,4.92
0.07173,4.92,4.92
0.07174,4.92,4.92
0.07175,4.92,4.92
0.07176,4.92,4.92
0.07177,4.92,4.92
0.07178,4.92,4.92
0.07179,4.92,4.92
0.0718,4.92,4.92
0.07181,4.92,4.92
0.07182,4.92,4.92
0.07183,4.92,4.92
0.07184,4.92,4.92
0.07185,4.92,4.92
0.07186,4.92,4.92
0.07187,4.92,4.92
0.07188,4.92,4.92
0.07189,4.88,4.92
0.0719,4.92,4.92
0.07191,4.92,4.92
0.07192,4.88,4.92
0.07193,4.92,4.92
0.07194,4.92,4.92
0.07195,4.92,4.92
0.07196,4.92,4.92
0.07197,4.92,4.92
0.07198,4.92,4.92
0.07199,4.92,4.92
0.072,4.92,4.92
0.07201,4.92,4.92
0.07202,4.92,4.92
0.07203,4.92,4.92
0.07204,4.92,4.92
0.07205,4.92,4.92
0.07206,4.92,4.92
0.07207,4.92,4.92
0.07208,4.92,4.92
0.07209,4.92,4.92
0.0721,4.92,4.92
0.07211,4.92,4.92
0.07212,4.92,4.92
0.07213,4.92,4.92
0.07214,4.92,4.92
0.07215,4.92,4.92
0.07216,4.92,4.92
0.07217,4.92,4.92
0.07218,4.92,4.92
0.07219,4.92,4.92
0.0722,4.92,4.92
0.07221,4.92,4.92
0.07222,4.92,4.92
0.07223,4.92,4.92
0.07224,4.92,4.92
0.07225,4.92,4.92
0.07226,4.92,4.92
0.07227,4.92,4.92
0.07228,4.92,4.92
0.07229,4.88,4.88
0.0723,4.92,4.92
0.07231,4.92,4.92
0.07232,4.92,4.92
0.07233,4.92,4.92
0.07234,4.92,4.92
0.07235,4.92,4.92
0.07236,4.92,4.92
0.07237,4.92,4.92
0.07238,4.92,4.96
0.07239,4.92,4.92
0.0724,4.92,4.92
0.07241,4.92,4.92
0.07242,4.92,4.92
0.07243,4.92,4.92
0.07244,4.92,4.92
0.07245,4.92,4.92
0.07246,4.92,4.92
0.07247,4.92,4.92
0.07248,4.92,4.92
0.07249,4.92,4.92
0.0725,4.92,4.92
0.07251,4.92,4.92
0.07252,4.92,4.92
0.07253,4.92,4.92
0.07254,4.92,4.92
0.07255,4.92,4.92
0.07256,4.92,4.92
0.07257,4.92,4.92
0.07258,4.92,4.92
0.07259,4.88,4.92
0.0726,4.92,4.92
0.07261,4.92,4.92
0.07262,4.92,4.92
0.07263,4.92,4.92
0.07264,4.88,4.92
0.07265,4.92,4.92
0.07266,4.92,4.92
0.07267,4.92,4.92
0.07268,4.92,4.92
0.07269,4.92,4.92
0.0727,4.92,4.92
0.07271,4.92,4.92
0.07272,4.92,4.92
0.07273,4.92,4.92
0.07274,4.92,4.88
0.07275,4.92,4.92
0.07276,4.92,4.92
0.07277,4.92,4.92
0.07278,4.92,4.92
0.07279,4.92,4.92
0.0728,4.92,4.92
0.07281,4.92,4.92
0.07282,4.92,4.92
0.07283,4.92,4.92
0.07284,4.92,4.92
0.07285,4.92,4.92
0.07286,4.92,4.92
0.07287,4.92,4.92
0.07288,4.92,4.92
0.07289,4.92,4.92
0.0729,4.92,4.92
0.07291,4.92,4.92
0.07292,4.92,4.92
0.07293,4.92,4.92
0.07294,4.92,4.92
0.07295,4.92,4.92
0.07296,4.92,4.92
0.07297,4.92,4.92
0.07298,4.92,4.92
0.07299,4.92,4.92
0.073,4.92,4.92
0.07301,4.92,4.92
0.07302,4.92,4.92
0.07303,4.92,4.92
0.07304,4.92,4.88
0.07305,4.92,4.92
0.07306,4.92,4.92
0.07307,4.92,4.92
0.07308,4.92,4.92
0.07309,4.92,4.92
0.0731,4.92,4.92
0.07311,4.92,4.92
0.07312,4.92,4.92
0.07313,4.92,4.92
0.07314,4.88,4.92
0.07315,4.92,4.92
0.07316,4.92,4.92
0.07317,4.92,4.92
0.07318,4.92,4.92
0.07319,4.88,4.92
0.0732,4.92,4.92
0.07321,4.92,4.92
0.07322,4.92,4.92
0.07323,4.92,4.92
0.07324,4.88,4.92
0.07325,4.92,4.92
0.07326,4.92,4.92
0.07327,4.92,4.92
0.07328,4.92,4.92
0.07329,4.92,4.92
0.0733,4.92,4.92
0.07331,4.92,4.92
0.07332,4.92,4.92
0.07333,4.92,4.92
0.07334,4.92,4.92
0.07335,4.92,4.92
0.07336,4.92,4.92
0.07337,4.92,4.92
0.07338,4.92,4.92
0.07339,4.92,4.92
0.0734,4.92,4.92
0.07341,4.92,4.92
0.07342,4.92,4.92
0.07343,4.92,4.92
0.07344,4.92,4.92
0.07345,4.92,4.92
0.07346,4.92,4.88
0.07347,4.92,4.92
0.07348,4.92,4.92
0.07349,4.92,4.92
0.0735,4.92,4.92
0.07351,4.92,4.92
0.07352,4.92,4.92
0.07353,4.92,4.92
0.07354,4.92,4.92
0.07355,4.92,4.92
0.07356,4.92,4.92
0.07357,4.92,4.92
0.07358,4.92,4.92
0.07359,4.92,4.92
0.0736,4.92,4.92
0.07361,4.92,4.92
0.07362,4.88,4.92
0.07363,4.92,4.92
0.07364,4.92,4.92
0.07365,4.92,4.92
0.07366,4.92,4.92
0.07367,4.92,4.92
0.07368,4.92,4.92
0.07369,4.92,4.88
0.0737,4.92,4.92
0.07371,4.92,4.92
0.07372,4.92,4.92
0.07373,4.92,4.92
0.07374,4.92,4.92
0.07375,4.92,4.92
0.07376,4.92,4.92
0.07377,4.92,4.92
0.07378,4.92,4.88
0.07379,4.92,4.92
