0.0246,4.92,0.728
0.02461,4.96,0.728
0.02462,4.92,0.728
0.02463,4.96,0.728
0.02464,4.96,0.728
0.02465,4.92,0.728
0.02466,4.96,0.728
0.02467,4.96,0.728
0.02468,4.92,0.728
0.02469,4.96,0.728
0.0247,4.96,0.728
0.02471,4.96,0.728
0.02472,4.96,0.728
0.02473,4.92,0.728
0.02474,4.96,0.728
0.02475,4.96,0.728
0.02476,4.96,0.728
0.02477,4.92,0.728
0.02478,4.92,0.728
0.02479,4.96,0.728
0.0248,4.96,0.728
0.02481,4.96,0.728
0.02482,4.92,0.728
0.02483,4.96,0.728
0.02484,4.96,0.728
0.02485,4.92,0.728
0.02486,4.96,0.728
0.02487,4.96,0.728
0.02488,4.96,0.728
0.02489,4.96,0.728
0.0249,4.92,0.728
0.02491,4.96,0.728
0.02492,4.92,0.728
0.02493,4.92,0.728
0.02494,4.96,0.728
0.02495,4.96,0.728
0.02496,4.96,0.728
0.02497,4.96,0.728
0.02498,4.96,0.728
0.02499,4.96,0.728
0.025,0.04,0.728
0.02501,0.04,0.728
0.02502,0,0.728
0.02503,0,0.728
0.02504,0.04,0.728
0.02505,0,0.728
0.02506,0,0.728
0.02507,0.04,0.728
0.02508,0.04,0.728
0.02509,0.04,0.728
0.0251,0.04,0.728
0.02511,0,0.728
0.02512,0.04,0.728
0.02513,0.04,0.728
0.02514,0.04,0.728
0.02515,0.04,0.728
0.02516,0.04,0.728
0.02517,0.04,0.728
0.02518,0.04,0.728
0.02519,0.04,0.728
0.0252,0.04,0.728
0.02521,0.04,0.728
0.02522,0.04,0.728
0.02523,0.04,0.728
0.02524,0.04,0.728
0.02525,0.04,0.728
0.02526,0.04,0.728
0.02527,0.04,0.728
0.02528,0.04,0.728
0.02529,0.04,0.728
0.0253,0.04,0.728
0.02531,0.08,0.728
0.02532,0.04,0.728
0.02533,0.04,0.728
0.02534,0.08,0.728
0.02535,0.04,0.728
0.02536,0.08,0.728
0.02537,0.04,0.728
0.02538,0.04,0.728
0.02539,0.04,0.728
0.0254,0.04,0.728
0.02541,0.08,0.728
0.02542,0.08,0.728
0.02543,0.08,0.728
0.02544,0.04,0.728
0.02545,0.08,0.728
0.02546,0.04,0.728
0.02547,0.08,0.728
0.02548,0.08,0.728
0.02549,0.08,0.728
0.0255,0.08,0.728
0.02551,0.08,0.728
0.02552,0.08,0.728
0.02553,0.08,0.728
0.02554,0.08,0.728
0.02555,0.08,0.728
0.02556,0.08,0.728
0.02557,0.08,0.728
0.02558,0.08,0.728
0.02559,0.08,0.728
0.0256,0.08,0.728
0.02561,0.08,0.728
0.02562,0.08,0.728
0.02563,0.04,0.728
0.02564,0.08,0.728
0.02565,0.08,0.728
0.02566,0.08,0.728
0.02567,0.04,0.728
0.02568,0.08,0.728
0.02569,0.08,0.728
0.0257,0.08,0.728
0.02571,0.08,0.728
0.02572,0.08,0.728
0.02573,0.12,0.728
0.02574,0.08,0.728
0.02575,0.08,0.728
0.02576,0.08,0.728
0.02577,0.08,0.728
0.02578,0.08,0.728
0.02579,0.08,0.728
0.0258,0.08,0.728
0.02581,0.08,0.728
0.02582,0.08,0.728
0.02583,0.08,0.728
0.02584,0.08,0.728
0.02585,0.08,0.728
0.02586,0.08,0.728
0.02587,0.08,0.728
0.02588,0.08,0.728
0.02589,0.08,0.728
0.0259,0.08,0.728
0.02591,0.08,0.728
0.02592,0.08,0.728
0.02593,0.08,0.728
0.02594,0.08,0.728
0.02595,0.08,0.728
0.02596,0.08,0.728
0.02597,0.08,0.728
0.02598,0.08,0.728
0.02599,0.08,0.728
0.026,0.08,0.728
0.02601,0.08,0.728
0.02602,0.08,0.728
0.02603,0.08,0.728
0.02604,0.08,0.728
0.02605,0.12,0.728
0.02606,0.08,0.728
0.02607,0.08,0.728
0.02608,0.08,0.728
0.02609,0.08,0.728
0.0261,0.08,0.728
0.02611,0.08,0.728
0.02612,0.08,0.728
0.02613,0.08,0.728
0.02614,0.08,0.728
0.02615,0.08,0.728
0.02616,0.08,0.728
0.02617,0.08,0.728
0.02618,0.08,0.728
0.02619,0.08,0.728
0.0262,0.08,0.728
0.02621,0.08,0.728
0.02622,0.08,0.728
0.02623,0.08,0.728
0.02624,0.08,0.728
0.02625,0.08,0.728
0.02626,0.08,0.728
0.02627,0.08,0.728
0.02628,0.08,0.728
0.02629,0.08,0.728
0.0263,0.08,0.728
0.02631,0.08,0.728
0.02632,0.08,0.728
0.02633,0.08,0.728
0.02634,0.08,0.728
0.02635,0.08,0.728
0.02636,0.08,0.728
0.02637,0.08,0.728
0.02638,0.08,0.728
0.02639,0.08,0.728
0.0264,0.08,0.728
0.02641,0.08,0.728
0.02642,0.08,0.728
0.02643,0.08,0.728
0.02644,0.08,0.728
0.02645,0.08,0.728
0.02646,0.08,0.728
0.02647,0.08,0.728
0.02648,0.08,0.728
0.02649,0.08,0.728
0.0265,0.08,0.728
0.02651,0.08,0.728
0.02652,0.08,0.728
0.02653,0.08,0.728
0.02654,0.08,0.728
0.02655,0.08,0.728
0.02656,0.08,0.728
0.02657,0.08,0.728
0.02658,0.08,0.728
0.02659,0.08,0.728
0.0266,0.08,0.728
0.02661,0.08,0.728
0.02662,0.08,0.728
0.02663,0.08,0.728
0.02664,0.08,0.728
0.02665,0.08,0.728
0.02666,0.08,0.728
0.02667,0.08,0.728
0.02668,0.08,0.728
0.02669,0.08,0.728
0.0267,0.08,0.728
0.02671,0.08,0.728
0.02672,0.04,0.728
0.02673,0.04,0.728
0.02674,0.08,0.728
0.02675,0.08,0.728
0.02676,0.08,0.728
0.02677,0.04,0.728
0.02678,0.04,0.728
0.02679,0.08,0.728
0.0268,0.08,0.728
0.02681,0.08,0.728
0.02682,0.08,0.728
0.02683,0.08,0.728
0.02684,0.08,0.728
0.02685,0.08,0.728
0.02686,0.04,0.728
0.02687,0.04,0.728
0.02688,0.08,0.728
0.02689,0.08,0.728
0.0269,0.08,0.728
0.02691,0.08,0.728
0.02692,0.04,0.728
0.02693,0.08,0.728
0.02694,0.08,0.728
0.02695,0.04,0.728
0.02696,0.08,0.728
0.02697,0.08,0.728
0.02698,0.08,0.728
0.02699,0.08,0.728
0.027,0.08,0.728
0.02701,0.08,0.728
0.02702,0.08,0.728
0.02703,0.08,0.728
0.02704,0.04,0.728
0.02705,0.04,0.728
0.02706,0.08,0.728
0.02707,0.04,0.728
0.02708,0.04,0.728
0.02709,0.04,0.728
0.0271,0.04,0.728
0.02711,0.04,0.728
0.02712,0.04,0.728
0.02713,0.04,0.728
0.02714,0.04,0.728
0.02715,0.04,0.728
0.02716,0.04,0.728
0.02717,0.04,0.728
0.02718,0.04,0.728
0.02719,0.04,0.728
0.0272,0.08,0.728
0.02721,0.04,0.728
0.02722,0.04,0.728
0.02723,0.04,0.728
0.02724,0.04,0.728
0.02725,0.04,0.728
0.02726,0.04,0.728
0.02727,0.04,0.728
0.02728,0.04,0.728
0.02729,0.04,0.728
0.0273,0.04,0.728
0.02731,0.04,0.728
0.02732,0.04,0.728
0.02733,0.04,0.728
0.02734,0.04,0.728
0.02735,0.04,0.728
0.02736,0.04,0.728
0.02737,0.04,0.728
0.02738,0.04,0.728
0.02739,0.04,0.728
0.0274,0.04,0.728
0.02741,0.04,0.728
0.02742,0.04,0.728
0.02743,0.04,0.728
0.02744,0.04,0.728
0.02745,0.04,0.728
0.02746,0.04,0.728
0.02747,0.04,0.728
0.02748,0.04,0.728
0.02749,0.04,0.728
0.0275,0.04,0.728
0.02751,0.04,0.728
0.02752,0.04,0.728
0.02753,0.04,0.728
0.02754,0.04,0.728
0.02755,0.04,0.728
0.02756,0.04,0.728
0.02757,0.04,0.728
0.02758,0.04,0.728
0.02759,0.04,0.728
0.0276,0.04,0.728
0.02761,0.04,0.728
0.02762,0.04,0.728
0.02763,0.04,0.728
0.02764,0.04,0.728
0.02765,0,0.728
0.02766,0.04,0.728
0.02767,0.04,0.728
0.02768,0.04,0.728
0.02769,0,0.728
0.0277,0.04,0.728
0.02771,0.04,0.728
0.02772,0.04,0.728
0.02773,0.04,0.728
0.02774,0.04,0.728
0.02775,0.04,0.728
0.02776,0.04,0.728
0.02777,0.04,0.728
0.02778,0.04,0.728
0.02779,0.04,0.728
0.0278,0.04,0.728
0.02781,0.04,0.728
0.02782,0.04,0.728
0.02783,0.04,0.728
0.02784,0.04,0.728
0.02785,0,0.728
0.02786,0.04,0.728
0.02787,0.04,0.728
0.02788,0.04,0.728
0.02789,0,0.728
0.0279,0,0.728
0.02791,0,0.728
0.02792,0,0.728
0.02793,0.04,0.728
0.02794,0.04,0.728
0.02795,0.04,0.728
0.02796,0,0.728
0.02797,0,0.728
0.02798,0,0.728
0.02799,0,0.728
0.028,0.04,0.728
0.02801,0.04,0.728
0.02802,0,0.728
0.02803,0,0.724
0.02804,0.04,0.716
0.02805,0.04,0.708
0.02806,0,0.696
0.02807,0,0.696
0.02808,0,0.688
0.02809,0.04,0.68
0.0281,0.04,0.672
0.02811,0,0.668
0.02812,0,0.668
0.02813,0.04,0.656
0.02814,0.04,0.648
0.02815,0,0.644
0.02816,0,0.64
0.02817,0,0.632
0.02818,0,0.624
0.02819,0,0.62
0.0282,0,0.616
0.02821,0,0.608
0.02822,0,0.6
0.02823,0,0.596
0.02824,0,0.592
0.02825,0,0.584
0.02826,0,0.576
0.02827,0,0.576
0.02828,0,0.568
0.02829,0,0.564
0.0283,0,0.556
0.02831,0,0.548
0.02832,0,0.544
0.02833,0,0.54
0.02834,0,0.536
0.02835,0,0.528
0.02836,0,0.524
0.02837,0,0.52
0.02838,0,0.512
0.02839,0.04,0.508
0.0284,0,0.504
0.02841,0,0.5
0.02842,0,0.496
0.02843,0,0.488
0.02844,0,0.484
0.02845,0,0.48
0.02846,0,0.476
0.02847,0,0.464
0.02848,0,0.464
0.02849,0,0.46
0.0285,0,0.456
0.02851,0,0.448
0.02852,0,0.44
0.02853,0,0.44
0.02854,0,0.436
0.02855,0,0.432
0.02856,0,0.428
0.02857,0,0.424
0.02858,0,0.42
0.02859,0,0.412
0.0286,0,0.408
0.02861,0,0.4
0.02862,0,0.4
0.02863,0,0.396
0.02864,0,0.392
0.02865,0,0.388
0.02866,0,0.384
0.02867,0,0.38
0.02868,0,0.376
0.02869,0,0.372
0.0287,0,0.372
0.02871,0,0.368
0.02872,0,0.36
0.02873,0,0.356
0.02874,0,0.356
0.02875,0,0.348
0.02876,0,0.348
0.02877,0,0.34
0.02878,0,0.34
0.02879,0,0.34
0.0288,0,0.328
0.02881,0,0.328
0.02882,0,0.324
0.02883,0,0.324
0.02884,0,0.316
0.02885,0,0.312
0.02886,0,0.308
0.02887,0,0.308
0.02888,0,0.304
0.02889,0,0.3
0.0289,0,0.296
0.02891,0,0.292
0.02892,0,0.292
0.02893,0,0.284
0.02894,0,0.284
0.02895,0,0.28
0.02896,0,0.276
0.02897,0,0.272
0.02898,0,0.272
0.02899,0,0.268
0.029,0,0.264
0.02901,0,0.26
0.02902,0,0.256
0.02903,0,0.26
0.02904,0,0.256
0.02905,-0.04,0.252
0.02906,0,0.248
0.02907,0,0.244
0.02908,0,0.244
0.02909,0,0.24
0.0291,0,0.24
0.02911,0,0.236
0.02912,0,0.232
0.02913,0,0.228
0.02914,0,0.228
0.02915,0,0.224
0.02916,0,0.224
0.02917,0,0.216
0.02918,0,0.216
0.02919,0,0.216
0.0292,0,0.212
0.02921,0,0.208
0.02922,0,0.204
0.02923,0,0.204
0.02924,0,0.2
0.02925,0,0.2
0.02926,-0.04,0.196
0.02927,0,0.192
0.02928,0,0.196
0.02929,0,0.188
0.0293,0,0.188
0.02931,0,0.184
0.02932,0,0.184
0.02933,0,0.184
0.02934,0,0.18
0.02935,0,0.176
0.02936,0,0.172
0.02937,0,0.176
0.02938,-0.04,0.168
0.02939,0,0.164
0.0294,0,0.164
0.02941,-0.04,0.164
0.02942,0,0.156
0.02943,0,0.156
0.02944,0,0.156
0.02945,-0.04,0.156
0.02946,0,0.152
0.02947,0,0.152
0.02948,0,0.148
0.02949,0,0.148
0.0295,0,0.144
0.02951,0,0.144
0.02952,-0.04,0.144
0.02953,0,0.14
0.02954,0,0.14
0.02955,0,0.14
0.02956,0,0.136
0.02957,0,0.136
0.02958,0,0.132
0.02959,0,0.128
0.0296,0,0.128
0.02961,-0.04,0.124
0.02962,0,0.128
0.02963,0,0.124
0.02964,0,0.12
0.02965,0,0.124
0.02966,0,0.124
0.02967,0,0.112
0.02968,-0.04,0.112
0.02969,0,0.116
0.0297,0,0.116
0.02971,0,0.112
0.02972,0,0.108
0.02973,0,0.108
0.02974,0,0.112
0.02975,0,0.108
0.02976,0,0.108
0.02977,0,0.1
0.02978,0,0.1
0.02979,-0.04,0.1
0.0298,0,0.1
0.02981,0,0.1
0.02982,0,0.096
0.02983,0,0.096
0.02984,0,0.092
0.02985,0,0.092
0.02986,0,0.096
0.02987,0,0.088
0.02988,0,0.088
0.02989,0,0.088
0.0299,0,0.084
0.02991,0,0.084
0.02992,0,0.084
0.02993,0,0.08
0.02994,0,0.08
0.02995,0,0.08
0.02996,0,0.08
0.02997,0,0.08
0.02998,0,0.076
0.02999,0,0.076
0.03,0,0.076
0.03001,0,0.076
0.03002,0,0.076
0.03003,0,0.072
0.03004,0,0.072
0.03005,0,0.072
0.03006,0,0.072
0.03007,0,0.068
0.03008,0,0.068
0.03009,-0.04,0.068
0.0301,0,0.068
0.03011,0,0.064
0.03012,0,0.064
0.03013,0,0.06
0.03014,0,0.06
0.03015,0,0.064
0.03016,0,0.06
0.03017,0,0.064
0.03018,0,0.056
0.03019,0,0.06
0.0302,0,0.06
0.03021,0,0.056
0.03022,-0.04,0.048
0.03023,0,0.056
0.03024,-0.04,0.052
0.03025,-0.04,0.048
0.03026,0,0.048
0.03027,-0.04,0.048
0.03028,0,0.052
0.03029,0,0.052
0.0303,0,0.044
0.03031,0,0.044
0.03032,0,0.044
0.03033,0,0.044
0.03034,-0.04,0.048
0.03035,-0.04,0.044
0.03036,-0.04,0.044
0.03037,0,0.04
0.03038,-0.04,0.04
0.03039,0,0.04
0.0304,0,0.04
0.03041,0,0.036
0.03042,-0.04,0.04
0.03043,0,0.036
0.03044,-0.04,0.036
0.03045,-0.04,0.036
0.03046,0,0.036
0.03047,0,0.036
0.03048,0,0.036
0.03049,-0.04,0.036
0.0305,0,0.036
0.03051,0,0.036
0.03052,0,0.032
0.03053,0,0.032
0.03054,0,0.036
0.03055,0,0.032
0.03056,0,0.032
0.03057,-0.04,0.036
0.03058,-0.04,0.032
0.03059,-0.04,0.032
0.0306,-0.04,0.032
0.03061,0,0.032
0.03062,0,0.032
0.03063,0,0.028
0.03064,0,0.028
0.03065,-0.04,0.028
0.03066,0,0.024
0.03067,0,0.028
0.03068,0,0.028
0.03069,0,0.024
0.0307,0,0.024
0.03071,0,0.024
0.03072,-0.04,0.024
0.03073,0,0.028
0.03074,0,0.02
0.03075,0,0.02
0.03076,-0.04,0.024
0.03077,0,0.024
0.03078,-0.04,0.02
0.03079,0,0.02
0.0308,-0.04,0.02
0.03081,0,0.02
0.03082,0,0.02
0.03083,-0.04,0.016
0.03084,0,0.02
0.03085,-0.04,0.02
0.03086,0,0.02
0.03087,0,0.02
0.03088,0,0.016
0.03089,0,0.024
0.0309,0,0.02
0.03091,0,0.016
0.03092,0,0.016
0.03093,0,0.016
0.03094,-0.04,0.016
0.03095,0,0.016
0.03096,0,0.016
0.03097,-0.04,0.012
0.03098,-0.04,0.016
0.03099,0,0.012
0.031,0,0.012
0.03101,0,0.016
0.03102,0,0.016
0.03103,0,0.016
0.03104,-0.04,0.012
0.03105,0,0.016
0.03106,0,0.012
0.03107,0,0.012
0.03108,-0.04,0.012
0.03109,0,0.012
0.0311,0,0.008
0.03111,0,0.008
0.03112,-0.04,0.012
0.03113,0,0.008
0.03114,-0.04,0.008
0.03115,0,0.008
0.03116,0,0.012
0.03117,0,0.008
0.03118,0,0.012
0.03119,0,0.008
0.0312,0,0.008
0.03121,-0.04,0.008
0.03122,0,0.012
0.03123,0,0.008
0.03124,-0.04,0.004
0.03125,0,0.012
0.03126,0,0.008
0.03127,-0.04,0.004
0.03128,-0.04,0.012
0.03129,-0.04,0.008
0.0313,0,0.012
0.03131,0,0.008
0.03132,0,0.008
0.03133,0,0.004
0.03134,0,0.008
0.03135,-0.04,0.008
0.03136,-0.04,0.008
0.03137,-0.04,0.004
0.03138,-0.04,0.004
0.03139,0,0.008
0.0314,0,0.004
0.03141,0,0.004
0.03142,0,0.004
0.03143,-0.04,0.004
0.03144,0,0.004
0.03145,0,0.004
0.03146,0,0.004
0.03147,-0.04,0.004
0.03148,0,0.004
0.03149,-0.04,0.008
0.0315,0,0.004
0.03151,0,0
0.03152,-0.04,0.004
0.03153,0,0.008
0.03154,0,0.004
0.03155,0,0
0.03156,0,0
0.03157,0,0.004
0.03158,0,0.004
0.03159,0,0
0.0316,0,-0.004
0.03161,-0.04,0.004
0.03162,0,0
0.03163,-0.04,-0.004
0.03164,0,0
0.03165,-0.04,0.004
0.03166,0,0.004
0.03167,-0.04,0.004
0.03168,0,0
0.03169,0,0
0.0317,-0.04,0.004
0.03171,0,0
0.03172,0,0.004
0.03173,0,0.004
0.03174,0,0
0.03175,0,0.004
0.03176,0,0
0.03177,0,-0.004
0.03178,0,-0.004
0.03179,0,-0.004
0.0318,0,0
0.03181,0,0
0.03182,0,0
0.03183,0,0
0.03184,0,0
0.03185,0,0
0.03186,0,0
0.03187,0,-0.004
0.03188,-0.04,-0.004
0.03189,0,0
0.0319,-0.04,0.004
0.03191,-0.04,0
0.03192,-0.04,0
0.03193,-0.04,-0.004
0.03194,-0.04,0.004
0.03195,0,0
0.03196,-0.04,0
0.03197,0,-0.004
0.03198,0,-0.004
0.03199,0,0
0.032,-0.04,0
0.03201,0,0
0.03202,-0.04,-0.004
0.03203,0,-0.004
0.03204,0,0
0.03205,0,0
0.03206,-0.04,0
0.03207,0,-0.004
0.03208,0,-0.004
0.03209,-0.04,0
0.0321,-0.04,-0.004
0.03211,0,-0.004
0.03212,0,-0.004
0.03213,-0.04,-0.004
0.03214,0,-0.004
0.03215,-0.04,-0.004
0.03216,0,-0.004
0.03217,0,0
0.03218,0,-0.004
0.03219,0,0
0.0322,0,0
0.03221,-0.04,0
0.03222,0,-0.004
0.03223,0,0
0.03224,0,-0.004
0.03225,0,0
0.03226,0,-0.004
0.03227,0,-0.004
0.03228,0,-0.004
0.03229,-0.04,-0.004
0.0323,0,-0.004
0.03231,0,-0.004
0.03232,0,-0.004
0.03233,0,-0.004
0.03234,-0.04,-0.004
0.03235,0,-0.004
0.03236,0,-0.004
0.03237,-0.04,-0.004
0.03238,0,0
0.03239,0,-0.004
0.0324,0,-0.004
0.03241,0,-0.004
0.03242,0,-0.004
0.03243,0,-0.004
0.03244,-0.04,-0.004
0.03245,0,-0.004
0.03246,-0.04,-0.004
0.03247,0,-0.004
0.03248,0,-0.004
0.03249,-0.04,-0.004
0.0325,-0.04,-0.004
0.03251,-0.04,-0.004
0.03252,0,-0.004
0.03253,0,-0.004
0.03254,0,-0.004
0.03255,0,0
0.03256,0,0
0.03257,0,-0.004
0.03258,0,0
0.03259,0,-0.004
0.0326,-0.04,0
0.03261,0,-0.004
0.03262,-0.04,-0.004
0.03263,0,-0.004
0.03264,0,-0.004
0.03265,0,-0.004
0.03266,0,-0.004
0.03267,0,-0.004
0.03268,-0.04,-0.004
0.03269,-0.04,-0.004
0.0327,0,-0.004
0.03271,0,-0.004
0.03272,0,-0.004
0.03273,-0.04,-0.004
0.03274,0,-0.004
0.03275,-0.04,-0.004
0.03276,-0.04,-0.004
0.03277,0,-0.004
0.03278,-0.04,-0.004
0.03279,-0.04,0.004
0.0328,0,-0.004
0.03281,0,-0.004
0.03282,-0.04,-0.004
0.03283,0,0
0.03284,-0.04,0
0.03285,0,-0.004
0.03286,-0.04,-0.004
0.03287,0,-0.004
0.03288,0,-0.004
0.03289,0,-0.004
0.0329,-0.04,-0.004
0.03291,0,-0.004
0.03292,0,-0.004
0.03293,-0.04,-0.004
0.03294,0,0
0.03295,-0.04,-0.004
0.03296,0,-0.004
0.03297,0,-0.004
0.03298,-0.04,-0.004
0.03299,0,-0.004
0.033,0,-0.004
0.03301,-0.04,-0.004
0.03302,0,-0.004
0.03303,0,-0.004
0.03304,0,-0.004
0.03305,0,-0.004
0.03306,0,-0.004
0.03307,0,-0.004
0.03308,0,-0.004
0.03309,0,0
0.0331,-0.04,-0.004
0.03311,0,-0.004
0.03312,0,-0.004
0.03313,-0.04,-0.004
0.03314,-0.04,-0.004
0.03315,-0.04,-0.004
0.03316,0,-0.004
0.03317,0,-0.004
0.03318,0,-0.004
0.03319,0,-0.004
0.0332,0,-0.004
0.03321,-0.04,0
0.03322,0,0
0.03323,0,-0.004
0.03324,0,-0.004
0.03325,0,0
0.03326,0,0
0.03327,-0.04,-0.004
0.03328,-0.04,0
0.03329,-0.04,-0.004
0.0333,-0.04,-0.004
0.03331,-0.04,-0.004
0.03332,-0.04,0
0.03333,0,-0.004
0.03334,-0.04,-0.004
0.03335,0,-0.004
0.03336,0,-0.004
0.03337,0,-0.004
0.03338,-0.04,-0.004
0.03339,0,-0.004
0.0334,-0.04,-0.004
0.03341,-0.04,-0.004
0.03342,0,-0.004
0.03343,0,-0.004
0.03344,0,-0.004
0.03345,0,-0.004
0.03346,0,-0.004
0.03347,-0.04,-0.004
0.03348,-0.04,-0.004
0.03349,0,0
0.0335,0,-0.004
0.03351,-0.04,0
0.03352,-0.04,-0.004
0.03353,0,-0.004
0.03354,0,-0.004
0.03355,0,-0.004
0.03356,0,0
0.03357,-0.04,0
0.03358,0,-0.004
0.03359,0,-0.004
0.0336,0,0.004
0.03361,-0.04,-0.004
0.03362,-0.04,-0.004
0.03363,-0.04,-0.004
0.03364,0,0
0.03365,0,-0.004
0.03366,0,0
0.03367,-0.04,0
0.03368,-0.04,0
0.03369,-0.04,0
0.0337,0,-0.004
0.03371,0,-0.004
0.03372,0,-0.004
0.03373,0,-0.004
0.03374,0,0
0.03375,0,-0.004
0.03376,-0.04,0
0.03377,0,-0.004
0.03378,0,-0.004
0.03379,-0.04,-0.004
0.0338,0,0
0.03381,0,-0.004
0.03382,0,-0.004
0.03383,0,-0.004
0.03384,0,0
0.03385,0,-0.004
0.03386,0,-0.004
0.03387,-0.04,0
0.03388,0,0
0.03389,0,0
0.0339,0,-0.004
0.03391,0,-0.004
0.03392,-0.04,-0.004
0.03393,-0.04,0
0.03394,0,-0.004
0.03395,0,0
0.03396,0,0
0.03397,0,-0.004
0.03398,-0.04,0
0.03399,0,-0.004
0.034,0,-0.004
0.03401,0,-0.004
0.03402,0,0.004
0.03403,0,-0.004
0.03404,0,0
0.03405,0,0
0.03406,-0.04,0
0.03407,0,0.004
0.03408,0,0.004
0.03409,-0.04,-0.004
0.0341,-0.04,0.004
0.03411,0,0
0.03412,0,0
0.03413,0,-0.004
0.03414,-0.04,0
0.03415,0,-0.004
0.03416,-0.04,-0.004
0.03417,-0.04,0
0.03418,0,0.004
0.03419,-0.04,0
0.0342,-0.04,0.004
0.03421,0,0
0.03422,0,0.004
0.03423,0,0
0.03424,-0.04,0
0.03425,0,-0.004
0.03426,0,-0.004
0.03427,0,-0.004
0.03428,0,-0.004
0.03429,0,-0.004
0.0343,0,-0.004
0.03431,0,-0.004
0.03432,-0.04,0
0.03433,0,0
0.03434,0,0
0.03435,0,0
0.03436,-0.04,0.004
0.03437,0,0
0.03438,-0.04,0.004
0.03439,-0.04,0.004
0.0344,0,0
0.03441,0,0
0.03442,0,0
0.03443,0,-0.004
0.03444,-0.04,-0.004
0.03445,-0.04,0
0.03446,-0.04,-0.004
0.03447,-0.04,-0.004
0.03448,-0.04,0
0.03449,-0.04,-0.004
0.0345,-0.04,-0.004
0.03451,-0.04,0
0.03452,-0.04,0
0.03453,-0.04,-0.004
0.03454,0,0
0.03455,-0.04,-0.004
0.03456,0,-0.004
0.03457,-0.04,-0.004
0.03458,0,0
0.03459,0,0
0.0346,-0.04,0
0.03461,0,0.004
0.03462,-0.04,0.004
0.03463,-0.04,0.004
0.03464,-0.04,0.004
0.03465,-0.04,0
0.03466,0,0
0.03467,0,0
0.03468,-0.04,0
0.03469,0,0
0.0347,-0.04,0
0.03471,0,-0.004
0.03472,-0.04,0
0.03473,0,0
0.03474,0,0
0.03475,0,-0.004
0.03476,0,0
0.03477,-0.04,0
0.03478,0,0
0.03479,0,0
0.0348,0,0
0.03481,0,0
0.03482,0,0
0.03483,-0.04,0
0.03484,0,-0.004
0.03485,-0.04,0
0.03486,-0.04,0
0.03487,-0.04,0
0.03488,-0.04,-0.004
0.03489,-0.04,0
0.0349,0,0
0.03491,-0.04,0.004
0.03492,-0.04,0.004
0.03493,0,0
0.03494,-0.04,0
0.03495,0,0
0.03496,0,0
0.03497,-0.04,-0.004
0.03498,0,-0.004
0.03499,0,0
0.035,-0.04,0
0.03501,0,0.004
0.03502,0,0.004
0.03503,0,-0.004
0.03504,-0.04,0
0.03505,0,0
0.03506,-0.04,0
0.03507,-0.04,0
0.03508,0,0.004
0.03509,-0.04,0
0.0351,-0.04,0
0.03511,0,0
0.03512,0,0
0.03513,-0.04,0.004
0.03514,0,0.004
0.03515,0,0.004
0.03516,0,0.004
0.03517,-0.04,0
0.03518,-0.04,0.004
0.03519,0,0.004
0.0352,-0.04,0.004
0.03521,0,0.004
0.03522,0,0.004
0.03523,-0.04,-0.004
0.03524,0,0
0.03525,0,0
0.03526,-0.04,0.004
0.03527,0,0.004
0.03528,0,0.004
0.03529,0,0
0.0353,-0.04,0
0.03531,0,0.004
0.03532,-0.04,-0.004
0.03533,-0.04,0
0.03534,0,-0.004
0.03535,0,-0.004
0.03536,0,-0.004
0.03537,0,0
0.03538,-0.04,-0.004
0.03539,0,0
0.0354,-0.04,0
0.03541,-0.04,0.004
0.03542,-0.04,0.004
0.03543,0,0
0.03544,0,0
0.03545,-0.04,0
0.03546,0,0
0.03547,0,0
0.03548,0,0.004
0.03549,0,0
0.0355,0,0
0.03551,0,0
0.03552,-0.04,0
0.03553,0,0
0.03554,0,0
0.03555,-0.04,0
0.03556,-0.04,0.004
0.03557,0,0
0.03558,-0.04,0
0.03559,-0.04,0
0.0356,-0.04,0
0.03561,0,0
0.03562,0,0.004
0.03563,-0.04,0
0.03564,-0.04,0
0.03565,0,0.004
0.03566,0,0
0.03567,-0.04,0
0.03568,0,-0.004
0.03569,0,0.004
0.0357,-0.04,0
0.03571,-0.04,0.004
0.03572,-0.04,0
0.03573,-0.04,-0.004
0.03574,0,0
0.03575,-0.04,0
0.03576,0,0
0.03577,0,0
0.03578,-0.04,0
0.03579,0,-0.004
0.0358,0,-0.004
0.03581,0,-0.004
0.03582,0,0
0.03583,0,0
0.03584,0,0.004
0.03585,0,0.004
0.03586,0,0
0.03587,0,0
0.03588,-0.04,0
0.03589,0,0
0.0359,-0.04,0
0.03591,-0.04,-0.004
0.03592,-0.04,-0.004
0.03593,0,-0.004
0.03594,0,0
0.03595,0,0
0.03596,-0.04,0
0.03597,0,-0.004
0.03598,-0.04,0.004
0.03599,0,0
0.036,-0.04,0
0.03601,0,-0.004
0.03602,0,0
0.03603,0,-0.004
0.03604,0,0
0.03605,-0.04,0
0.03606,0,0.004
0.03607,0,0.004
0.03608,0,0.004
0.03609,-0.04,0
0.0361,0,0
0.03611,0,0
0.03612,-0.04,-0.004
0.03613,-0.04,-0.004
0.03614,0,0
0.03615,0,0
0.03616,0,0
0.03617,0,0.004
0.03618,0,0.004
0.03619,0,0
0.0362,-0.04,0
0.03621,0,-0.004
0.03622,0,0
0.03623,0,-0.004
0.03624,0,0.004
0.03625,-0.04,0.004
0.03626,-0.04,0
0.03627,0,0
0.03628,-0.04,-0.004
0.03629,0,0
0.0363,0,0
0.03631,-0.04,0
0.03632,-0.04,0
0.03633,-0.04,0.004
0.03634,0,0
0.03635,-0.04,0.004
0.03636,0,0
0.03637,0,0
0.03638,0,0.004
0.03639,0,0
0.0364,0,0.004
0.03641,0,0.004
0.03642,0,0.004
0.03643,0,0
0.03644,0,-0.004
0.03645,0,0
0.03646,-0.04,0
0.03647,0,0
0.03648,-0.04,0.004
0.03649,0,0.004
0.0365,-0.04,0.004
0.03651,0,-0.004
0.03652,0,-0.004
0.03653,0,0
0.03654,0,0
0.03655,0,0
0.03656,0,0.004
0.03657,-0.04,0.004
0.03658,0,0
0.03659,0,0
0.0366,-0.04,0.004
0.03661,0,0
0.03662,0,0.004
0.03663,0,0.004
0.03664,0,0
0.03665,-0.04,0.008
0.03666,-0.04,0
0.03667,-0.04,-0.004
0.03668,0,0
0.03669,0,-0.004
0.0367,0,0
0.03671,0,0.004
0.03672,0,0.004
0.03673,0,0
0.03674,0,0
0.03675,-0.04,-0.004
0.03676,-0.04,0
0.03677,0,-0.004
0.03678,0,0.004
0.03679,-0.04,0.008
0.0368,0,0.004
0.03681,-0.04,0
0.03682,-0.04,-0.004
0.03683,0,0
0.03684,0,-0.004
0.03685,0,0
0.03686,0,0
0.03687,0,0
0.03688,0,-0.004
0.03689,0,-0.004
0.0369,0,0
0.03691,0,0.004
0.03692,0,0.004
0.03693,0,0.004
0.03694,-0.04,-0.004
0.03695,0,-0.004
0.03696,0,-0.004
0.03697,0,0
0.03698,-0.04,0
0.03699,0,0
0.037,-0.04,0
0.03701,0,0
0.03702,-0.04,-0.004
0.03703,-0.04,-0.004
0.03704,0,0
0.03705,0,0.004
0.03706,-0.04,0
0.03707,-0.04,0
0.03708,0,-0.004
0.03709,0,0
0.0371,0,-0.004
0.03711,0,0
0.03712,-0.04,0.004
0.03713,-0.04,0
0.03714,-0.04,0.004
0.03715,0,0.004
0.03716,-0.04,0
0.03717,0,0
0.03718,0,0
0.03719,0,0
0.0372,0,0
0.03721,0,-0.004
0.03722,-0.04,0.008
0.03723,0,-0.004
0.03724,-0.04,0
0.03725,0,0.004
0.03726,0,0.004
0.03727,-0.04,0
0.03728,-0.04,-0.004
0.03729,-0.04,-0.004
0.0373,0,-0.004
0.03731,0,-0.004
0.03732,0,0
0.03733,0,0.004
0.03734,0,0.004
0.03735,0,0.004
0.03736,0,0
0.03737,0,-0.004
0.03738,-0.04,0
0.03739,0,0
0.0374,-0.04,0.004
0.03741,0,0
0.03742,0,0
0.03743,-0.04,0
0.03744,0,0.004
0.03745,-0.04,0.004
0.03746,-0.04,0
0.03747,0,0
0.03748,-0.04,0.004
0.03749,-0.04,0
0.0375,0,0
0.03751,0,0
0.03752,0,-0.004
0.03753,0,0
0.03754,0,0.004
0.03755,0,0
0.03756,0,-0.004
0.03757,-0.04,0.004
0.03758,0,-0.004
0.03759,0,0
0.0376,0,0
0.03761,-0.04,0.004
0.03762,0,-0.004
0.03763,-0.04,-0.004
0.03764,0,0
0.03765,-0.04,0.004
0.03766,-0.04,0.004
0.03767,0,0.004
0.03768,0,0.004
0.03769,0,0.004
0.0377,0,0
0.03771,-0.04,0
0.03772,0,-0.004
0.03773,0,0
0.03774,-0.04,0.004
0.03775,0,0.004
0.03776,0,0
0.03777,0,0
0.03778,-0.04,0
0.03779,0,0.004
0.0378,0,0
0.03781,0,0.004
0.03782,0,-0.004
0.03783,-0.04,0
0.03784,-0.04,0.004
0.03785,0,0
0.03786,0,-0.004
0.03787,0,0.004
0.03788,-0.04,0.004
0.03789,0,0.004
0.0379,0,0.004
0.03791,-0.04,0
0.03792,-0.04,-0.004
0.03793,0,-0.004
0.03794,0,-0.004
0.03795,0,-0.004
0.03796,0,0
0.03797,0,-0.004
0.03798,0,-0.004
0.03799,0,-0.004
0.038,-0.04,0
0.03801,0,0.004
0.03802,-0.04,0
0.03803,0,0.004
0.03804,0,0
0.03805,0,0
0.03806,0,0
0.03807,0,-0.004
0.03808,0,-0.004
0.03809,0,0.004
0.0381,0,0.004
0.03811,0,0.004
0.03812,-0.04,-0.004
0.03813,0,0
0.03814,0,-0.004
0.03815,0,-0.004
0.03816,0,0
0.03817,0,0.004
0.03818,-0.04,0
0.03819,0,0
0.0382,0,0
0.03821,-0.04,0
0.03822,0,-0.004
0.03823,-0.04,0
0.03824,0,0
0.03825,-0.04,0.004
0.03826,0,0.004
0.03827,0,0.004
0.03828,0,-0.004
0.03829,-0.04,-0.004
0.0383,0,0
0.03831,0,0
0.03832,-0.04,0
0.03833,-0.04,0
0.03834,0,-0.004
0.03835,0,-0.004
0.03836,0,-0.004
0.03837,0,0
0.03838,0,0.004
0.03839,-0.04,0.004
0.0384,0,0
0.03841,0,0.004
0.03842,0,-0.004
0.03843,-0.04,-0.004
0.03844,0,-0.004
0.03845,0,-0.004
0.03846,-0.04,0
0.03847,-0.04,0
0.03848,0,0
0.03849,-0.04,0
0.0385,0,0
0.03851,-0.04,0
0.03852,-0.04,-0.004
0.03853,-0.04,0
0.03854,0,0
0.03855,0,0.004
0.03856,0,0.004
0.03857,-0.04,0
0.03858,0,0
0.03859,0,0
0.0386,0,0.004
0.03861,0,0.004
0.03862,0,0
0.03863,0,0.004
0.03864,0,-0.004
0.03865,0,-0.004
0.03866,0,0
0.03867,0,-0.004
0.03868,-0.04,0
0.03869,0,0
0.0387,0,0
0.03871,-0.04,0
0.03872,-0.04,0
0.03873,0,0
0.03874,0,-0.004
0.03875,-0.04,-0.004
0.03876,0,0
0.03877,0,0
0.03878,-0.04,0
0.03879,-0.04,0.004
0.0388,0,0
0.03881,0,-0.004
0.03882,-0.04,0
0.03883,-0.04,0
0.03884,0,0
0.03885,0,0.004
0.03886,0,-0.004
0.03887,-0.04,0
0.03888,0,-0.004
0.03889,-0.04,0
0.0389,0,-0.004
0.03891,0,0
0.03892,0,-0.004
0.03893,0,0.004
0.03894,0,0
0.03895,0,0
0.03896,0,-0.004
0.03897,-0.04,0
0.03898,-0.04,-0.004
0.03899,0,0.004
0.039,-0.04,0
0.03901,-0.04,0
0.03902,0,0
0.03903,0,0.004
0.03904,0,0
0.03905,0,0
0.03906,-0.04,0
0.03907,-0.04,0.004
0.03908,0,0
0.03909,-0.04,-0.004
0.0391,0,-0.004
0.03911,-0.04,0
0.03912,-0.04,0
0.03913,0,-0.004
0.03914,0,-0.004
0.03915,0,0
0.03916,0,-0.004
0.03917,0,0
0.03918,0,-0.004
0.03919,-0.04,-0.004
0.0392,-0.04,-0.004
0.03921,0,-0.004
0.03922,-0.04,-0.004
0.03923,0,0
0.03924,-0.04,0
0.03925,0,0
0.03926,0,0
0.03927,-0.04,-0.004
0.03928,0,-0.004
0.03929,0,-0.004
0.0393,-0.04,0
0.03931,0,0.004
0.03932,0,0
0.03933,0,0
0.03934,0,0
0.03935,0,-0.004
0.03936,0,-0.004
0.03937,-0.04,-0.004
0.03938,-0.04,0
0.03939,-0.04,0
0.0394,-0.04,-0.004
0.03941,0,-0.004
0.03942,-0.04,-0.004
0.03943,-0.04,-0.004
0.03944,-0.04,0
0.03945,0,0.004
0.03946,-0.04,0
0.03947,0,-0.004
0.03948,0,0
0.03949,-0.04,0
0.0395,0,0
0.03951,-0.04,-0.004
0.03952,0,0
0.03953,-0.04,-0.004
0.03954,-0.04,-0.004
0.03955,-0.04,-0.004
0.03956,-0.04,-0.004
0.03957,0,-0.004
0.03958,-0.04,0.004
0.03959,-0.04,0.004
0.0396,0,-0.008
0.03961,0,-0.004
0.03962,0,0
0.03963,-0.04,0
0.03964,0,-0.004
0.03965,-0.04,0
0.03966,0,-0.004
0.03967,0,0
0.03968,0,0
0.03969,0,0
0.0397,-0.04,0
0.03971,0,0
0.03972,0,-0.004
0.03973,0,-0.004
0.03974,-0.04,0
0.03975,0,0
0.03976,-0.04,-0.004
0.03977,-0.04,0
0.03978,0,0
0.03979,0,0
0.0398,0,-0.004
0.03981,-0.04,-0.004
0.03982,0,-0.004
0.03983,-0.04,0
0.03984,0,-0.004
0.03985,0,0
0.03986,0,0
0.03987,0,0
0.03988,0,-0.004
0.03989,0,0
0.0399,0,0
0.03991,-0.04,0
0.03992,-0.04,0.004
0.03993,-0.04,-0.004
0.03994,0,0
0.03995,0,0
0.03996,0,0
0.03997,-0.04,0
0.03998,0,-0.004
0.03999,0,0
0.04,0,-0.004
0.04001,0,-0.004
0.04002,0,0
0.04003,0,-0.004
0.04004,0,0.004
0.04005,-0.04,-0.004
0.04006,0,0
0.04007,0,0.004
0.04008,0,0
0.04009,0,0
0.0401,0,0
0.04011,0,-0.004
0.04012,0,0
0.04013,0,0
0.04014,-0.04,-0.004
0.04015,0,-0.004
0.04016,0,-0.004
0.04017,-0.04,0
0.04018,-0.04,0
0.04019,-0.04,0
0.0402,0,-0.004
0.04021,0,0
0.04022,0,0.004
0.04023,0,0
0.04024,0,0
0.04025,-0.04,0
0.04026,-0.04,-0.004
0.04027,0,0
0.04028,-0.04,-0.004
0.04029,0,-0.004
0.0403,-0.04,0
0.04031,0,-0.004
0.04032,-0.04,0
0.04033,0,0.004
0.04034,-0.04,-0.004
0.04035,0,0
0.04036,-0.04,-0.004
0.04037,-0.04,0.004
0.04038,0,0.004
0.04039,0,0
0.0404,0,0.004
0.04041,0,0
0.04042,-0.04,0
0.04043,0,-0.004
0.04044,-0.04,-0.004
0.04045,0,-0.004
0.04046,-0.04,-0.004
0.04047,0,-0.004
0.04048,-0.04,-0.004
0.04049,-0.04,0
0.0405,0,0
0.04051,0,0
0.04052,-0.04,0
0.04053,0,0
0.04054,0,-0.004
0.04055,0,-0.004
0.04056,0,0
0.04057,-0.04,0
0.04058,-0.04,0
0.04059,0,-0.004
0.0406,0,-0.004
0.04061,0,0
0.04062,-0.04,0
0.04063,0,-0.008
0.04064,-0.04,0
0.04065,-0.04,-0.004
0.04066,-0.04,0
0.04067,0,0
0.04068,0,0
0.04069,0,-0.004
0.0407,-0.04,-0.004
0.04071,0,0
0.04072,0,-0.004
0.04073,0,-0.004
0.04074,-0.04,-0.004
0.04075,-0.04,0
0.04076,0,0
0.04077,0,0.004
0.04078,0,0
0.04079,-0.04,0
0.0408,0,0
0.04081,0,0.004
0.04082,-0.04,0
0.04083,0,0
0.04084,0,0
0.04085,0,0
0.04086,0,0
0.04087,0,-0.004
0.04088,-0.04,0
0.04089,-0.04,-0.004
0.0409,0,0.004
0.04091,-0.04,-0.004
0.04092,-0.04,0
0.04093,0,-0.004
0.04094,0,-0.004
0.04095,0,-0.004
0.04096,0,-0.004
0.04097,0,0.004
0.04098,0,0
0.04099,0,0
0.041,-0.04,-0.004
0.04101,-0.04,-0.004
0.04102,0,-0.004
0.04103,-0.04,-0.004
0.04104,-0.04,-0.004
0.04105,0,-0.004
0.04106,0,0.004
0.04107,0,0
0.04108,0,-0.004
0.04109,0,-0.004
0.0411,0,0
0.04111,-0.04,0
0.04112,-0.04,-0.004
0.04113,0,-0.004
0.04114,0,-0.004
0.04115,0,0
0.04116,0,-0.004
0.04117,-0.04,0
0.04118,0,-0.004
0.04119,0,-0.004
0.0412,0,-0.004
0.04121,0,-0.004
0.04122,0,0
0.04123,0,0
0.04124,-0.04,-0.004
0.04125,-0.04,-0.004
0.04126,0,-0.004
0.04127,0,0
0.04128,0,-0.004
0.04129,0,0
0.0413,-0.04,-0.004
0.04131,-0.04,-0.004
0.04132,0,-0.004
0.04133,0,-0.004
0.04134,0,-0.004
0.04135,-0.04,-0.004
0.04136,-0.04,0
0.04137,-0.04,-0.004
0.04138,-0.04,-0.004
0.04139,-0.04,0
0.0414,-0.04,0
0.04141,0,0
0.04142,0,0
0.04143,-0.04,-0.004
0.04144,-0.04,-0.004
0.04145,-0.04,-0.004
0.04146,0,-0.004
0.04147,0,-0.004
0.04148,-0.04,-0.004
0.04149,0,-0.004
0.0415,0,-0.004
0.04151,0,-0.004
0.04152,-0.04,-0.004
0.04153,0,-0.004
0.04154,0,0
0.04155,0,-0.004
0.04156,-0.04,-0.004
0.04157,0,0
0.04158,-0.04,-0.004
0.04159,0,0
0.0416,0,0
0.04161,-0.04,0.004
0.04162,0,0
0.04163,-0.04,0.004
0.04164,0,-0.004
0.04165,-0.04,0
0.04166,0,0.004
0.04167,0,0
0.04168,0,0.004
0.04169,0,0
0.0417,-0.04,0.004
0.04171,-0.04,0.004
0.04172,0,0.004
0.04173,0,0
0.04174,0,-0.004
0.04175,-0.04,0
0.04176,-0.04,0
0.04177,-0.04,0
0.04178,-0.04,-0.004
0.04179,-0.04,0
0.0418,0,-0.004
0.04181,0,0
0.04182,0,-0.004
0.04183,0,-0.004
0.04184,0,-0.004
0.04185,-0.04,-0.004
0.04186,-0.04,0
0.04187,0,0
0.04188,0,-0.004
0.04189,0,0
0.0419,-0.04,-0.004
0.04191,-0.04,0.004
0.04192,0,0
0.04193,0,0
0.04194,0,0
0.04195,0,0
0.04196,-0.04,-0.004
0.04197,-0.04,0
0.04198,0,-0.004
0.04199,-0.04,-0.004
0.042,-0.04,-0.004
0.04201,-0.04,0.004
0.04202,-0.04,0
0.04203,-0.04,-0.004
0.04204,-0.04,-0.004
0.04205,-0.04,-0.004
0.04206,-0.04,-0.004
0.04207,0,0
0.04208,-0.04,0
0.04209,0,0
0.0421,0,0
0.04211,0,0
0.04212,-0.04,0
0.04213,-0.04,0.004
0.04214,-0.04,-0.004
0.04215,-0.04,-0.004
0.04216,0,-0.004
0.04217,-0.04,-0.004
0.04218,-0.04,-0.004
0.04219,0,-0.004
0.0422,-0.04,-0.004
0.04221,0,0
0.04222,0,0
0.04223,0,0
0.04224,0,0
0.04225,0,0
0.04226,-0.04,-0.004
0.04227,0,0
0.04228,0,0
0.04229,-0.04,-0.004
0.0423,0,-0.004
0.04231,0,0
0.04232,0,-0.004
0.04233,0,0
0.04234,-0.04,0
0.04235,0,0
0.04236,0,-0.004
0.04237,0,-0.004
0.04238,0,0
0.04239,0,-0.004
0.0424,-0.04,-0.004
0.04241,0,-0.004
0.04242,0,-0.004
0.04243,-0.04,-0.004
0.04244,0,0
0.04245,0,0
0.04246,0,0.004
0.04247,0,-0.004
0.04248,-0.04,0
0.04249,-0.04,-0.004
0.0425,0,-0.004
0.04251,0,-0.004
0.04252,0,-0.004
0.04253,-0.04,0
0.04254,-0.04,0
0.04255,-0.04,0.004
0.04256,-0.04,0
0.04257,-0.04,0.004
0.04258,-0.04,0
0.04259,-0.04,-0.004
0.0426,-0.04,-0.004
0.04261,0,-0.004
0.04262,0,-0.004
0.04263,-0.04,0
0.04264,0,0.004
0.04265,0,0
0.04266,0,-0.004
0.04267,0,-0.004
0.04268,0,-0.004
0.04269,-0.04,-0.004
0.0427,0,-0.004
0.04271,0,-0.004
0.04272,-0.04,0
0.04273,-0.04,-0.004
0.04274,0,-0.004
0.04275,0,0
0.04276,-0.04,0
0.04277,0,0
0.04278,0,-0.004
0.04279,0,-0.004
0.0428,-0.04,0
0.04281,0,-0.004
0.04282,0,-0.004
0.04283,0,0
0.04284,0,0
0.04285,0,0
0.04286,-0.04,-0.004
0.04287,0,-0.004
0.04288,-0.04,-0.004
0.04289,0,-0.004
0.0429,0,-0.004
0.04291,-0.04,0
0.04292,0,0
0.04293,0,0
0.04294,0,0
0.04295,-0.04,0
0.04296,0,0
0.04297,0,-0.004
0.04298,-0.04,-0.004
0.04299,0,-0.004
0.043,0,-0.004
0.04301,0,-0.004
0.04302,-0.04,0
0.04303,0,-0.004
0.04304,0,0.004
0.04305,0,-0.004
0.04306,-0.04,-0.004
0.04307,0,-0.004
0.04308,-0.04,-0.004
0.04309,0,-0.004
0.0431,-0.04,0
0.04311,0,-0.004
0.04312,0,-0.004
0.04313,-0.04,-0.004
0.04314,-0.04,-0.004
0.04315,0,-0.004
0.04316,0,-0.004
0.04317,-0.04,0
0.04318,0,-0.004
0.04319,-0.04,-0.004
0.0432,0,-0.004
0.04321,0,-0.004
0.04322,0,-0.004
0.04323,-0.04,-0.004
0.04324,-0.04,-0.004
0.04325,-0.04,0
0.04326,0,0
0.04327,0,-0.004
0.04328,0,-0.004
0.04329,0,-0.004
0.0433,-0.04,-0.004
0.04331,-0.04,-0.004
0.04332,-0.04,0
0.04333,0,-0.004
0.04334,0,0
0.04335,0,-0.004
0.04336,0,-0.004
0.04337,0,-0.004
0.04338,0,-0.004
0.04339,-0.04,-0.004
0.0434,0,-0.004
0.04341,0,0
0.04342,-0.04,0.004
0.04343,0,0
0.04344,0,-0.004
0.04345,0,-0.004
0.04346,0,-0.004
0.04347,0,-0.004
0.04348,-0.04,0
0.04349,0,0
0.0435,0,0
0.04351,0,-0.004
0.04352,-0.04,-0.004
0.04353,-0.04,-0.004
0.04354,0,-0.004
0.04355,-0.04,0
0.04356,-0.04,-0.004
0.04357,0,-0.004
0.04358,0,-0.004
0.04359,-0.04,-0.004
0.0436,-0.04,-0.008
0.04361,-0.04,-0.004
0.04362,-0.04,-0.004
0.04363,0,-0.004
0.04364,0,-0.004
0.04365,0,-0.004
0.04366,0,-0.004
0.04367,0,-0.004
0.04368,0,0
0.04369,0,-0.004
0.0437,0,0
0.04371,0,0.004
0.04372,0,-0.004
0.04373,0,-0.004
0.04374,0,-0.004
0.04375,-0.04,-0.004
0.04376,0,0
0.04377,0,0
0.04378,-0.04,-0.004
0.04379,0,0
0.0438,0,-0.004
0.04381,-0.04,-0.004
0.04382,-0.04,-0.004
0.04383,-0.04,-0.004
0.04384,-0.04,-0.004
0.04385,0,-0.004
0.04386,-0.04,-0.008
0.04387,0,-0.004
0.04388,-0.04,-0.004
0.04389,0,0.004
0.0439,0,0
0.04391,0,-0.004
0.04392,-0.04,-0.004
0.04393,0,-0.004
0.04394,-0.04,-0.004
0.04395,0,-0.004
0.04396,0,0
0.04397,0,0
0.04398,0,-0.004
0.04399,0,-0.004
0.044,-0.04,-0.004
0.04401,-0.04,-0.004
0.04402,-0.04,0
0.04403,0,-0.004
0.04404,0,-0.004
0.04405,0,-0.004
0.04406,0,-0.004
0.04407,-0.04,-0.004
0.04408,-0.04,0
0.04409,-0.04,0
0.0441,0,-0.004
0.04411,0,-0.004
0.04412,-0.04,0
0.04413,0,-0.004
0.04414,-0.04,-0.004
0.04415,-0.04,0
0.04416,0,-0.004
0.04417,-0.04,0
0.04418,0,-0.004
0.04419,-0.04,-0.004
0.0442,0,0
0.04421,-0.04,0
0.04422,0,0.004
0.04423,0,0
0.04424,0,-0.004
0.04425,0,-0.004
0.04426,0,-0.004
0.04427,-0.04,-0.004
0.04428,0,-0.004
0.04429,0,-0.004
0.0443,0,0.004
0.04431,-0.04,-0.004
0.04432,-0.04,-0.004
0.04433,0,-0.004
0.04434,0,-0.004
0.04435,-0.04,-0.008
0.04436,0,-0.004
0.04437,0,-0.004
0.04438,0,-0.004
0.04439,-0.04,0
0.0444,0,0
0.04441,0,0
0.04442,-0.04,-0.004
0.04443,0,-0.004
0.04444,0,-0.004
0.04445,0,-0.004
0.04446,0,-0.004
0.04447,-0.04,-0.004
0.04448,-0.04,-0.004
0.04449,-0.04,-0.004
0.0445,0,-0.004
0.04451,-0.04,-0.004
0.04452,0,0
0.04453,-0.04,-0.004
0.04454,-0.04,-0.004
0.04455,-0.04,-0.004
0.04456,0,-0.004
0.04457,0,0
0.04458,0,-0.004
0.04459,0,-0.004
0.0446,-0.04,-0.004
0.04461,0,0
0.04462,0,0
0.04463,0,-0.004
0.04464,0,-0.004
0.04465,-0.04,-0.004
0.04466,-0.04,-0.004
0.04467,0,-0.004
0.04468,-0.04,-0.004
0.04469,0,0
0.0447,-0.04,-0.004
0.04471,-0.04,-0.004
0.04472,0,0
0.04473,0,-0.004
0.04474,-0.04,-0.004
0.04475,0,-0.004
0.04476,-0.04,-0.004
0.04477,-0.04,-0.004
0.04478,0,-0.004
0.04479,0,-0.004
0.0448,0,-0.004
0.04481,0,-0.004
0.04482,0,-0.004
0.04483,0,-0.004
0.04484,-0.04,0
0.04485,0,-0.004
0.04486,0,-0.004
0.04487,-0.04,0
0.04488,0,0.004
0.04489,0,0
0.0449,-0.04,-0.004
0.04491,0,-0.004
0.04492,-0.04,-0.004
0.04493,-0.04,0
0.04494,0,-0.004
0.04495,0,-0.004
0.04496,0,-0.004
0.04497,0,-0.004
0.04498,-0.04,-0.004
0.04499,0,0
0.045,-0.04,0
0.04501,-0.04,-0.004
0.04502,0,-0.004
0.04503,0,0
0.04504,0,-0.004
0.04505,0,-0.004
0.04506,-0.04,-0.004
0.04507,0,0
0.04508,0,-0.004
0.04509,0,0
0.0451,0,0
0.04511,-0.04,-0.004
0.04512,0,-0.004
0.04513,0,-0.004
0.04514,0,0
0.04515,0,0
0.04516,0,0
0.04517,0,-0.004
0.04518,0,0
0.04519,-0.04,0
0.0452,-0.04,-0.004
0.04521,-0.04,-0.004
0.04522,0,-0.004
0.04523,0,-0.004
0.04524,0,0
0.04525,-0.04,0
0.04526,-0.04,-0.004
0.04527,-0.04,0
0.04528,0,0
0.04529,-0.04,0.004
0.0453,0,-0.004
0.04531,0,-0.004
0.04532,0,0
0.04533,0,-0.004
0.04534,-0.04,-0.004
0.04535,0,0
0.04536,0,-0.004
0.04537,-0.04,0
0.04538,0,-0.004
0.04539,0,-0.004
0.0454,-0.04,-0.004
0.04541,0,0
0.04542,0,-0.004
0.04543,0,0
0.04544,0,0
0.04545,-0.04,-0.004
0.04546,0,-0.004
0.04547,0,0
0.04548,0,-0.004
0.04549,0,-0.004
0.0455,0,-0.004
0.04551,-0.04,-0.004
0.04552,0,0.004
0.04553,-0.04,0.004
0.04554,-0.04,-0.004
0.04555,0,-0.004
0.04556,0,-0.004
0.04557,0,-0.004
0.04558,0,0
0.04559,0,-0.004
0.0456,0,-0.004
0.04561,-0.04,-0.004
0.04562,0,0
0.04563,-0.04,-0.004
0.04564,0,0
0.04565,-0.04,-0.004
0.04566,0,0
0.04567,-0.04,-0.004
0.04568,-0.04,-0.004
0.04569,0,-0.004
0.0457,0,-0.004
0.04571,0,0
0.04572,0,0
0.04573,0,-0.004
0.04574,-0.04,-0.004
0.04575,-0.04,-0.004
0.04576,-0.04,-0.004
0.04577,0,-0.004
0.04578,0,0
0.04579,-0.04,-0.004
0.0458,0,-0.004
0.04581,0,-0.004
0.04582,0,-0.004
0.04583,0,-0.004
0.04584,0,0
0.04585,0,-0.004
0.04586,-0.04,-0.004
0.04587,0,-0.004
0.04588,-0.04,-0.004
0.04589,-0.04,-0.004
0.0459,0,0
0.04591,-0.04,-0.004
0.04592,0,-0.004
0.04593,0,-0.004
0.04594,-0.04,-0.004
0.04595,0,0
0.04596,0,-0.004
0.04597,0,-0.004
0.04598,-0.04,0
0.04599,0,-0.004
0.046,-0.04,-0.004
0.04601,0,0
0.04602,-0.04,-0.004
0.04603,0,-0.004
0.04604,0,0
0.04605,0,-0.004
0.04606,-0.04,0
0.04607,-0.04,0
0.04608,0,-0.004
0.04609,0,0
0.0461,-0.04,0
0.04611,0,-0.004
0.04612,0,-0.004
0.04613,-0.04,-0.004
0.04614,0,-0.004
0.04615,0,0
0.04616,0,-0.004
0.04617,-0.04,-0.004
0.04618,0,-0.004
0.04619,0,-0.004
0.0462,0,0
0.04621,-0.04,-0.004
0.04622,-0.04,-0.004
0.04623,0,0
0.04624,0,-0.004
0.04625,0,-0.004
0.04626,0,-0.004
0.04627,0,-0.004
0.04628,-0.04,0
0.04629,0,-0.004
0.0463,0,-0.004
0.04631,0,0
0.04632,-0.04,0
0.04633,0,-0.004
0.04634,0,0
0.04635,0,-0.004
0.04636,0,0
0.04637,-0.04,0
0.04638,0,-0.004
0.04639,-0.04,-0.004
0.0464,0,0.004
0.04641,-0.04,0
0.04642,0,-0.004
0.04643,0,-0.004
0.04644,-0.04,0
0.04645,-0.04,-0.004
0.04646,0,-0.004
0.04647,0,-0.004
0.04648,0,-0.004
0.04649,-0.04,0
0.0465,-0.04,0
0.04651,0,-0.004
0.04652,0,0
0.04653,0,0
0.04654,0,-0.004
0.04655,-0.04,-0.004
0.04656,0,-0.004
0.04657,-0.04,-0.004
0.04658,0,-0.004
0.04659,-0.04,-0.004
0.0466,0,-0.004
0.04661,0,0
0.04662,-0.04,-0.004
0.04663,-0.04,-0.004
0.04664,-0.04,0
0.04665,0,-0.004
0.04666,0,-0.004
0.04667,0,-0.004
0.04668,-0.04,-0.004
0.04669,-0.04,-0.004
0.0467,-0.04,-0.004
0.04671,-0.04,-0.004
0.04672,0,0
0.04673,0,-0.004
0.04674,-0.04,-0.004
0.04675,0,0
0.04676,0,-0.004
0.04677,0,0
0.04678,0,-0.004
0.04679,0,0
0.0468,0,-0.004
0.04681,0,-0.004
0.04682,0,0.004
0.04683,0,-0.004
0.04684,0,0
0.04685,-0.04,0
0.04686,0,-0.004
0.04687,-0.04,0
0.04688,0,0
0.04689,0,-0.004
0.0469,0,-0.004
0.04691,0,-0.004
0.04692,0,0
0.04693,-0.04,-0.004
0.04694,0,-0.004
0.04695,0,-0.004
0.04696,0,0
0.04697,-0.04,-0.004
0.04698,-0.04,0
0.04699,-0.04,-0.004
0.047,-0.04,-0.004
0.04701,-0.04,-0.008
0.04702,-0.04,-0.004
0.04703,0,-0.004
0.04704,-0.04,0
0.04705,0,-0.008
0.04706,0,-0.004
0.04707,-0.04,0
0.04708,0,0
0.04709,-0.04,-0.004
0.0471,-0.04,-0.004
0.04711,-0.04,-0.004
0.04712,0,0
0.04713,-0.04,-0.004
0.04714,0,0
0.04715,0,0
0.04716,0,-0.004
0.04717,-0.04,0
0.04718,0,-0.004
0.04719,-0.04,0
0.0472,-0.04,0
0.04721,0,-0.004
0.04722,0,-0.004
0.04723,0,-0.004
0.04724,-0.04,-0.004
0.04725,0,-0.004
0.04726,0,0.004
0.04727,-0.04,0
0.04728,-0.04,-0.004
0.04729,0,-0.004
0.0473,-0.04,-0.004
0.04731,-0.04,0
0.04732,-0.04,-0.004
0.04733,-0.04,0
0.04734,0,0
0.04735,-0.04,-0.004
0.04736,0,-0.004
0.04737,-0.04,-0.004
0.04738,0,-0.004
0.04739,-0.04,0
0.0474,-0.04,-0.004
0.04741,0,-0.004
0.04742,-0.04,-0.004
0.04743,-0.04,-0.004
0.04744,-0.04,-0.004
0.04745,-0.04,-0.004
0.04746,0,-0.004
0.04747,-0.04,-0.004
0.04748,0,-0.004
0.04749,0,-0.004
0.0475,0,0
0.04751,-0.04,0
0.04752,0,-0.004
0.04753,0,-0.004
0.04754,-0.04,0
0.04755,0,-0.004
0.04756,0,-0.004
0.04757,0,0
0.04758,0,-0.004
0.04759,0,-0.004
0.0476,0,-0.004
0.04761,0,0
0.04762,0,-0.004
0.04763,0,-0.004
0.04764,0,0.004
0.04765,-0.04,0
0.04766,0,-0.004
0.04767,0,0
0.04768,0,-0.004
0.04769,0,-0.004
0.0477,0,-0.004
0.04771,-0.04,-0.004
0.04772,-0.04,0
0.04773,0,-0.004
0.04774,-0.04,-0.004
0.04775,0,0
0.04776,0,0
0.04777,0,0
0.04778,0,-0.004
0.04779,0,-0.004
0.0478,0,0
0.04781,-0.04,-0.004
0.04782,-0.04,-0.004
0.04783,0,0
0.04784,-0.04,-0.004
0.04785,0,-0.004
0.04786,0,-0.004
0.04787,-0.04,0
0.04788,0,-0.008
0.04789,0,-0.004
0.0479,0,0
0.04791,-0.04,0
0.04792,-0.04,-0.004
0.04793,-0.04,-0.004
0.04794,0,0
0.04795,0,-0.008
0.04796,0,-0.004
0.04797,0,-0.004
0.04798,0,-0.004
0.04799,-0.04,-0.004
0.048,-0.04,-0.004
0.04801,0,-0.004
0.04802,0,-0.004
0.04803,0,-0.004
0.04804,0,-0.004
0.04805,-0.04,-0.004
0.04806,0,-0.004
0.04807,0,-0.004
0.04808,0,0
0.04809,0,-0.004
0.0481,-0.04,0
0.04811,-0.04,-0.004
0.04812,-0.04,-0.004
0.04813,-0.04,-0.004
0.04814,-0.04,-0.004
0.04815,0,-0.004
0.04816,-0.04,-0.004
0.04817,0,-0.004
0.04818,0,-0.004
0.04819,0,0
0.0482,0,-0.008
0.04821,0,0
0.04822,-0.04,0
0.04823,0,0
0.04824,0,-0.004
0.04825,0,-0.004
0.04826,0,-0.004
0.04827,-0.04,-0.004
0.04828,-0.04,-0.004
0.04829,0,-0.004
0.0483,0,-0.004
0.04831,0,-0.004
0.04832,0,-0.004
0.04833,0,0
0.04834,-0.04,0
0.04835,0,-0.004
0.04836,0,0
0.04837,0,0
0.04838,0,-0.004
0.04839,0,-0.004
0.0484,0,-0.004
0.04841,0,-0.004
0.04842,0,-0.004
0.04843,-0.04,-0.004
0.04844,0,0.004
0.04845,0,-0.004
0.04846,0,-0.004
0.04847,-0.04,0
0.04848,0,-0.004
0.04849,0,-0.004
0.0485,0,-0.004
0.04851,0,-0.004
0.04852,0,-0.004
0.04853,0,-0.004
0.04854,0,-0.004
0.04855,-0.04,-0.004
0.04856,0,-0.004
0.04857,-0.04,-0.004
0.04858,-0.04,-0.004
0.04859,0,0
0.0486,0,0
0.04861,-0.04,-0.004
0.04862,-0.04,0
0.04863,-0.04,0
0.04864,0,0.004
0.04865,-0.04,-0.004
0.04866,0,-0.004
0.04867,-0.04,0
0.04868,0,-0.004
0.04869,-0.04,0
0.0487,0,-0.004
0.04871,-0.04,-0.004
0.04872,-0.04,0
0.04873,0,-0.004
0.04874,0,-0.004
0.04875,0,0.004
0.04876,0,-0.004
0.04877,-0.04,-0.004
0.04878,0,-0.004
0.04879,-0.04,-0.004
0.0488,-0.04,0
0.04881,-0.04,-0.004
0.04882,0,0
0.04883,0,0
0.04884,0,-0.004
0.04885,-0.04,0
0.04886,-0.04,0.004
0.04887,0,0.004
0.04888,0,0.004
0.04889,-0.04,0
0.0489,0,0
0.04891,0,-0.004
0.04892,-0.04,-0.004
0.04893,0,-0.004
0.04894,0,-0.004
0.04895,0,-0.004
0.04896,0,-0.004
0.04897,-0.04,-0.004
0.04898,0,0
0.04899,0,-0.004
0.049,-0.04,-0.004
0.04901,-0.04,0
0.04902,0,0.004
0.04903,-0.04,-0.004
0.04904,-0.04,-0.004
0.04905,-0.04,0
0.04906,-0.04,-0.004
0.04907,0,0.004
0.04908,-0.04,0
0.04909,0,0
0.0491,-0.04,0
0.04911,0,-0.004
0.04912,0,-0.004
0.04913,-0.04,-0.004
0.04914,0,0
0.04915,0,-0.004
0.04916,0,0
0.04917,-0.04,0
0.04918,-0.04,0.004
0.04919,0,-0.004
0.0492,0,-0.004
0.04921,0,-0.004
0.04922,0,0
0.04923,-0.04,-0.004
0.04924,0,-0.004
0.04925,-0.04,0
0.04926,0,-0.004
0.04927,0,-0.004
0.04928,-0.04,0
0.04929,0,0.004
0.0493,-0.04,0
0.04931,-0.04,-0.004
0.04932,0,0
0.04933,0,0.004
0.04934,0,0.004
0.04935,0,-0.004
0.04936,-0.04,-0.004
0.04937,0,0
0.04938,0,-0.004
0.04939,0,0.004
0.0494,0,0
0.04941,-0.04,-0.004
0.04942,-0.04,0
0.04943,-0.04,-0.004
0.04944,0,-0.004
0.04945,0,0
0.04946,0,-0.004
0.04947,0,-0.004
0.04948,-0.04,-0.004
0.04949,0,-0.004
0.0495,0,-0.004
0.04951,0,-0.004
0.04952,-0.04,-0.004
0.04953,0,0
0.04954,-0.04,-0.004
0.04955,0,-0.004
0.04956,0,-0.004
0.04957,0,0
0.04958,0,0.004
0.04959,0,0
