0.00896,-0.08,-1.36
0.0089604,-0.08,-1.36
0.0089608,-0.04,-1.32
0.0089612,-0.08,-1.32
0.0089616,-0.08,-1.4
0.008962,-0.08,-1.36
0.0089624,-0.12,-1.32
0.0089628,-0.12,-1.36
0.0089632,-0.08,-1.4
0.0089636,-0.08,-1.36
0.008964,-0.04,-1.36
0.0089644,-0.12,-1.32
0.0089648,-0.08,-1.32
0.0089652,-0.08,-1.32
0.0089656,-0.12,-1.36
0.008966,-0.08,-1.32
0.0089664,-0.08,-1.32
0.0089668,-0.08,-1.32
0.0089672,-0.08,-1.36
0.0089676,-0.04,-1.36
0.008968,-0.12,-1.36
0.0089684,-0.12,-1.32
0.0089688,-0.08,-1.36
0.0089692,-0.12,-1.36
0.0089696,-0.08,-1.32
0.00897,-0.08,-1.32
0.0089704,-0.12,-1.36
0.0089708,-0.08,-1.36
0.0089712,-0.08,-1.32
0.0089716,-0.08,-1.32
0.008972,-0.08,-1.36
0.0089724,-0.08,-1.36
0.0089728,-0.08,-1.36
0.0089732,-0.08,-1.32
0.0089736,-0.08,-1.32
0.008974,-0.12,-1.32
0.0089744,-0.12,-1.32
0.0089748,-0.04,-1.32
0.0089752,-0.08,-1.32
0.0089756,-0.12,-1.32
0.008976,-0.08,-1.36
0.0089764,-0.04,-1.36
0.0089768,-0.12,-1.28
0.0089772,-0.12,-1.36
0.0089776,-0.08,-1.32
0.008978,-0.08,-1.36
0.0089784,-0.12,-1.32
0.0089788,-0.12,-1.32
0.0089792,-0.08,-1.36
0.0089796,-0.08,-1.32
0.00898,-0.04,-1.32
0.0089804,-0.12,-1.32
0.0089808,-0.08,-1.28
0.0089812,-0.08,-1.36
0.0089816,-0.08,-1.32
0.008982,-0.08,-1.28
0.0089824,-0.04,-1.32
0.0089828,-0.08,-1.28
0.0089832,-0.08,-1.28
0.0089836,-0.08,-1.28
0.008984,-0.08,-1.28
0.0089844,-0.08,-1.28
0.0089848,-0.08,-1.28
0.0089852,-0.08,-1.32
0.0089856,-0.04,-1.28
0.008986,-0.08,-1.28
0.0089864,-0.04,-1.32
0.0089868,-0.08,-1.24
0.0089872,-0.12,-1.28
0.0089876,-0.04,-1.28
0.008988,-0.08,-1.32
0.0089884,-0.08,-1.28
0.0089888,-0.08,-1.24
0.0089892,-0.08,-1.32
0.0089896,-0.08,-1.28
0.00899,-0.04,-1.32
0.0089904,-0.08,-1.32
0.0089908,-0.08,-1.28
0.0089912,-0.04,-1.24
0.0089916,-0.04,-1.28
0.008992,-0.16,-1.28
0.0089924,0,-1.28
0.0089928,-0.08,-1.28
0.0089932,-0.08,-1.32
0.0089936,-0.08,-1.28
0.008994,-0.08,-1.28
0.0089944,-0.04,-1.32
0.0089948,-0.08,-1.28
0.0089952,-0.04,-1.28
0.0089956,-0.08,-1.32
0.008996,-0.04,-1.28
0.0089964,-0.08,-1.28
0.0089968,-0.08,-1.28
0.0089972,-0.04,-1.32
0.0089976,-0.04,-1.28
0.008998,-0.08,-1.28
0.0089984,-0.08,-1.28
0.0089988,-0.08,-1.32
0.0089992,-0.08,-1.32
0.0089996,-0.04,-1.28
0.009,-0.04,-1.28
0.0090004,-0.04,-1.24
0.0090008,-0.08,-1.24
0.0090012,-0.04,-1.32
0.0090016,-0.04,-1.24
0.009002,-0.04,-1.28
0.0090024,-0.08,-1.24
0.0090028,4.8,2.44
0.0090032,4.8,3.44
0.0090036,4.84,3.56
0.009004,4.8,3.6
0.0090044,4.84,3.6
0.0090048,4.8,3.6
0.0090052,4.84,3.64
0.0090056,4.8,3.64
0.009006,4.88,3.64
0.0090064,4.8,3.6
0.0090068,4.8,3.56
0.0090072,4.8,3.56
0.0090076,4.8,3.6
0.009008,4.84,3.6
0.0090084,4.8,3.6
0.0090088,4.88,3.6
0.0090092,4.84,3.64
0.0090096,4.84,3.6
0.00901,4.8,3.64
0.0090104,4.84,3.68
0.0090108,4.8,3.6
0.0090112,4.84,3.64
0.0090116,4.84,3.6
0.009012,4.84,3.6
0.0090124,4.84,3.64
0.0090128,4.84,3.64
0.0090132,4.8,3.6
0.0090136,4.84,3.6
0.009014,4.84,3.6
0.0090144,4.84,3.6
0.0090148,4.8,3.6
0.0090152,4.84,3.6
0.0090156,4.84,3.64
0.009016,4.8,3.64
0.0090164,4.84,3.6
0.0090168,4.8,3.6
0.0090172,4.84,3.64
0.0090176,4.84,3.56
0.009018,4.84,3.6
0.0090184,4.84,3.56
0.0090188,4.8,3.6
0.0090192,4.84,3.6
0.0090196,4.84,3.64
0.00902,4.84,3.6
0.0090204,4.8,3.56
0.0090208,4.84,3.56
0.0090212,4.84,3.6
0.0090216,4.8,3.56
0.009022,4.8,3.56
0.0090224,4.84,3.6
0.0090228,4.84,3.56
0.0090232,4.8,3.56
0.0090236,4.84,3.56
0.009024,4.84,3.52
0.0090244,4.84,3.56
0.0090248,4.8,3.6
0.0090252,4.8,3.56
0.0090256,4.84,3.56
0.009026,4.84,3.56
0.0090264,4.8,3.56
0.0090268,4.84,3.6
0.0090272,4.84,3.6
0.0090276,4.84,3.56
0.009028,4.84,3.56
0.0090284,4.88,3.6
0.0090288,4.8,3.52
0.0090292,4.8,3.6
0.0090296,4.8,3.56
0.00903,4.88,3.52
0.0090304,4.88,3.6
0.0090308,4.8,3.6
0.0090312,4.84,3.6
0.0090316,4.84,3.6
0.009032,4.8,3.6
0.0090324,4.84,3.52
0.0090328,4.84,3.6
0.0090332,4.88,3.52
0.0090336,4.84,3.56
0.009034,4.8,3.56
0.0090344,4.84,3.6
0.0090348,4.84,3.6
0.0090352,4.8,3.56
0.0090356,4.84,3.56
0.009036,4.84,3.56
0.0090364,4.84,3.56
0.0090368,4.84,3.56
0.0090372,4.84,3.56
0.0090376,4.84,3.56
0.009038,4.84,3.52
0.0090384,4.84,3.52
0.0090388,4.84,3.52
0.0090392,4.88,3.52
0.0090396,4.8,3.56
0.00904,4.84,3.56
0.0090404,4.84,3.56
0.0090408,4.84,3.56
0.0090412,4.84,3.52
0.0090416,4.84,3.52
0.009042,4.8,3.48
0.0090424,4.84,3.52
0.0090428,4.84,3.52
0.0090432,4.84,3.52
0.0090436,4.84,3.52
0.009044,4.84,3.52
0.0090444,4.84,3.52
0.0090448,4.8,3.52
0.0090452,4.8,3.56
0.0090456,4.84,3.6
0.009046,4.84,3.52
0.0090464,4.84,3.52
0.0090468,4.8,3.52
0.0090472,4.84,3.52
0.0090476,4.84,3.52
0.009048,4.84,3.56
0.0090484,4.84,3.52
0.0090488,4.84,3.52
0.0090492,4.84,3.52
0.0090496,4.88,3.48
0.00905,4.84,3.52
0.0090504,4.84,3.56
0.0090508,4.8,3.52
0.0090512,4.84,3.48
0.0090516,4.8,3.56
0.009052,4.84,3.52
0.0090524,4.8,3.52
0.0090528,4.84,3.48
0.0090532,4.88,3.52
0.0090536,4.84,3.52
0.009054,4.88,3.52
0.0090544,4.84,3.52
0.0090548,4.88,3.52
0.0090552,4.84,3.56
0.0090556,4.84,3.48
0.009056,4.8,3.52
0.0090564,4.8,3.48
0.0090568,4.84,3.48
0.0090572,4.8,3.44
0.0090576,4.84,3.56
0.009058,4.88,3.48
0.0090584,4.84,3.48
0.0090588,4.84,3.48
0.0090592,4.88,3.48
0.0090596,4.88,3.44
0.00906,4.84,3.48
0.0090604,4.84,3.44
0.0090608,4.84,3.52
0.0090612,4.84,3.48
0.0090616,4.84,3.48
0.009062,4.84,3.48
0.0090624,4.88,3.48
0.0090628,4.8,3.44
0.0090632,4.84,3.48
0.0090636,4.88,3.44
0.009064,4.88,3.48
0.0090644,4.8,3.48
0.0090648,4.8,3.48
0.0090652,4.84,3.48
0.0090656,4.88,3.48
0.009066,4.8,3.48
0.0090664,4.84,3.44
0.0090668,4.84,3.44
0.0090672,4.84,3.48
0.0090676,4.8,3.48
0.009068,4.84,3.48
0.0090684,4.8,3.44
0.0090688,4.84,3.44
0.0090692,4.84,3.44
0.0090696,4.88,3.4
0.00907,4.84,3.48
0.0090704,4.84,3.44
0.0090708,4.84,3.44
0.0090712,4.84,3.44
0.0090716,4.8,3.4
0.009072,4.84,3.44
0.0090724,4.8,3.44
0.0090728,4.8,3.44
0.0090732,4.84,3.44
0.0090736,4.84,3.4
0.009074,4.8,3.44
0.0090744,4.84,3.44
0.0090748,4.8,3.44
0.0090752,4.8,3.4
0.0090756,4.84,3.4
0.009076,4.8,3.4
0.0090764,4.84,3.4
0.0090768,4.84,3.36
0.0090772,4.8,3.36
0.0090776,4.84,3.4
0.009078,4.8,3.4
0.0090784,4.84,3.4
0.0090788,4.84,3.44
0.0090792,4.8,3.4
0.0090796,4.8,3.44
0.00908,4.84,3.4
0.0090804,4.88,3.4
0.0090808,4.8,3.44
0.0090812,4.84,3.44
0.0090816,4.8,3.4
0.009082,4.8,3.4
0.0090824,4.8,3.44
0.0090828,4.84,3.44
0.0090832,4.8,3.4
0.0090836,4.84,3.4
0.009084,4.8,3.44
0.0090844,4.8,3.44
0.0090848,4.8,3.4
0.0090852,4.84,3.4
0.0090856,4.84,3.4
0.009086,4.84,3.4
0.0090864,4.84,3.36
0.0090868,4.76,3.4
0.0090872,4.84,3.44
0.0090876,4.8,3.4
0.009088,4.84,3.44
0.0090884,4.88,3.4
0.0090888,4.84,3.4
0.0090892,4.84,3.4
0.0090896,4.84,3.4
0.00909,4.8,3.4
0.0090904,4.84,3.4
0.0090908,4.8,3.4
0.0090912,4.84,3.4
0.0090916,4.84,3.36
0.009092,4.84,3.36
0.0090924,4.8,3.36
0.0090928,4.84,3.36
0.0090932,4.84,3.36
0.0090936,4.84,3.4
0.009094,4.84,3.36
0.0090944,4.88,3.36
0.0090948,4.84,3.36
0.0090952,4.84,3.36
0.0090956,4.8,3.32
0.009096,4.88,3.36
0.0090964,4.8,3.32
0.0090968,4.84,3.36
0.0090972,4.84,3.36
0.0090976,4.84,3.36
0.009098,4.8,3.36
0.0090984,4.88,3.36
0.0090988,4.84,3.4
0.0090992,4.84,3.4
0.0090996,4.84,3.36
0.0091,4.84,3.36
0.0091004,4.84,3.36
0.0091008,4.84,3.36
0.0091012,4.84,3.36
0.0091016,4.84,3.36
0.009102,4.8,3.36
0.0091024,4.84,3.36
0.0091028,4.84,3.36
0.0091032,4.8,3.36
0.0091036,4.88,3.36
0.009104,4.84,3.36
0.0091044,4.84,3.36
0.0091048,4.8,3.36
0.0091052,4.88,3.4
0.0091056,4.8,3.32
0.009106,4.84,3.36
0.0091064,4.8,3.36
0.0091068,4.84,3.32
0.0091072,4.8,3.36
0.0091076,4.84,3.36
0.009108,4.8,3.36
0.0091084,4.8,3.36
0.0091088,4.84,3.4
0.0091092,4.84,3.36
0.0091096,4.84,3.36
0.00911,4.84,3.32
0.0091104,4.8,3.32
0.0091108,4.84,3.28
0.0091112,4.84,3.32
0.0091116,4.84,3.36
0.009112,4.84,3.32
0.0091124,4.84,3.32
0.0091128,4.84,3.36
0.0091132,4.84,3.32
0.0091136,4.84,3.32
0.009114,4.84,3.36
0.0091144,4.8,3.28
0.0091148,4.8,3.32
0.0091152,4.84,3.32
0.0091156,4.84,3.28
0.009116,4.8,3.28
0.0091164,4.76,3.28
0.0091168,4.88,3.32
0.0091172,4.84,3.28
0.0091176,4.8,3.32
0.009118,4.76,3.28
0.0091184,4.84,3.28
0.0091188,4.76,3.32
0.0091192,4.84,3.28
0.0091196,4.84,3.32
0.00912,4.84,3.32
0.0091204,4.8,3.32
0.0091208,4.84,3.28
0.0091212,4.84,3.32
0.0091216,4.88,3.28
0.009122,4.8,3.32
0.0091224,4.84,3.32
0.0091228,4.84,3.32
0.0091232,4.84,3.32
0.0091236,4.84,3.28
0.009124,4.88,3.32
0.0091244,4.84,3.32
0.0091248,4.84,3.28
0.0091252,4.84,3.28
0.0091256,4.84,3.28
0.009126,4.8,3.28
0.0091264,4.8,3.28
0.0091268,4.84,3.32
0.0091272,4.84,3.28
0.0091276,4.84,3.28
0.009128,4.84,3.28
0.0091284,4.84,3.28
0.0091288,4.84,3.28
0.0091292,4.8,3.28
0.0091296,4.8,3.28
0.00913,4.84,3.24
0.0091304,4.8,3.28
0.0091308,4.8,3.24
0.0091312,4.84,3.24
0.0091316,4.84,3.24
0.009132,4.84,3.24
0.0091324,4.88,3.24
0.0091328,4.84,3.28
0.0091332,4.8,3.28
0.0091336,4.76,3.28
0.009134,4.84,3.28
0.0091344,4.8,3.28
0.0091348,4.84,3.24
0.0091352,4.8,3.24
0.0091356,4.84,3.24
0.009136,4.8,3.24
0.0091364,4.84,3.24
0.0091368,4.84,3.24
0.0091372,4.88,3.24
0.0091376,4.84,3.28
0.009138,4.88,3.2
0.0091384,4.84,3.28
0.0091388,4.8,3.24
0.0091392,4.8,3.28
0.0091396,4.84,3.24
0.00914,4.84,3.24
0.0091404,4.8,3.24
0.0091408,4.8,3.28
0.0091412,4.84,3.24
0.0091416,4.84,3.24
0.009142,4.84,3.24
0.0091424,4.84,3.2
0.0091428,4.84,3.24
0.0091432,4.88,3.24
0.0091436,4.8,3.28
0.009144,4.8,3.24
0.0091444,4.84,3.24
0.0091448,4.88,3.28
0.0091452,4.76,3.24
0.0091456,4.84,3.2
0.009146,4.8,3.2
0.0091464,4.88,3.24
0.0091468,4.8,3.24
0.0091472,4.8,3.2
0.0091476,4.8,3.2
0.009148,4.84,3.2
0.0091484,4.8,3.24
0.0091488,4.84,3.16
0.0091492,4.8,3.2
0.0091496,4.84,3.2
0.00915,4.8,3.2
0.0091504,4.84,3.2
0.0091508,4.8,3.24
0.0091512,4.84,3.2
0.0091516,4.84,3.2
0.009152,4.84,3.2
0.0091524,4.84,3.2
0.0091528,4.84,3.2
0.0091532,4.84,3.2
0.0091536,4.88,3.16
0.009154,4.8,3.2
0.0091544,4.84,3.16
0.0091548,4.84,3.2
0.0091552,4.88,3.16
0.0091556,4.84,3.16
0.009156,4.8,3.2
0.0091564,4.84,3.2
0.0091568,4.84,3.2
0.0091572,4.84,3.2
0.0091576,4.8,3.2
0.009158,4.84,3.2
0.0091584,4.84,3.2
0.0091588,4.84,3.2
0.0091592,4.84,3.2
0.0091596,4.8,3.2
0.00916,4.8,3.2
0.0091604,4.84,3.2
0.0091608,4.84,3.16
0.0091612,4.8,3.2
0.0091616,4.8,3.2
0.009162,4.8,3.2
0.0091624,4.84,3.16
0.0091628,4.84,3.2
0.0091632,4.8,3.2
0.0091636,4.8,3.16
0.009164,4.8,3.16
0.0091644,4.84,3.12
0.0091648,4.84,3.16
0.0091652,4.8,3.16
0.0091656,4.84,3.16
0.009166,4.76,3.16
0.0091664,4.84,3.16
0.0091668,4.84,3.16
0.0091672,4.84,3.12
0.0091676,4.84,3.16
0.009168,4.84,3.12
0.0091684,4.84,3.16
0.0091688,4.84,3.16
0.0091692,4.84,3.16
0.0091696,4.8,3.16
0.00917,4.8,3.16
0.0091704,4.84,3.2
0.0091708,4.8,3.16
0.0091712,4.88,3.16
0.0091716,4.76,3.16
0.009172,4.84,3.16
0.0091724,4.8,3.2
0.0091728,4.84,3.12
0.0091732,4.76,3.16
0.0091736,4.8,3.16
0.009174,4.8,3.16
0.0091744,4.84,3.12
0.0091748,4.8,3.16
0.0091752,4.84,3.12
0.0091756,4.8,3.16
0.009176,4.84,3.12
0.0091764,4.8,3.12
0.0091768,4.84,3.16
0.0091772,4.8,3.16
0.0091776,4.84,3.16
0.009178,4.84,3.12
0.0091784,4.8,3.16
0.0091788,4.84,3.12
0.0091792,4.8,3.16
0.0091796,4.84,3.16
0.00918,4.8,3.08
0.0091804,4.84,3.12
0.0091808,4.8,3.16
0.0091812,4.84,3.16
0.0091816,4.8,3.12
0.009182,4.84,3.12
0.0091824,4.84,3.12
0.0091828,4.84,3.12
0.0091832,4.8,3.12
0.0091836,4.8,3.12
0.009184,4.84,3.12
0.0091844,4.88,3.16
0.0091848,4.8,3.12
0.0091852,4.84,3.12
0.0091856,4.8,3.08
0.009186,4.8,3.12
0.0091864,4.84,3.12
0.0091868,4.84,3.12
0.0091872,4.84,3.12
0.0091876,4.8,3.12
0.009188,4.8,3.12
0.0091884,4.84,3.08
0.0091888,4.8,3.08
0.0091892,4.84,3.12
0.0091896,4.8,3.12
0.00919,4.8,3.08
0.0091904,4.76,3.08
0.0091908,4.8,3.12
0.0091912,4.84,3.12
0.0091916,4.84,3.12
0.009192,4.8,3.08
0.0091924,4.8,3.08
0.0091928,4.84,3.16
0.0091932,4.84,3.08
0.0091936,4.8,3.12
0.009194,4.8,3.12
0.0091944,4.88,3.12
0.0091948,4.8,3.04
0.0091952,4.8,3.12
0.0091956,4.8,3.08
0.009196,4.8,3.08
0.0091964,4.8,3.04
0.0091968,4.84,3.08
0.0091972,4.84,3.08
0.0091976,4.84,3.08
0.009198,4.84,3.08
0.0091984,4.8,3.12
0.0091988,4.8,3.04
0.0091992,4.84,3.08
0.0091996,4.8,3.12
0.0092,4.8,3.08
0.0092004,4.84,3.04
0.0092008,4.88,3.08
0.0092012,4.76,3.08
0.0092016,4.84,3.08
0.009202,4.8,3.04
0.0092024,4.84,3.04
0.0092028,4.84,3.12
0.0092032,4.8,3.04
0.0092036,4.84,3.12
0.009204,4.84,3.12
0.0092044,4.8,3.08
0.0092048,4.84,3.04
0.0092052,4.8,3.04
0.0092056,4.8,3.08
0.009206,4.84,3.08
0.0092064,4.8,3.04
0.0092068,4.8,3.04
0.0092072,4.84,3.08
0.0092076,4.84,3.04
0.009208,4.8,3.04
0.0092084,4.8,3.08
0.0092088,4.8,3.04
0.0092092,4.84,3.04
0.0092096,4.84,3.04
0.00921,4.84,3.04
0.0092104,4.84,3.08
0.0092108,4.84,3.08
0.0092112,4.8,3
0.0092116,4.84,3.04
0.009212,4.84,3.08
0.0092124,4.84,3.04
0.0092128,4.8,3.08
0.0092132,4.8,3.04
0.0092136,4.8,3.08
0.009214,4.84,3
0.0092144,4.8,3.04
0.0092148,4.84,3.04
0.0092152,4.84,3.04
0.0092156,4.84,3.04
0.009216,4.8,3.08
0.0092164,4.88,3.04
0.0092168,4.84,3
0.0092172,4.84,3.08
0.0092176,4.84,3.04
0.009218,4.84,3
0.0092184,4.76,3.08
0.0092188,4.8,3
0.0092192,4.84,3.04
0.0092196,4.8,3.04
0.00922,4.8,3
0.0092204,4.8,3.04
0.0092208,4.84,3
0.0092212,4.76,3.04
0.0092216,4.84,3.04
0.009222,4.8,3
0.0092224,4.84,3.04
0.0092228,4.76,3
0.0092232,4.8,3.04
0.0092236,4.8,3
0.009224,4.84,3.04
0.0092244,4.8,3.04
0.0092248,4.84,3.04
0.0092252,4.76,2.96
0.0092256,4.8,3
0.009226,4.84,3.04
0.0092264,4.84,3.04
0.0092268,4.8,3
0.0092272,4.8,3
0.0092276,4.8,3
0.009228,4.76,2.96
0.0092284,4.8,3
0.0092288,4.8,2.96
0.0092292,4.8,3
0.0092296,4.84,3.04
0.00923,4.8,3
0.0092304,4.8,3
0.0092308,4.84,3
0.0092312,4.8,3
0.0092316,4.8,3.04
0.009232,4.8,2.96
0.0092324,4.76,3
0.0092328,4.8,3
0.0092332,4.84,2.96
0.0092336,4.8,2.96
0.009234,4.84,3
0.0092344,4.8,2.96
0.0092348,4.8,3
0.0092352,4.76,3
0.0092356,4.84,2.96
0.009236,4.8,2.96
0.0092364,4.8,2.96
0.0092368,4.8,2.96
0.0092372,4.84,3
0.0092376,4.8,3
0.009238,4.8,2.96
0.0092384,4.8,3
0.0092388,4.8,3
0.0092392,4.76,3
0.0092396,4.84,3
0.00924,4.8,3
0.0092404,4.84,2.96
0.0092408,4.8,2.96
0.0092412,4.8,2.96
0.0092416,4.8,2.96
0.009242,4.84,2.96
0.0092424,4.8,2.96
0.0092428,4.76,2.96
0.0092432,4.8,3
0.0092436,4.8,2.96
0.009244,4.76,2.96
0.0092444,4.8,2.96
0.0092448,4.76,2.92
0.0092452,4.8,2.96
0.0092456,4.8,3
0.009246,4.8,2.96
0.0092464,4.84,2.96
0.0092468,4.8,2.96
0.0092472,4.84,2.96
0.0092476,4.84,2.92
0.009248,4.8,2.96
0.0092484,4.8,2.96
0.0092488,4.84,3
0.0092492,4.8,2.92
0.0092496,4.8,3
0.00925,4.8,2.96
0.0092504,4.8,2.92
0.0092508,4.8,2.96
0.0092512,4.84,3
0.0092516,4.8,2.96
0.009252,4.84,2.96
0.0092524,4.76,3
0.0092528,4.76,2.96
0.0092532,4.8,3
0.0092536,4.8,2.92
0.009254,4.8,2.92
0.0092544,4.84,2.96
0.0092548,4.8,2.92
0.0092552,4.8,2.92
0.0092556,4.8,2.92
0.009256,4.84,2.96
0.0092564,4.84,2.96
0.0092568,4.84,2.96
0.0092572,4.84,2.96
0.0092576,4.8,2.92
0.009258,4.84,2.96
0.0092584,4.76,2.92
0.0092588,4.8,2.96
0.0092592,4.8,2.92
0.0092596,4.8,2.88
0.00926,4.8,2.92
0.0092604,4.8,2.92
0.0092608,4.8,2.92
0.0092612,4.84,2.92
0.0092616,4.8,2.96
0.009262,4.84,2.92
0.0092624,4.8,2.92
0.0092628,4.84,2.92
0.0092632,4.8,2.92
0.0092636,4.8,2.96
0.009264,4.76,2.92
0.0092644,4.8,2.96
0.0092648,4.76,2.88
0.0092652,4.8,2.92
0.0092656,4.8,2.92
0.009266,4.84,2.92
0.0092664,4.8,2.92
0.0092668,4.8,2.88
0.0092672,4.76,2.96
0.0092676,4.84,2.92
0.009268,4.8,2.92
0.0092684,4.8,2.92
0.0092688,4.8,2.96
0.0092692,4.88,2.92
0.0092696,4.8,2.88
0.00927,4.8,2.88
0.0092704,4.8,2.92
0.0092708,4.8,2.92
0.0092712,4.8,2.88
0.0092716,4.84,2.92
0.009272,4.8,2.92
0.0092724,4.8,2.88
0.0092728,4.8,2.92
0.0092732,4.76,2.92
0.0092736,4.84,2.92
0.009274,4.76,2.88
0.0092744,4.84,2.88
0.0092748,4.8,2.88
0.0092752,4.84,2.88
0.0092756,4.76,2.88
0.009276,4.8,2.88
0.0092764,4.8,2.88
0.0092768,4.8,2.92
0.0092772,4.8,2.88
0.0092776,4.8,2.88
0.009278,4.8,2.88
0.0092784,4.84,2.92
0.0092788,4.8,2.92
0.0092792,4.8,2.88
0.0092796,4.84,2.88
0.00928,4.84,2.88
0.0092804,4.8,2.88
0.0092808,4.8,2.84
0.0092812,4.8,2.88
0.0092816,4.8,2.88
0.009282,4.8,2.88
0.0092824,4.84,2.88
0.0092828,4.84,2.84
0.0092832,4.84,2.84
0.0092836,4.84,2.88
0.009284,4.8,2.84
0.0092844,4.84,2.88
0.0092848,4.8,2.84
0.0092852,4.84,2.88
0.0092856,4.8,2.88
0.009286,4.84,2.84
0.0092864,4.8,2.84
0.0092868,4.84,2.84
0.0092872,4.8,2.88
0.0092876,4.76,2.88
0.009288,4.76,2.88
0.0092884,4.8,2.84
0.0092888,4.8,2.88
0.0092892,4.84,2.88
0.0092896,4.84,2.88
0.00929,4.88,2.84
0.0092904,4.76,2.84
0.0092908,4.84,2.88
0.0092912,4.8,2.88
0.0092916,4.8,2.84
0.009292,4.76,2.88
0.0092924,4.84,2.84
0.0092928,4.76,2.84
0.0092932,4.84,2.84
0.0092936,4.76,2.88
0.009294,4.8,2.84
0.0092944,4.8,2.88
0.0092948,4.84,2.84
0.0092952,4.8,2.84
0.0092956,4.84,2.84
0.009296,4.8,2.84
0.0092964,4.84,2.88
0.0092968,4.8,2.88
0.0092972,4.8,2.84
0.0092976,4.76,2.88
0.009298,4.8,2.8
0.0092984,4.84,2.88
0.0092988,4.8,2.84
0.0092992,4.84,2.84
0.0092996,4.84,2.88
0.0093,4.8,2.84
0.0093004,4.84,2.84
0.0093008,4.84,2.84
0.0093012,4.8,2.84
0.0093016,4.84,2.84
0.009302,4.8,2.84
0.0093024,4.8,2.84
0.0093028,4.76,2.8
0.0093032,4.84,2.84
0.0093036,4.76,2.84
0.009304,4.8,2.88
0.0093044,4.8,2.8
0.0093048,4.8,2.8
0.0093052,4.8,2.84
0.0093056,4.8,2.8
0.009306,4.8,2.8
0.0093064,4.84,2.84
0.0093068,4.8,2.84
0.0093072,4.84,2.8
0.0093076,4.8,2.8
0.009308,4.8,2.8
0.0093084,4.8,2.88
0.0093088,4.76,2.8
0.0093092,4.8,2.84
0.0093096,4.8,2.8
0.00931,4.8,2.84
0.0093104,4.8,2.76
0.0093108,4.84,2.84
0.0093112,4.84,2.8
0.0093116,4.76,2.84
0.009312,4.76,2.8
0.0093124,4.76,2.8
0.0093128,4.8,2.8
0.0093132,4.84,2.8
0.0093136,4.84,2.8
0.009314,4.84,2.76
0.0093144,4.84,2.84
0.0093148,4.84,2.84
0.0093152,4.8,2.76
0.0093156,4.76,2.76
0.009316,4.84,2.76
0.0093164,4.8,2.8
0.0093168,4.76,2.76
0.0093172,4.8,2.8
0.0093176,4.8,2.8
0.009318,4.84,2.8
0.0093184,4.8,2.76
0.0093188,4.8,2.8
0.0093192,4.8,2.8
0.0093196,4.8,2.8
0.00932,4.8,2.8
0.0093204,4.84,2.8
0.0093208,4.8,2.84
0.0093212,4.8,2.76
0.0093216,4.84,2.8
0.009322,4.8,2.8
0.0093224,4.8,2.8
0.0093228,4.84,2.8
0.0093232,4.84,2.8
0.0093236,4.8,2.8
0.009324,4.84,2.76
0.0093244,4.8,2.76
0.0093248,4.76,2.8
0.0093252,4.8,2.72
0.0093256,4.88,2.76
0.009326,4.84,2.76
0.0093264,4.8,2.76
0.0093268,4.8,2.72
0.0093272,4.8,2.8
0.0093276,4.8,2.84
0.009328,4.8,2.76
0.0093284,4.8,2.8
0.0093288,4.8,2.76
0.0093292,4.84,2.76
0.0093296,4.84,2.8
0.00933,4.8,2.76
0.0093304,4.84,2.76
0.0093308,4.8,2.76
0.0093312,4.8,2.8
0.0093316,4.76,2.76
0.009332,4.76,2.8
0.0093324,4.8,2.8
0.0093328,4.8,2.72
0.0093332,4.8,2.8
0.0093336,4.8,2.76
0.009334,4.76,2.8
0.0093344,4.8,2.76
0.0093348,4.8,2.72
0.0093352,4.8,2.8
0.0093356,4.8,2.76
0.009336,4.8,2.76
0.0093364,4.84,2.76
0.0093368,4.76,2.72
0.0093372,4.76,2.76
0.0093376,4.8,2.8
0.009338,4.8,2.76
0.0093384,4.76,2.76
0.0093388,4.8,2.8
0.0093392,4.8,2.72
0.0093396,4.84,2.76
0.00934,4.8,2.76
0.0093404,4.84,2.76
0.0093408,4.8,2.72
0.0093412,4.84,2.76
0.0093416,4.8,2.72
0.009342,4.8,2.76
0.0093424,4.8,2.76
0.0093428,4.84,2.72
0.0093432,4.8,2.72
0.0093436,4.8,2.72
0.009344,4.76,2.72
0.0093444,4.8,2.76
0.0093448,4.76,2.76
0.0093452,4.8,2.72
0.0093456,4.8,2.72
0.009346,4.8,2.76
0.0093464,4.8,2.72
0.0093468,4.8,2.76
0.0093472,4.8,2.76
0.0093476,4.8,2.76
0.009348,4.8,2.76
0.0093484,4.8,2.72
0.0093488,4.8,2.72
0.0093492,4.84,2.8
0.0093496,4.84,2.72
0.00935,4.8,2.76
0.0093504,4.8,2.76
0.0093508,4.76,2.72
0.0093512,4.8,2.76
0.0093516,4.8,2.72
0.009352,4.8,2.72
0.0093524,4.76,2.72
0.0093528,4.8,2.72
0.0093532,4.8,2.72
0.0093536,4.8,2.72
0.009354,4.8,2.68
0.0093544,4.84,2.76
0.0093548,4.8,2.68
0.0093552,4.84,2.72
0.0093556,4.8,2.72
0.009356,4.8,2.68
0.0093564,4.76,2.68
0.0093568,4.8,2.76
0.0093572,4.8,2.72
0.0093576,4.76,2.76
0.009358,4.76,2.72
0.0093584,4.84,2.76
0.0093588,4.8,2.72
0.0093592,4.76,2.68
0.0093596,4.8,2.76
0.00936,4.8,2.68
0.0093604,4.8,2.72
0.0093608,4.84,2.72
0.0093612,4.76,2.72
0.0093616,4.8,2.68
0.009362,4.76,2.68
0.0093624,4.8,2.64
0.0093628,4.84,2.68
0.0093632,4.8,2.68
0.0093636,4.76,2.72
0.009364,4.76,2.68
0.0093644,4.8,2.68
0.0093648,4.8,2.68
0.0093652,4.8,2.72
0.0093656,4.84,2.68
0.009366,4.8,2.72
0.0093664,4.8,2.68
0.0093668,4.8,2.64
0.0093672,4.8,2.68
0.0093676,4.8,2.68
0.009368,4.8,2.68
0.0093684,4.84,2.68
0.0093688,4.8,2.68
0.0093692,4.8,2.68
0.0093696,4.8,2.72
0.00937,4.8,2.68
0.0093704,4.76,2.68
0.0093708,4.84,2.72
0.0093712,4.76,2.68
0.0093716,4.84,2.68
0.009372,4.8,2.68
0.0093724,4.8,2.68
0.0093728,4.8,2.68
0.0093732,4.84,2.68
0.0093736,4.8,2.72
0.009374,4.8,2.68
0.0093744,4.76,2.72
0.0093748,4.8,2.64
0.0093752,4.8,2.68
0.0093756,4.8,2.68
0.009376,4.84,2.64
0.0093764,4.84,2.64
0.0093768,4.76,2.68
0.0093772,4.8,2.64
0.0093776,4.84,2.64
0.009378,4.8,2.64
0.0093784,4.8,2.64
0.0093788,4.8,2.68
0.0093792,4.84,2.64
0.0093796,4.8,2.64
0.00938,4.8,2.68
0.0093804,4.8,2.68
0.0093808,4.84,2.68
0.0093812,4.8,2.68
0.0093816,4.8,2.68
0.009382,4.8,2.64
0.0093824,4.84,2.64
0.0093828,4.72,2.64
0.0093832,4.84,2.64
0.0093836,4.8,2.64
0.009384,4.76,2.68
0.0093844,4.8,2.68
0.0093848,4.8,2.64
0.0093852,4.8,2.64
0.0093856,4.8,2.68
0.009386,4.76,2.64
0.0093864,4.84,2.68
0.0093868,4.84,2.68
0.0093872,4.8,2.64
0.0093876,4.8,2.64
0.009388,4.8,2.64
0.0093884,4.8,2.64
0.0093888,4.8,2.68
0.0093892,4.84,2.64
0.0093896,4.8,2.64
0.00939,4.76,2.64
0.0093904,4.8,2.68
0.0093908,4.8,2.6
0.0093912,4.84,2.64
0.0093916,4.8,2.6
0.009392,4.8,2.64
0.0093924,4.84,2.64
0.0093928,4.8,2.6
0.0093932,4.8,2.64
0.0093936,4.8,2.64
0.009394,4.8,2.64
0.0093944,4.8,2.6
0.0093948,4.8,2.64
0.0093952,4.8,2.64
0.0093956,4.84,2.64
0.009396,4.8,2.64
0.0093964,4.8,2.6
0.0093968,4.8,2.64
0.0093972,4.84,2.64
0.0093976,4.8,2.64
0.009398,4.8,2.6
0.0093984,4.8,2.6
0.0093988,4.8,2.6
0.0093992,4.76,2.64
0.0093996,4.84,2.64
0.0094,4.84,2.68
0.0094004,4.8,2.64
0.0094008,4.84,2.64
0.0094012,4.8,2.64
0.0094016,4.76,2.64
0.009402,4.8,2.64
0.0094024,4.8,2.6
0.0094028,4.8,2.64
0.0094032,4.76,2.64
0.0094036,4.8,2.6
0.009404,4.84,2.6
0.0094044,4.8,2.64
0.0094048,4.8,2.64
0.0094052,4.84,2.56
0.0094056,4.84,2.64
0.009406,4.8,2.6
0.0094064,4.8,2.64
0.0094068,4.76,2.6
0.0094072,4.8,2.6
0.0094076,4.8,2.56
0.009408,4.8,2.6
0.0094084,4.8,2.6
0.0094088,4.8,2.56
0.0094092,4.76,2.6
0.0094096,4.8,2.6
0.00941,4.8,2.56
0.0094104,4.8,2.6
0.0094108,4.8,2.6
0.0094112,4.8,2.6
0.0094116,4.8,2.64
0.009412,4.8,2.64
0.0094124,4.76,2.6
0.0094128,4.8,2.6
0.0094132,4.76,2.6
0.0094136,4.8,2.64
0.009414,4.76,2.64
0.0094144,4.84,2.56
0.0094148,4.76,2.56
0.0094152,4.84,2.6
0.0094156,4.84,2.6
0.009416,4.84,2.6
0.0094164,4.76,2.56
0.0094168,4.8,2.6
0.0094172,4.8,2.64
0.0094176,4.76,2.6
0.009418,4.8,2.6
0.0094184,4.76,2.56
0.0094188,4.8,2.6
0.0094192,4.8,2.6
0.0094196,4.8,2.56
0.00942,4.8,2.56
0.0094204,4.8,2.6
0.0094208,4.8,2.52
0.0094212,4.8,2.56
0.0094216,4.8,2.56
0.009422,4.84,2.6
0.0094224,4.76,2.6
0.0094228,4.8,2.6
0.0094232,4.76,2.56
0.0094236,4.76,2.56
0.009424,4.76,2.56
0.0094244,4.8,2.56
0.0094248,4.76,2.6
0.0094252,4.84,2.56
0.0094256,4.76,2.6
0.009426,4.8,2.6
0.0094264,4.8,2.56
0.0094268,4.8,2.56
0.0094272,4.8,2.56
0.0094276,4.8,2.56
0.009428,4.76,2.56
0.0094284,4.8,2.56
0.0094288,4.8,2.6
0.0094292,4.8,2.56
0.0094296,4.84,2.6
0.00943,4.84,2.56
0.0094304,4.84,2.56
0.0094308,4.84,2.52
0.0094312,4.8,2.56
0.0094316,4.8,2.52
0.009432,4.8,2.56
0.0094324,4.76,2.6
0.0094328,4.8,2.56
0.0094332,4.76,2.56
0.0094336,4.84,2.52
0.009434,4.76,2.56
0.0094344,4.8,2.56
0.0094348,4.8,2.52
0.0094352,4.8,2.56
0.0094356,4.8,2.6
0.009436,4.8,2.56
0.0094364,4.8,2.56
0.0094368,4.8,2.56
0.0094372,4.8,2.56
0.0094376,4.8,2.56
0.009438,4.8,2.52
0.0094384,4.84,2.52
0.0094388,4.8,2.56
0.0094392,4.8,2.56
0.0094396,4.84,2.56
0.00944,4.8,2.52
0.0094404,4.8,2.56
0.0094408,4.8,2.52
0.0094412,4.84,2.56
0.0094416,4.84,2.52
0.009442,4.84,2.56
0.0094424,4.76,2.56
0.0094428,4.8,2.56
0.0094432,4.76,2.52
0.0094436,4.8,2.52
0.009444,4.8,2.56
0.0094444,4.76,2.52
0.0094448,4.8,2.52
0.0094452,4.84,2.56
0.0094456,4.8,2.56
0.009446,4.8,2.56
0.0094464,4.8,2.48
0.0094468,4.8,2.52
0.0094472,4.8,2.56
0.0094476,4.84,2.52
0.009448,4.8,2.52
0.0094484,4.84,2.56
0.0094488,4.76,2.52
0.0094492,4.8,2.52
0.0094496,4.8,2.52
0.00945,4.8,2.52
0.0094504,4.76,2.52
0.0094508,4.8,2.56
0.0094512,4.8,2.56
0.0094516,4.8,2.56
0.009452,4.8,2.56
0.0094524,4.8,2.52
0.0094528,4.8,2.48
0.0094532,4.84,2.52
0.0094536,4.76,2.52
0.009454,4.8,2.52
0.0094544,4.8,2.52
0.0094548,4.8,2.48
0.0094552,4.8,2.52
0.0094556,4.8,2.52
0.009456,4.76,2.52
0.0094564,4.76,2.56
0.0094568,4.76,2.56
0.0094572,4.76,2.48
0.0094576,4.8,2.48
0.009458,4.8,2.56
0.0094584,4.8,2.48
0.0094588,4.8,2.52
0.0094592,4.8,2.48
0.0094596,4.8,2.52
0.00946,4.8,2.52
0.0094604,4.76,2.48
0.0094608,4.8,2.52
0.0094612,4.76,2.48
0.0094616,4.8,2.52
0.009462,4.76,2.52
0.0094624,4.8,2.52
0.0094628,4.76,2.48
0.0094632,4.8,2.52
0.0094636,4.76,2.48
0.009464,4.8,2.56
0.0094644,4.76,2.52
0.0094648,4.84,2.52
0.0094652,4.76,2.48
0.0094656,4.8,2.48
0.009466,4.8,2.52
0.0094664,4.8,2.48
0.0094668,4.8,2.52
0.0094672,4.76,2.52
0.0094676,4.76,2.52
0.009468,4.76,2.48
0.0094684,4.8,2.52
0.0094688,4.8,2.48
0.0094692,4.84,2.52
0.0094696,4.76,2.48
0.00947,4.8,2.48
0.0094704,4.8,2.44
0.0094708,4.76,2.48
0.0094712,4.8,2.44
0.0094716,4.76,2.44
0.009472,4.8,2.48
0.0094724,4.8,2.52
0.0094728,4.76,2.48
0.0094732,4.84,2.52
0.0094736,4.76,2.52
0.009474,4.8,2.48
0.0094744,4.76,2.52
0.0094748,4.8,2.48
0.0094752,4.8,2.48
0.0094756,4.8,2.44
0.009476,4.8,2.48
0.0094764,4.8,2.48
0.0094768,4.76,2.48
0.0094772,4.8,2.48
0.0094776,4.8,2.48
0.009478,4.8,2.48
0.0094784,4.76,2.48
0.0094788,4.76,2.48
0.0094792,4.8,2.48
0.0094796,4.8,2.48
0.00948,4.76,2.48
0.0094804,4.76,2.48
0.0094808,4.76,2.48
0.0094812,4.8,2.52
0.0094816,4.8,2.52
0.009482,4.76,2.48
0.0094824,4.84,2.48
0.0094828,4.8,2.44
0.0094832,4.76,2.48
0.0094836,4.8,2.48
0.009484,4.8,2.48
0.0094844,4.84,2.44
0.0094848,4.84,2.48
0.0094852,4.76,2.44
0.0094856,4.76,2.48
0.009486,4.8,2.44
0.0094864,4.8,2.44
0.0094868,4.8,2.44
0.0094872,4.8,2.48
0.0094876,4.8,2.44
0.009488,4.8,2.48
0.0094884,4.8,2.48
0.0094888,4.76,2.44
0.0094892,4.8,2.48
0.0094896,4.8,2.44
0.00949,4.76,2.48
0.0094904,4.8,2.48
0.0094908,4.8,2.44
0.0094912,4.8,2.48
0.0094916,4.8,2.44
0.009492,4.8,2.48
0.0094924,4.76,2.48
0.0094928,4.8,2.44
0.0094932,4.76,2.44
0.0094936,4.8,2.44
0.009494,4.76,2.44
0.0094944,4.84,2.44
0.0094948,4.8,2.48
0.0094952,4.8,2.44
0.0094956,4.76,2.44
0.009496,4.8,2.44
0.0094964,4.8,2.44
0.0094968,4.72,2.44
0.0094972,4.8,2.44
0.0094976,4.8,2.4
0.009498,4.84,2.4
0.0094984,4.8,2.4
0.0094988,4.8,2.44
0.0094992,4.8,2.4
0.0094996,4.8,2.4
0.0095,4.72,2.4
0.0095004,4.76,2.44
0.0095008,4.8,2.44
0.0095012,4.8,2.44
0.0095016,4.72,2.4
0.009502,4.8,2.44
0.0095024,4.8,2.44
0.0095028,-0.04,-1.32
0.0095032,-0.12,-2.28
0.0095036,-0.12,-2.4
0.009504,-0.12,-2.44
0.0095044,-0.16,-2.48
0.0095048,-0.12,-2.44
0.0095052,-0.12,-2.48
0.0095056,-0.08,-2.44
0.009506,-0.12,-2.44
0.0095064,-0.08,-2.4
0.0095068,-0.16,-2.44
0.0095072,-0.12,-2.44
0.0095076,-0.12,-2.44
0.009508,-0.12,-2.44
0.0095084,-0.12,-2.44
0.0095088,-0.12,-2.44
0.0095092,-0.12,-2.44
0.0095096,-0.16,-2.44
0.00951,-0.12,-2.44
0.0095104,-0.12,-2.44
0.0095108,-0.12,-2.44
0.0095112,-0.12,-2.44
0.0095116,-0.12,-2.48
0.009512,-0.08,-2.52
0.0095124,-0.12,-2.48
0.0095128,-0.16,-2.48
0.0095132,-0.12,-2.48
0.0095136,-0.16,-2.48
0.009514,-0.12,-2.44
0.0095144,-0.16,-2.48
0.0095148,-0.12,-2.44
0.0095152,-0.16,-2.44
0.0095156,-0.08,-2.48
0.009516,-0.16,-2.4
0.0095164,-0.12,-2.44
0.0095168,-0.16,-2.44
0.0095172,-0.12,-2.4
0.0095176,-0.12,-2.44
0.009518,-0.12,-2.44
0.0095184,-0.08,-2.44
0.0095188,-0.12,-2.44
0.0095192,-0.08,-2.48
0.0095196,-0.12,-2.44
0.00952,-0.12,-2.44
0.0095204,-0.12,-2.44
0.0095208,-0.12,-2.44
0.0095212,-0.16,-2.48
0.0095216,-0.16,-2.44
0.009522,-0.12,-2.44
0.0095224,-0.16,-2.44
0.0095228,-0.12,-2.4
0.0095232,-0.12,-2.44
0.0095236,-0.16,-2.44
0.009524,-0.12,-2.4
0.0095244,-0.16,-2.4
0.0095248,-0.08,-2.4
0.0095252,-0.12,-2.44
0.0095256,-0.12,-2.36
0.009526,-0.2,-2.4
0.0095264,-0.16,-2.4
0.0095268,-0.12,-2.4
0.0095272,-0.12,-2.4
0.0095276,-0.12,-2.4
0.009528,-0.16,-2.4
0.0095284,-0.16,-2.4
0.0095288,-0.08,-2.4
0.0095292,-0.12,-2.44
0.0095296,-0.12,-2.44
0.00953,-0.12,-2.44
0.0095304,-0.16,-2.44
0.0095308,-0.16,-2.4
0.0095312,-0.12,-2.44
0.0095316,-0.16,-2.44
0.009532,-0.12,-2.4
0.0095324,-0.16,-2.4
0.0095328,-0.12,-2.4
0.0095332,-0.16,-2.44
0.0095336,-0.16,-2.4
0.009534,-0.16,-2.36
0.0095344,-0.12,-2.44
0.0095348,-0.08,-2.4
0.0095352,-0.12,-2.4
0.0095356,-0.12,-2.4
0.009536,-0.12,-2.36
0.0095364,-0.16,-2.36
0.0095368,-0.12,-2.4
0.0095372,-0.16,-2.4
0.0095376,-0.16,-2.4
0.009538,-0.12,-2.36
0.0095384,-0.12,-2.36
0.0095388,-0.12,-2.4
0.0095392,-0.12,-2.36
0.0095396,-0.12,-2.4
0.00954,-0.12,-2.36
0.0095404,-0.12,-2.36
0.0095408,-0.16,-2.4
0.0095412,-0.12,-2.4
0.0095416,-0.16,-2.4
0.009542,-0.16,-2.4
0.0095424,-0.16,-2.44
0.0095428,-0.12,-2.36
0.0095432,-0.12,-2.36
0.0095436,-0.16,-2.4
0.009544,-0.12,-2.32
0.0095444,-0.12,-2.36
0.0095448,-0.12,-2.36
0.0095452,-0.16,-2.36
0.0095456,-0.12,-2.36
0.009546,-0.12,-2.36
0.0095464,-0.12,-2.36
0.0095468,-0.12,-2.36
0.0095472,-0.12,-2.36
0.0095476,-0.16,-2.36
0.009548,-0.12,-2.36
0.0095484,-0.16,-2.36
0.0095488,-0.12,-2.36
0.0095492,-0.16,-2.4
0.0095496,-0.12,-2.36
0.00955,-0.16,-2.36
0.0095504,-0.12,-2.36
0.0095508,-0.12,-2.36
0.0095512,-0.12,-2.36
0.0095516,-0.16,-2.4
0.009552,-0.08,-2.36
0.0095524,-0.16,-2.32
0.0095528,-0.16,-2.36
0.0095532,-0.12,-2.36
0.0095536,-0.12,-2.36
0.009554,-0.16,-2.32
0.0095544,-0.12,-2.36
0.0095548,-0.12,-2.36
0.0095552,-0.12,-2.36
0.0095556,-0.12,-2.32
0.009556,-0.08,-2.32
0.0095564,-0.16,-2.36
0.0095568,-0.12,-2.32
0.0095572,-0.12,-2.32
0.0095576,-0.08,-2.36
0.009558,-0.12,-2.32
0.0095584,-0.12,-2.32
0.0095588,-0.12,-2.32
0.0095592,-0.16,-2.36
0.0095596,-0.16,-2.32
0.00956,-0.08,-2.28
0.0095604,-0.12,-2.32
0.0095608,-0.16,-2.28
0.0095612,-0.16,-2.32
0.0095616,-0.08,-2.36
0.009562,-0.16,-2.32
0.0095624,-0.12,-2.32
0.0095628,-0.12,-2.28
0.0095632,-0.16,-2.32
0.0095636,-0.12,-2.32
0.009564,-0.12,-2.28
0.0095644,-0.12,-2.28
0.0095648,-0.12,-2.32
0.0095652,-0.16,-2.32
0.0095656,-0.16,-2.28
0.009566,-0.12,-2.32
0.0095664,-0.08,-2.28
0.0095668,-0.12,-2.32
0.0095672,-0.12,-2.24
0.0095676,-0.12,-2.32
0.009568,-0.12,-2.32
0.0095684,-0.12,-2.28
0.0095688,-0.12,-2.32
0.0095692,-0.16,-2.28
0.0095696,-0.16,-2.32
0.00957,-0.12,-2.32
0.0095704,-0.16,-2.28
0.0095708,-0.16,-2.32
0.0095712,-0.12,-2.28
0.0095716,-0.12,-2.28
0.009572,-0.16,-2.28
0.0095724,-0.16,-2.28
0.0095728,-0.16,-2.32
0.0095732,-0.16,-2.28
0.0095736,-0.16,-2.28
0.009574,-0.08,-2.32
0.0095744,-0.12,-2.28
0.0095748,-0.16,-2.28
0.0095752,-0.12,-2.28
0.0095756,-0.16,-2.24
0.009576,-0.12,-2.24
0.0095764,-0.12,-2.24
0.0095768,-0.12,-2.28
0.0095772,-0.12,-2.32
0.0095776,-0.16,-2.2
0.009578,-0.16,-2.28
0.0095784,-0.16,-2.24
0.0095788,-0.12,-2.28
0.0095792,-0.16,-2.24
0.0095796,-0.12,-2.28
0.00958,-0.08,-2.28
0.0095804,-0.12,-2.28
0.0095808,-0.12,-2.28
0.0095812,-0.12,-2.24
0.0095816,-0.08,-2.28
0.009582,-0.12,-2.32
0.0095824,-0.12,-2.24
0.0095828,-0.16,-2.24
0.0095832,-0.12,-2.24
0.0095836,-0.12,-2.28
0.009584,-0.12,-2.28
0.0095844,-0.16,-2.28
0.0095848,-0.12,-2.24
0.0095852,-0.12,-2.28
0.0095856,-0.16,-2.24
0.009586,-0.08,-2.24
0.0095864,-0.16,-2.2
0.0095868,-0.12,-2.2
0.0095872,-0.12,-2.24
0.0095876,-0.12,-2.24
0.009588,-0.16,-2.24
0.0095884,-0.12,-2.24
0.0095888,-0.16,-2.24
0.0095892,-0.12,-2.24
0.0095896,-0.12,-2.24
0.00959,-0.12,-2.28
0.0095904,-0.16,-2.28
0.0095908,-0.12,-2.2
0.0095912,-0.12,-2.24
0.0095916,-0.12,-2.2
0.009592,-0.12,-2.24
0.0095924,-0.16,-2.24
0.0095928,-0.12,-2.2
0.0095932,-0.12,-2.2
0.0095936,-0.12,-2.24
0.009594,-0.12,-2.2
0.0095944,-0.16,-2.24
0.0095948,-0.12,-2.16
0.0095952,-0.08,-2.24
0.0095956,-0.12,-2.2
0.009596,-0.08,-2.2
0.0095964,-0.16,-2.24
0.0095968,-0.12,-2.24
0.0095972,-0.16,-2.2
0.0095976,-0.16,-2.2
0.009598,-0.12,-2.24
0.0095984,-0.12,-2.2
0.0095988,-0.12,-2.2
0.0095992,-0.12,-2.2
0.0095996,-0.12,-2.2
0.0096,-0.12,-2.16
0.0096004,-0.16,-2.2
0.0096008,-0.12,-2.2
0.0096012,-0.12,-2.2
0.0096016,-0.16,-2.2
0.009602,-0.12,-2.16
0.0096024,-0.12,-2.2
0.0096028,-0.12,-2.24
0.0096032,-0.12,-2.2
0.0096036,-0.12,-2.2
0.009604,-0.12,-2.2
0.0096044,-0.12,-2.2
0.0096048,-0.12,-2.24
0.0096052,-0.16,-2.2
0.0096056,-0.08,-2.16
0.009606,-0.12,-2.2
0.0096064,-0.08,-2.2
0.0096068,-0.08,-2.2
0.0096072,-0.12,-2.16
0.0096076,-0.12,-2.12
0.009608,-0.12,-2.16
0.0096084,-0.12,-2.24
0.0096088,-0.12,-2.16
0.0096092,-0.12,-2.16
0.0096096,-0.12,-2.16
0.00961,-0.12,-2.2
0.0096104,-0.12,-2.2
0.0096108,-0.16,-2.16
0.0096112,-0.12,-2.2
0.0096116,-0.08,-2.2
0.009612,-0.12,-2.2
0.0096124,-0.08,-2.16
0.0096128,-0.08,-2.16
0.0096132,-0.08,-2.12
0.0096136,-0.12,-2.2
0.009614,-0.12,-2.16
0.0096144,-0.12,-2.12
0.0096148,-0.08,-2.12
0.0096152,-0.12,-2.16
0.0096156,-0.12,-2.12
0.009616,-0.12,-2.12
0.0096164,-0.12,-2.2
0.0096168,-0.12,-2.2
0.0096172,-0.12,-2.16
0.0096176,-0.16,-2.16
0.009618,-0.12,-2.16
0.0096184,-0.12,-2.2
0.0096188,-0.16,-2.16
0.0096192,-0.16,-2.2
0.0096196,-0.12,-2.12
0.00962,-0.16,-2.12
0.0096204,-0.16,-2.16
0.0096208,-0.12,-2.16
0.0096212,-0.12,-2.16
0.0096216,-0.12,-2.16
0.009622,-0.16,-2.12
0.0096224,-0.16,-2.12
0.0096228,-0.16,-2.16
0.0096232,-0.12,-2.12
0.0096236,-0.16,-2.16
0.009624,-0.12,-2.12
0.0096244,-0.12,-2.12
0.0096248,-0.12,-2.16
0.0096252,-0.12,-2.12
0.0096256,-0.08,-2.12
0.009626,-0.12,-2.12
0.0096264,-0.16,-2.12
0.0096268,-0.12,-2.12
0.0096272,-0.12,-2.12
0.0096276,-0.12,-2.12
0.009628,-0.12,-2.12
0.0096284,-0.12,-2.16
0.0096288,-0.12,-2.12
0.0096292,-0.12,-2.12
0.0096296,-0.12,-2.12
0.00963,-0.12,-2.12
0.0096304,-0.12,-2.08
0.0096308,-0.12,-2.16
0.0096312,-0.12,-2.08
0.0096316,-0.16,-2.12
0.009632,-0.12,-2.08
0.0096324,-0.12,-2.08
0.0096328,-0.12,-2.12
0.0096332,-0.12,-2.12
0.0096336,-0.08,-2.12
0.009634,-0.12,-2.08
0.0096344,-0.12,-2.12
0.0096348,-0.08,-2.12
0.0096352,-0.16,-2.12
0.0096356,-0.12,-2.08
0.009636,-0.12,-2.12
0.0096364,-0.12,-2.08
0.0096368,-0.12,-2.08
0.0096372,-0.12,-2.08
0.0096376,-0.12,-2.08
0.009638,-0.12,-2.12
0.0096384,-0.12,-2.08
0.0096388,-0.12,-2.08
0.0096392,-0.12,-2.08
0.0096396,-0.12,-2.12
0.00964,-0.16,-2.16
0.0096404,-0.12,-2.08
0.0096408,-0.08,-2.08
0.0096412,-0.16,-2.12
0.0096416,-0.08,-2.12
0.009642,-0.08,-2.08
0.0096424,-0.08,-2.08
0.0096428,-0.12,-2.12
0.0096432,-0.08,-2.08
0.0096436,-0.12,-2.04
0.009644,-0.08,-2.08
0.0096444,-0.12,-2.08
0.0096448,-0.12,-2.12
0.0096452,-0.12,-2.04
0.0096456,-0.12,-2.04
0.009646,-0.12,-2
0.0096464,-0.12,-2.08
0.0096468,-0.12,-2.08
0.0096472,-0.12,-2.08
0.0096476,-0.12,-2.08
0.009648,-0.12,-2.08
0.0096484,-0.12,-2.04
0.0096488,-0.12,-2.04
0.0096492,-0.12,-2.08
0.0096496,-0.16,-2.04
0.00965,-0.12,-2.08
0.0096504,-0.12,-2.08
0.0096508,-0.12,-2.08
0.0096512,-0.12,-2.04
0.0096516,-0.12,-2.08
0.009652,-0.08,-2.08
0.0096524,-0.12,-2.04
0.0096528,-0.12,-2
0.0096532,-0.12,-2.08
0.0096536,-0.12,-2
0.009654,-0.12,-2.08
0.0096544,-0.12,-2.04
0.0096548,-0.12,-2.04
0.0096552,-0.12,-2.04
0.0096556,-0.12,-2.04
0.009656,-0.12,-2.04
0.0096564,-0.12,-2.04
0.0096568,-0.16,-2.08
0.0096572,-0.08,-2.12
0.0096576,-0.12,-2.08
0.009658,-0.12,-2.08
0.0096584,-0.12,-2.08
0.0096588,-0.12,-2.04
0.0096592,-0.12,-2.08
0.0096596,-0.12,-2.04
0.00966,-0.12,-2.04
0.0096604,-0.12,-2.04
0.0096608,-0.12,-2.04
0.0096612,-0.08,-2.04
0.0096616,-0.12,-2.04
0.009662,-0.16,-2.04
0.0096624,-0.12,-2.04
0.0096628,-0.08,-2.04
0.0096632,-0.12,-2.04
0.0096636,-0.12,-2
0.009664,-0.12,-2
0.0096644,-0.16,-2.04
0.0096648,-0.12,-2.04
0.0096652,-0.12,-2
0.0096656,-0.16,-2
0.009666,-0.12,-2.04
0.0096664,-0.16,-2.04
0.0096668,-0.16,-1.96
0.0096672,-0.12,-2
0.0096676,-0.08,-2.04
0.009668,-0.12,-2.04
0.0096684,-0.16,-2
0.0096688,-0.12,-2
0.0096692,-0.12,-2.04
0.0096696,-0.12,-2.04
0.00967,-0.12,-1.96
0.0096704,-0.12,-2
0.0096708,-0.08,-2
0.0096712,-0.12,-2.04
0.0096716,-0.12,-1.96
0.009672,-0.12,-2.04
0.0096724,-0.16,-2.04
0.0096728,-0.12,-2
0.0096732,-0.12,-2.04
0.0096736,-0.12,-2
0.009674,-0.12,-2
0.0096744,-0.12,-2
0.0096748,-0.08,-2
0.0096752,-0.08,-2
0.0096756,-0.12,-2
0.009676,-0.2,-2
0.0096764,-0.12,-2
0.0096768,-0.08,-2
0.0096772,-0.08,-2
0.0096776,-0.12,-2
0.009678,-0.12,-1.96
0.0096784,-0.12,-2.04
0.0096788,-0.12,-1.96
0.0096792,-0.12,-2
0.0096796,-0.16,-2
0.00968,-0.08,-1.96
0.0096804,-0.08,-2
0.0096808,-0.12,-1.96
0.0096812,-0.08,-1.96
0.0096816,-0.08,-1.96
0.009682,-0.12,-1.96
0.0096824,-0.12,-1.96
0.0096828,-0.12,-1.96
0.0096832,-0.08,-1.96
0.0096836,-0.12,-1.96
0.009684,-0.12,-1.96
0.0096844,-0.16,-2
0.0096848,-0.08,-1.92
0.0096852,-0.12,-1.92
0.0096856,-0.08,-1.92
0.009686,-0.12,-1.96
0.0096864,-0.08,-1.96
0.0096868,-0.12,-1.96
0.0096872,-0.08,-1.96
0.0096876,-0.08,-1.96
0.009688,-0.08,-1.92
0.0096884,-0.12,-1.92
0.0096888,-0.12,-1.96
0.0096892,-0.16,-1.96
0.0096896,-0.16,-2
0.00969,-0.12,-1.96
0.0096904,-0.16,-2
0.0096908,-0.12,-1.96
0.0096912,-0.12,-2
0.0096916,-0.16,-1.96
0.009692,-0.16,-1.92
0.0096924,-0.12,-1.92
0.0096928,-0.12,-1.96
0.0096932,-0.08,-1.92
0.0096936,-0.12,-1.96
0.009694,-0.16,-1.92
0.0096944,-0.12,-1.96
0.0096948,-0.12,-1.88
0.0096952,-0.12,-1.92
0.0096956,-0.12,-1.92
0.009696,-0.12,-1.96
0.0096964,-0.12,-1.96
0.0096968,-0.16,-1.96
0.0096972,-0.12,-1.96
0.0096976,-0.08,-1.92
0.009698,-0.12,-1.96
0.0096984,-0.12,-1.96
0.0096988,-0.12,-1.92
0.0096992,-0.12,-1.92
0.0096996,-0.08,-1.96
0.0097,-0.12,-1.92
0.0097004,-0.12,-1.92
0.0097008,-0.12,-1.92
0.0097012,-0.12,-1.96
0.0097016,-0.08,-1.92
0.009702,-0.12,-1.96
0.0097024,-0.12,-1.92
0.0097028,-0.08,-1.92
0.0097032,-0.12,-1.92
0.0097036,-0.12,-1.96
0.009704,-0.12,-1.92
0.0097044,-0.12,-1.88
0.0097048,-0.16,-1.92
0.0097052,-0.12,-1.92
0.0097056,-0.12,-1.88
0.009706,-0.08,-1.88
0.0097064,-0.12,-1.92
0.0097068,-0.12,-1.88
0.0097072,-0.12,-1.92
0.0097076,-0.12,-1.92
0.009708,-0.08,-1.88
0.0097084,-0.12,-1.92
0.0097088,-0.08,-1.92
0.0097092,-0.08,-1.88
0.0097096,-0.12,-1.92
0.00971,-0.12,-1.96
0.0097104,-0.12,-1.92
0.0097108,-0.12,-1.92
0.0097112,-0.08,-1.92
0.0097116,-0.12,-1.92
0.009712,-0.12,-1.92
0.0097124,-0.12,-1.88
0.0097128,-0.12,-1.92
0.0097132,-0.08,-1.92
0.0097136,-0.12,-1.88
0.009714,-0.12,-1.92
0.0097144,-0.12,-1.88
0.0097148,-0.12,-1.92
0.0097152,-0.12,-1.88
0.0097156,-0.12,-1.88
0.009716,-0.12,-1.88
0.0097164,-0.08,-1.84
0.0097168,-0.12,-1.88
0.0097172,-0.08,-1.92
0.0097176,-0.12,-1.88
0.009718,-0.12,-1.92
0.0097184,-0.08,-1.84
0.0097188,-0.08,-1.88
0.0097192,-0.12,-1.92
0.0097196,-0.12,-1.88
0.00972,-0.08,-1.92
0.0097204,-0.08,-1.84
0.0097208,-0.12,-1.88
0.0097212,-0.12,-1.88
0.0097216,-0.12,-1.88
0.009722,-0.12,-1.88
0.0097224,-0.08,-1.88
0.0097228,-0.12,-1.88
0.0097232,-0.12,-1.88
0.0097236,-0.12,-1.88
0.009724,-0.16,-1.84
0.0097244,-0.12,-1.84
0.0097248,-0.12,-1.88
0.0097252,-0.12,-1.88
0.0097256,-0.08,-1.92
0.009726,-0.08,-1.88
0.0097264,-0.12,-1.84
0.0097268,-0.08,-1.84
0.0097272,-0.12,-1.88
0.0097276,-0.08,-1.88
0.009728,-0.08,-1.88
0.0097284,-0.12,-1.88
0.0097288,-0.12,-1.84
0.0097292,-0.16,-1.88
0.0097296,-0.12,-1.88
0.00973,-0.12,-1.84
0.0097304,-0.12,-1.84
0.0097308,-0.12,-1.88
0.0097312,-0.12,-1.84
0.0097316,-0.12,-1.84
0.009732,-0.08,-1.8
0.0097324,-0.08,-1.84
0.0097328,-0.08,-1.84
0.0097332,-0.12,-1.8
0.0097336,-0.12,-1.84
0.009734,-0.08,-1.88
0.0097344,-0.08,-1.8
0.0097348,-0.08,-1.84
0.0097352,-0.08,-1.88
0.0097356,-0.12,-1.84
0.009736,-0.12,-1.84
0.0097364,-0.16,-1.84
0.0097368,-0.08,-1.84
0.0097372,-0.12,-1.84
0.0097376,-0.16,-1.8
0.009738,-0.12,-1.8
0.0097384,-0.16,-1.84
0.0097388,-0.12,-1.84
0.0097392,-0.12,-1.84
0.0097396,-0.12,-1.8
0.00974,-0.16,-1.84
0.0097404,-0.12,-1.84
0.0097408,-0.12,-1.8
0.0097412,-0.12,-1.8
0.0097416,-0.12,-1.84
0.009742,-0.12,-1.88
0.0097424,-0.12,-1.84
0.0097428,-0.12,-1.84
0.0097432,-0.08,-1.84
0.0097436,-0.12,-1.84
0.009744,-0.08,-1.8
0.0097444,-0.12,-1.88
0.0097448,-0.12,-1.84
0.0097452,-0.12,-1.84
0.0097456,-0.08,-1.8
0.009746,-0.12,-1.8
0.0097464,-0.12,-1.8
0.0097468,-0.08,-1.84
0.0097472,-0.12,-1.8
0.0097476,-0.12,-1.8
0.009748,-0.08,-1.84
0.0097484,-0.12,-1.8
0.0097488,-0.08,-1.8
0.0097492,-0.16,-1.76
0.0097496,-0.12,-1.84
0.00975,-0.12,-1.8
0.0097504,-0.12,-1.76
0.0097508,-0.08,-1.8
0.0097512,-0.08,-1.84
0.0097516,-0.16,-1.76
0.009752,-0.12,-1.8
0.0097524,-0.12,-1.8
0.0097528,-0.16,-1.8
0.0097532,-0.08,-1.8
0.0097536,-0.12,-1.8
0.009754,-0.12,-1.8
0.0097544,-0.12,-1.8
0.0097548,-0.12,-1.76
0.0097552,-0.12,-1.84
0.0097556,-0.12,-1.76
0.009756,-0.12,-1.8
0.0097564,-0.12,-1.8
0.0097568,-0.12,-1.76
0.0097572,-0.08,-1.72
0.0097576,-0.12,-1.8
0.009758,-0.08,-1.8
0.0097584,-0.12,-1.8
0.0097588,-0.08,-1.8
0.0097592,-0.12,-1.76
0.0097596,-0.08,-1.8
0.00976,-0.12,-1.8
0.0097604,-0.08,-1.8
0.0097608,-0.08,-1.76
0.0097612,-0.08,-1.76
0.0097616,-0.12,-1.76
0.009762,-0.12,-1.8
0.0097624,-0.12,-1.76
0.0097628,-0.12,-1.76
0.0097632,-0.08,-1.8
0.0097636,-0.16,-1.76
0.009764,-0.08,-1.76
0.0097644,-0.08,-1.76
0.0097648,-0.08,-1.8
0.0097652,-0.16,-1.72
0.0097656,-0.12,-1.8
0.009766,-0.12,-1.8
0.0097664,-0.08,-1.72
0.0097668,-0.12,-1.8
0.0097672,-0.12,-1.72
0.0097676,-0.12,-1.76
0.009768,-0.16,-1.76
0.0097684,-0.08,-1.76
0.0097688,-0.12,-1.76
0.0097692,-0.16,-1.8
0.0097696,-0.08,-1.72
0.00977,-0.12,-1.84
0.0097704,-0.12,-1.72
0.0097708,-0.12,-1.76
0.0097712,-0.12,-1.76
0.0097716,-0.12,-1.72
0.009772,-0.12,-1.68
0.0097724,-0.08,-1.72
0.0097728,-0.12,-1.76
0.0097732,-0.12,-1.68
0.0097736,-0.12,-1.76
0.009774,-0.12,-1.68
0.0097744,-0.08,-1.76
0.0097748,-0.08,-1.76
0.0097752,-0.12,-1.76
0.0097756,-0.12,-1.68
0.009776,-0.08,-1.76
0.0097764,-0.08,-1.72
0.0097768,-0.12,-1.72
0.0097772,-0.12,-1.76
0.0097776,-0.08,-1.72
0.009778,-0.08,-1.72
0.0097784,-0.16,-1.76
0.0097788,-0.12,-1.72
0.0097792,-0.08,-1.72
0.0097796,-0.08,-1.72
0.00978,-0.08,-1.76
0.0097804,-0.12,-1.72
0.0097808,-0.12,-1.72
0.0097812,-0.12,-1.68
0.0097816,-0.12,-1.72
0.009782,-0.12,-1.72
0.0097824,-0.12,-1.76
0.0097828,-0.16,-1.76
0.0097832,-0.12,-1.72
0.0097836,-0.12,-1.72
0.009784,-0.08,-1.72
0.0097844,-0.08,-1.72
0.0097848,-0.12,-1.68
0.0097852,-0.08,-1.72
0.0097856,-0.12,-1.68
0.009786,-0.08,-1.72
0.0097864,-0.08,-1.72
0.0097868,-0.08,-1.72
0.0097872,-0.12,-1.68
0.0097876,-0.12,-1.72
0.009788,-0.12,-1.72
0.0097884,-0.08,-1.72
0.0097888,-0.12,-1.72
0.0097892,-0.12,-1.76
0.0097896,-0.08,-1.68
0.00979,-0.12,-1.72
0.0097904,-0.08,-1.68
0.0097908,-0.08,-1.72
0.0097912,-0.16,-1.72
0.0097916,-0.08,-1.72
0.009792,-0.08,-1.68
0.0097924,-0.04,-1.72
0.0097928,-0.12,-1.68
0.0097932,-0.08,-1.72
0.0097936,-0.12,-1.72
0.009794,-0.08,-1.68
0.0097944,-0.12,-1.72
0.0097948,-0.12,-1.72
0.0097952,-0.12,-1.68
0.0097956,-0.08,-1.68
0.009796,-0.12,-1.72
0.0097964,-0.08,-1.68
0.0097968,-0.12,-1.68
0.0097972,-0.08,-1.72
0.0097976,-0.12,-1.68
0.009798,-0.08,-1.68
0.0097984,-0.08,-1.72
0.0097988,-0.12,-1.68
0.0097992,-0.12,-1.64
0.0097996,-0.12,-1.68
0.0098,-0.12,-1.68
0.0098004,-0.08,-1.68
0.0098008,-0.08,-1.72
0.0098012,-0.12,-1.68
0.0098016,-0.12,-1.72
0.009802,-0.12,-1.68
0.0098024,-0.08,-1.72
0.0098028,-0.12,-1.72
0.0098032,-0.12,-1.68
0.0098036,-0.08,-1.68
0.009804,-0.08,-1.72
0.0098044,-0.08,-1.64
0.0098048,-0.12,-1.72
0.0098052,-0.12,-1.64
0.0098056,-0.12,-1.68
0.009806,-0.12,-1.64
0.0098064,-0.08,-1.68
0.0098068,-0.08,-1.6
0.0098072,-0.12,-1.64
0.0098076,-0.08,-1.68
0.009808,-0.12,-1.64
0.0098084,-0.08,-1.64
0.0098088,-0.08,-1.64
0.0098092,-0.08,-1.64
0.0098096,-0.12,-1.64
0.00981,-0.08,-1.64
0.0098104,-0.12,-1.68
0.0098108,-0.12,-1.68
0.0098112,-0.08,-1.6
0.0098116,-0.12,-1.68
0.009812,-0.12,-1.64
0.0098124,-0.12,-1.6
0.0098128,-0.12,-1.64
0.0098132,-0.08,-1.64
0.0098136,-0.12,-1.6
0.009814,-0.08,-1.64
0.0098144,-0.08,-1.68
0.0098148,-0.12,-1.68
0.0098152,-0.04,-1.68
0.0098156,-0.12,-1.64
0.009816,-0.08,-1.64
0.0098164,-0.08,-1.64
0.0098168,-0.08,-1.64
0.0098172,-0.12,-1.64
0.0098176,-0.08,-1.64
0.009818,-0.12,-1.64
0.0098184,-0.12,-1.64
0.0098188,-0.12,-1.6
0.0098192,-0.08,-1.68
0.0098196,-0.08,-1.64
0.00982,-0.12,-1.64
0.0098204,-0.12,-1.64
0.0098208,-0.12,-1.64
0.0098212,-0.12,-1.64
0.0098216,-0.08,-1.68
0.009822,-0.12,-1.64
0.0098224,-0.08,-1.64
0.0098228,-0.08,-1.64
0.0098232,-0.12,-1.64
0.0098236,-0.08,-1.64
0.009824,-0.12,-1.64
0.0098244,-0.12,-1.64
0.0098248,-0.12,-1.64
0.0098252,-0.12,-1.64
0.0098256,-0.12,-1.64
0.009826,-0.12,-1.6
0.0098264,-0.12,-1.64
0.0098268,-0.12,-1.64
0.0098272,-0.08,-1.6
0.0098276,-0.12,-1.68
0.009828,-0.12,-1.6
0.0098284,-0.08,-1.64
0.0098288,-0.08,-1.64
0.0098292,-0.08,-1.6
0.0098296,-0.12,-1.64
0.00983,-0.08,-1.6
0.0098304,-0.08,-1.6
0.0098308,-0.08,-1.64
0.0098312,-0.08,-1.6
0.0098316,-0.08,-1.64
0.009832,-0.12,-1.64
0.0098324,-0.12,-1.64
0.0098328,-0.08,-1.64
0.0098332,-0.12,-1.64
0.0098336,-0.12,-1.64
0.009834,-0.08,-1.6
0.0098344,-0.08,-1.6
0.0098348,-0.08,-1.56
0.0098352,-0.12,-1.6
0.0098356,-0.08,-1.64
0.009836,-0.12,-1.6
0.0098364,-0.12,-1.56
0.0098368,-0.12,-1.6
0.0098372,-0.08,-1.6
0.0098376,-0.08,-1.6
0.009838,-0.08,-1.6
0.0098384,-0.12,-1.6
0.0098388,-0.12,-1.6
0.0098392,-0.12,-1.6
0.0098396,-0.12,-1.6
0.00984,-0.08,-1.6
0.0098404,-0.12,-1.6
0.0098408,-0.12,-1.6
0.0098412,-0.12,-1.6
0.0098416,-0.12,-1.6
0.009842,-0.08,-1.56
0.0098424,-0.12,-1.6
0.0098428,-0.08,-1.6
0.0098432,-0.08,-1.56
0.0098436,-0.12,-1.6
0.009844,-0.12,-1.6
0.0098444,-0.08,-1.6
0.0098448,-0.08,-1.6
0.0098452,-0.08,-1.6
0.0098456,-0.08,-1.56
0.009846,-0.08,-1.6
0.0098464,-0.08,-1.6
0.0098468,-0.12,-1.56
0.0098472,-0.12,-1.6
0.0098476,-0.08,-1.56
0.009848,-0.08,-1.6
0.0098484,-0.12,-1.56
0.0098488,-0.08,-1.56
0.0098492,-0.08,-1.6
0.0098496,-0.12,-1.6
0.00985,-0.12,-1.56
0.0098504,-0.12,-1.56
0.0098508,-0.12,-1.6
0.0098512,-0.08,-1.56
0.0098516,-0.08,-1.6
0.009852,-0.12,-1.56
0.0098524,-0.12,-1.56
0.0098528,-0.12,-1.6
0.0098532,-0.08,-1.56
0.0098536,-0.08,-1.56
0.009854,-0.12,-1.56
0.0098544,-0.08,-1.56
0.0098548,-0.08,-1.6
0.0098552,-0.12,-1.56
0.0098556,-0.08,-1.6
0.009856,-0.12,-1.56
0.0098564,-0.12,-1.6
0.0098568,-0.12,-1.56
0.0098572,-0.12,-1.56
0.0098576,-0.08,-1.6
0.009858,-0.08,-1.56
0.0098584,-0.12,-1.56
0.0098588,-0.08,-1.56
0.0098592,-0.08,-1.56
0.0098596,-0.12,-1.6
0.00986,-0.12,-1.6
0.0098604,-0.12,-1.6
0.0098608,-0.12,-1.52
0.0098612,-0.12,-1.56
0.0098616,-0.08,-1.56
0.009862,-0.12,-1.56
0.0098624,-0.08,-1.52
0.0098628,-0.12,-1.56
0.0098632,-0.12,-1.56
0.0098636,-0.12,-1.56
0.009864,-0.12,-1.56
0.0098644,-0.08,-1.52
0.0098648,-0.12,-1.56
0.0098652,-0.12,-1.56
0.0098656,-0.04,-1.48
0.009866,-0.12,-1.56
0.0098664,-0.12,-1.52
0.0098668,-0.12,-1.56
0.0098672,-0.08,-1.52
0.0098676,-0.12,-1.52
0.009868,-0.08,-1.52
0.0098684,-0.12,-1.52
0.0098688,-0.12,-1.56
0.0098692,-0.12,-1.56
0.0098696,-0.12,-1.56
0.00987,-0.12,-1.56
0.0098704,-0.12,-1.52
0.0098708,-0.08,-1.52
0.0098712,-0.12,-1.52
0.0098716,-0.08,-1.52
0.009872,-0.08,-1.52
0.0098724,-0.08,-1.6
0.0098728,-0.08,-1.56
0.0098732,-0.12,-1.56
0.0098736,-0.08,-1.52
0.009874,-0.08,-1.52
0.0098744,-0.08,-1.52
0.0098748,-0.08,-1.52
0.0098752,-0.12,-1.48
0.0098756,-0.08,-1.48
0.009876,-0.08,-1.56
0.0098764,-0.04,-1.52
0.0098768,-0.08,-1.52
0.0098772,-0.12,-1.52
0.0098776,-0.08,-1.52
0.009878,-0.08,-1.48
0.0098784,-0.08,-1.56
0.0098788,-0.12,-1.52
0.0098792,-0.12,-1.52
0.0098796,-0.08,-1.56
0.00988,-0.04,-1.48
0.0098804,-0.12,-1.52
0.0098808,-0.12,-1.52
0.0098812,-0.12,-1.52
0.0098816,-0.08,-1.52
0.009882,-0.08,-1.52
0.0098824,-0.08,-1.48
0.0098828,-0.08,-1.52
0.0098832,-0.08,-1.52
0.0098836,-0.08,-1.52
0.009884,-0.04,-1.52
0.0098844,-0.08,-1.52
0.0098848,-0.04,-1.52
0.0098852,-0.08,-1.52
0.0098856,-0.08,-1.48
0.009886,-0.12,-1.48
0.0098864,-0.12,-1.52
0.0098868,-0.12,-1.48
0.0098872,-0.12,-1.48
0.0098876,-0.12,-1.52
0.009888,-0.08,-1.44
0.0098884,-0.12,-1.52
0.0098888,-0.12,-1.48
0.0098892,-0.08,-1.48
0.0098896,-0.12,-1.48
0.00989,-0.12,-1.48
0.0098904,-0.12,-1.48
0.0098908,-0.12,-1.52
0.0098912,-0.08,-1.52
0.0098916,-0.16,-1.52
0.009892,-0.08,-1.48
0.0098924,-0.08,-1.48
0.0098928,-0.12,-1.52
0.0098932,-0.08,-1.48
0.0098936,-0.08,-1.48
0.009894,-0.08,-1.52
0.0098944,-0.04,-1.44
0.0098948,-0.08,-1.48
0.0098952,-0.08,-1.52
0.0098956,-0.12,-1.44
0.009896,-0.16,-1.48
0.0098964,-0.12,-1.48
0.0098968,-0.08,-1.48
0.0098972,-0.08,-1.48
0.0098976,-0.08,-1.48
0.009898,-0.08,-1.44
0.0098984,-0.08,-1.48
0.0098988,-0.08,-1.48
0.0098992,-0.12,-1.52
0.0098996,-0.08,-1.48
0.0099,-0.08,-1.48
0.0099004,-0.08,-1.48
0.0099008,-0.12,-1.48
0.0099012,-0.08,-1.48
0.0099016,-0.08,-1.44
0.009902,-0.12,-1.48
0.0099024,-0.12,-1.44
0.0099028,-0.08,-1.48
0.0099032,-0.16,-1.44
0.0099036,-0.12,-1.48
0.009904,-0.08,-1.44
0.0099044,-0.12,-1.44
0.0099048,-0.08,-1.48
0.0099052,-0.12,-1.44
0.0099056,-0.12,-1.48
0.009906,-0.08,-1.44
0.0099064,-0.08,-1.48
0.0099068,-0.08,-1.52
0.0099072,-0.12,-1.44
0.0099076,-0.12,-1.48
0.009908,-0.08,-1.44
0.0099084,-0.12,-1.48
0.0099088,-0.08,-1.48
0.0099092,-0.08,-1.48
0.0099096,-0.12,-1.44
0.00991,-0.12,-1.44
0.0099104,-0.12,-1.48
0.0099108,-0.08,-1.44
0.0099112,-0.12,-1.48
0.0099116,-0.08,-1.48
0.009912,-0.08,-1.48
0.0099124,-0.12,-1.44
0.0099128,-0.08,-1.44
0.0099132,-0.12,-1.44
0.0099136,-0.08,-1.44
0.009914,-0.08,-1.48
0.0099144,-0.08,-1.44
0.0099148,-0.08,-1.48
0.0099152,-0.08,-1.44
0.0099156,-0.08,-1.44
0.009916,-0.12,-1.4
0.0099164,-0.04,-1.44
0.0099168,-0.08,-1.44
0.0099172,-0.08,-1.44
0.0099176,-0.08,-1.4
0.009918,-0.12,-1.44
0.0099184,-0.08,-1.44
0.0099188,-0.08,-1.4
0.0099192,-0.04,-1.44
0.0099196,-0.08,-1.4
0.00992,-0.12,-1.4
0.0099204,-0.12,-1.44
0.0099208,-0.12,-1.4
0.0099212,-0.08,-1.48
0.0099216,-0.08,-1.44
0.009922,-0.12,-1.44
0.0099224,-0.08,-1.4
0.0099228,-0.08,-1.44
0.0099232,-0.08,-1.44
0.0099236,-0.12,-1.44
0.009924,-0.12,-1.44
0.0099244,-0.12,-1.44
0.0099248,-0.08,-1.44
0.0099252,-0.12,-1.4
0.0099256,-0.08,-1.44
0.009926,-0.08,-1.44
0.0099264,-0.08,-1.44
0.0099268,-0.08,-1.48
0.0099272,-0.08,-1.4
0.0099276,-0.12,-1.4
0.009928,-0.04,-1.4
0.0099284,-0.08,-1.44
0.0099288,-0.12,-1.44
0.0099292,-0.08,-1.44
0.0099296,-0.08,-1.4
0.00993,-0.08,-1.4
0.0099304,-0.12,-1.44
0.0099308,-0.12,-1.4
0.0099312,-0.08,-1.4
0.0099316,-0.12,-1.4
0.009932,-0.08,-1.4
0.0099324,-0.12,-1.36
0.0099328,-0.12,-1.44
0.0099332,-0.08,-1.4
0.0099336,-0.12,-1.4
0.009934,-0.12,-1.4
0.0099344,-0.12,-1.44
0.0099348,-0.12,-1.4
0.0099352,-0.08,-1.4
0.0099356,-0.12,-1.4
0.009936,-0.12,-1.4
0.0099364,-0.08,-1.44
0.0099368,-0.08,-1.44
0.0099372,-0.08,-1.4
0.0099376,-0.12,-1.36
0.009938,-0.08,-1.4
0.0099384,-0.08,-1.44
0.0099388,-0.12,-1.4
0.0099392,-0.08,-1.4
0.0099396,-0.04,-1.4
0.00994,-0.08,-1.4
0.0099404,-0.08,-1.4
0.0099408,-0.08,-1.4
0.0099412,-0.08,-1.4
0.0099416,-0.08,-1.36
0.009942,-0.08,-1.36
0.0099424,-0.08,-1.4
0.0099428,-0.12,-1.36
0.0099432,-0.12,-1.44
0.0099436,-0.12,-1.4
0.009944,-0.12,-1.36
0.0099444,-0.08,-1.36
0.0099448,-0.12,-1.44
0.0099452,-0.08,-1.4
0.0099456,-0.12,-1.36
0.009946,-0.08,-1.36
0.0099464,-0.04,-1.36
0.0099468,-0.04,-1.36
0.0099472,-0.08,-1.36
0.0099476,-0.08,-1.4
0.009948,-0.08,-1.4
0.0099484,-0.12,-1.36
0.0099488,-0.08,-1.32
0.0099492,-0.08,-1.36
0.0099496,-0.08,-1.36
0.00995,-0.08,-1.4
0.0099504,-0.08,-1.4
0.0099508,-0.08,-1.4
0.0099512,-0.12,-1.36
0.0099516,-0.08,-1.36
0.009952,-0.08,-1.36
0.0099524,-0.12,-1.36
0.0099528,-0.12,-1.36
0.0099532,-0.08,-1.36
0.0099536,-0.12,-1.36
0.009954,-0.08,-1.36
0.0099544,-0.08,-1.36
0.0099548,-0.12,-1.4
0.0099552,-0.08,-1.4
0.0099556,-0.08,-1.36
0.009956,-0.04,-1.36
0.0099564,-0.08,-1.32
0.0099568,-0.08,-1.36
0.0099572,-0.12,-1.36
0.0099576,-0.08,-1.36
0.009958,-0.12,-1.36
0.0099584,-0.12,-1.32
0.0099588,-0.12,-1.36
0.0099592,-0.08,-1.36
0.0099596,-0.08,-1.36
