0.009248,4.84,3
0.0092484,4.84,2.92
0.0092488,4.84,2.92
0.0092492,4.8,2.96
0.0092496,4.8,3
0.00925,4.8,2.96
0.0092504,4.8,3
0.0092508,4.8,2.92
0.0092512,4.8,2.92
0.0092516,4.8,2.96
0.009252,4.84,2.92
0.0092524,4.84,2.96
0.0092528,4.8,2.92
0.0092532,4.8,2.92
0.0092536,4.84,2.92
0.009254,4.8,2.92
0.0092544,4.84,2.92
0.0092548,4.84,3
0.0092552,4.84,2.96
0.0092556,4.84,2.88
0.009256,4.84,2.92
0.0092564,4.8,2.88
0.0092568,4.8,2.92
0.0092572,4.84,2.92
0.0092576,4.84,2.96
0.009258,4.84,2.92
0.0092584,4.84,2.92
0.0092588,4.8,2.92
0.0092592,4.8,2.96
0.0092596,4.8,2.88
0.00926,4.8,2.92
0.0092604,4.8,2.92
0.0092608,4.8,2.96
0.0092612,4.8,2.92
0.0092616,4.8,2.92
0.009262,4.84,3
0.0092624,4.76,2.96
0.0092628,4.84,2.92
0.0092632,4.84,2.92
0.0092636,4.8,2.88
0.009264,4.8,2.92
0.0092644,4.8,2.96
0.0092648,4.84,2.92
0.0092652,4.8,2.92
0.0092656,4.8,2.88
0.009266,4.8,2.88
0.0092664,4.84,2.92
0.0092668,4.84,2.88
0.0092672,4.76,2.88
0.0092676,4.8,2.92
0.009268,4.84,2.92
0.0092684,4.88,2.92
0.0092688,4.8,2.88
0.0092692,4.8,2.92
0.0092696,4.8,2.88
0.00927,4.8,2.92
0.0092704,4.84,2.88
0.0092708,4.8,2.88
0.0092712,4.84,2.88
0.0092716,4.8,2.92
0.009272,4.8,2.92
0.0092724,4.76,2.92
0.0092728,4.84,2.92
0.0092732,4.76,2.88
0.0092736,4.84,2.92
0.009274,4.8,2.88
0.0092744,4.84,2.92
0.0092748,4.84,2.92
0.0092752,4.88,2.88
0.0092756,4.8,2.88
0.009276,4.8,2.88
0.0092764,4.8,2.92
0.0092768,4.84,2.92
0.0092772,4.76,2.84
0.0092776,4.84,2.92
0.009278,4.8,2.92
0.0092784,4.8,2.92
0.0092788,4.76,2.88
0.0092792,4.84,2.88
0.0092796,4.8,2.84
0.00928,4.8,2.84
0.0092804,4.8,2.88
0.0092808,4.8,2.88
0.0092812,4.8,2.88
0.0092816,4.8,2.88
0.009282,4.8,2.88
0.0092824,4.8,2.88
0.0092828,4.84,2.88
0.0092832,4.84,2.88
0.0092836,4.84,2.88
0.009284,4.84,2.88
0.0092844,4.8,2.88
0.0092848,4.8,2.84
0.0092852,4.84,2.92
0.0092856,4.8,2.84
0.009286,4.8,2.84
0.0092864,4.8,2.92
0.0092868,4.84,2.88
0.0092872,4.8,2.88
0.0092876,4.88,2.84
0.009288,4.8,2.88
0.0092884,4.84,2.88
0.0092888,4.76,2.88
0.0092892,4.76,2.88
0.0092896,4.8,2.92
0.00929,4.8,2.88
0.0092904,4.8,2.88
0.0092908,4.8,2.88
0.0092912,4.8,2.84
0.0092916,4.84,2.88
0.009292,4.8,2.84
0.0092924,4.84,2.84
0.0092928,4.84,2.88
0.0092932,4.8,2.84
0.0092936,4.8,2.84
0.009294,4.8,2.84
0.0092944,4.84,2.84
0.0092948,4.8,2.84
0.0092952,4.84,2.84
0.0092956,4.76,2.8
0.009296,4.84,2.8
0.0092964,4.84,2.84
0.0092968,4.84,2.84
0.0092972,4.84,2.88
0.0092976,4.84,2.84
0.009298,4.84,2.88
0.0092984,4.84,2.84
0.0092988,4.84,2.88
0.0092992,4.8,2.84
0.0092996,4.76,2.8
0.0093,4.84,2.88
0.0093004,4.84,2.84
0.0093008,4.8,2.84
0.0093012,4.76,2.84
0.0093016,4.84,2.84
0.009302,4.76,2.8
0.0093024,4.84,2.84
0.0093028,4.8,2.8
0.0093032,4.8,2.84
0.0093036,4.76,2.8
0.009304,4.8,2.8
0.0093044,4.8,2.8
0.0093048,4.8,2.84
0.0093052,4.8,2.84
0.0093056,4.84,2.8
0.009306,4.8,2.84
0.0093064,4.8,2.84
0.0093068,4.8,2.84
0.0093072,4.8,2.8
0.0093076,4.8,2.84
0.009308,4.84,2.8
0.0093084,4.84,2.8
0.0093088,4.8,2.84
0.0093092,4.76,2.84
0.0093096,4.84,2.84
0.00931,4.84,2.8
0.0093104,4.8,2.84
0.0093108,4.8,2.84
0.0093112,4.8,2.84
0.0093116,4.8,2.88
0.009312,4.76,2.8
0.0093124,4.84,2.84
0.0093128,4.8,2.8
0.0093132,4.84,2.8
0.0093136,4.76,2.8
0.009314,4.8,2.84
0.0093144,4.8,2.8
0.0093148,4.84,2.8
0.0093152,4.8,2.8
0.0093156,4.84,2.84
0.009316,4.76,2.84
0.0093164,4.8,2.84
0.0093168,4.8,2.8
0.0093172,4.84,2.8
0.0093176,4.8,2.8
0.009318,4.8,2.8
0.0093184,4.8,2.8
0.0093188,4.8,2.76
0.0093192,4.8,2.8
0.0093196,4.8,2.8
0.00932,4.8,2.76
0.0093204,4.76,2.8
0.0093208,4.76,2.76
0.0093212,4.8,2.84
0.0093216,4.84,2.8
0.009322,4.84,2.8
0.0093224,4.84,2.76
0.0093228,4.8,2.76
0.0093232,4.8,2.8
0.0093236,4.8,2.76
0.009324,4.8,2.72
0.0093244,4.8,2.8
0.0093248,4.84,2.76
0.0093252,4.84,2.72
0.0093256,4.8,2.76
0.009326,4.8,2.8
0.0093264,4.8,2.8
0.0093268,4.8,2.8
0.0093272,4.84,2.72
0.0093276,4.8,2.76
0.009328,4.84,2.76
0.0093284,4.8,2.76
0.0093288,4.8,2.76
0.0093292,4.8,2.8
0.0093296,4.8,2.8
0.00933,4.8,2.76
0.0093304,4.8,2.76
0.0093308,4.8,2.76
0.0093312,4.8,2.76
0.0093316,4.8,2.76
0.009332,4.84,2.72
0.0093324,4.76,2.76
0.0093328,4.8,2.76
0.0093332,4.84,2.8
0.0093336,4.8,2.76
0.009334,4.84,2.72
0.0093344,4.8,2.76
0.0093348,4.8,2.72
0.0093352,4.8,2.72
0.0093356,4.76,2.72
0.009336,4.8,2.76
0.0093364,4.8,2.76
0.0093368,4.8,2.76
0.0093372,4.8,2.76
0.0093376,4.84,2.76
0.009338,4.8,2.72
0.0093384,4.8,2.72
0.0093388,4.84,2.76
0.0093392,4.76,2.72
0.0093396,4.84,2.76
0.00934,4.8,2.76
0.0093404,4.84,2.76
0.0093408,4.8,2.76
0.0093412,4.8,2.72
0.0093416,4.8,2.72
0.009342,4.8,2.76
0.0093424,4.76,2.72
0.0093428,4.84,2.76
0.0093432,4.76,2.76
0.0093436,4.8,2.76
0.009344,4.8,2.72
0.0093444,4.84,2.72
0.0093448,4.76,2.76
0.0093452,4.76,2.76
0.0093456,4.8,2.72
0.009346,4.8,2.76
0.0093464,4.76,2.72
0.0093468,4.84,2.76
0.0093472,4.84,2.76
0.0093476,4.84,2.76
0.009348,4.84,2.72
0.0093484,4.84,2.76
0.0093488,4.76,2.76
0.0093492,4.8,2.76
0.0093496,4.76,2.76
0.00935,4.8,2.76
0.0093504,4.8,2.68
0.0093508,4.8,2.76
0.0093512,4.8,2.72
0.0093516,4.76,2.72
0.009352,4.76,2.72
0.0093524,4.8,2.76
0.0093528,4.8,2.72
0.0093532,4.72,2.72
0.0093536,4.8,2.72
0.009354,4.76,2.76
0.0093544,4.84,2.76
0.0093548,4.76,2.68
0.0093552,4.8,2.72
0.0093556,4.8,2.72
0.009356,4.8,2.72
0.0093564,4.76,2.68
0.0093568,4.8,2.72
0.0093572,4.76,2.72
0.0093576,4.8,2.76
0.009358,4.8,2.72
0.0093584,4.84,2.76
0.0093588,4.8,2.72
0.0093592,4.84,2.72
0.0093596,4.76,2.72
0.00936,4.8,2.72
0.0093604,4.8,2.72
0.0093608,4.8,2.72
0.0093612,4.84,2.68
0.0093616,4.84,2.68
0.009362,4.84,2.68
0.0093624,4.8,2.72
0.0093628,4.76,2.72
0.0093632,4.8,2.76
0.0093636,4.8,2.72
0.009364,4.76,2.68
0.0093644,4.8,2.68
0.0093648,4.8,2.72
0.0093652,4.8,2.68
0.0093656,4.8,2.72
0.009366,4.8,2.72
0.0093664,4.8,2.68
0.0093668,4.8,2.68
0.0093672,4.84,2.68
0.0093676,4.8,2.68
0.009368,4.76,2.68
0.0093684,4.8,2.68
0.0093688,4.8,2.68
0.0093692,4.8,2.72
0.0093696,4.76,2.68
0.00937,4.76,2.68
0.0093704,4.8,2.68
0.0093708,4.76,2.68
0.0093712,4.76,2.64
0.0093716,4.76,2.68
0.009372,4.8,2.68
0.0093724,4.84,2.64
0.0093728,4.8,2.72
0.0093732,4.84,2.64
0.0093736,4.84,2.72
0.009374,4.84,2.68
0.0093744,4.8,2.64
0.0093748,4.8,2.64
0.0093752,4.76,2.64
0.0093756,4.76,2.68
0.009376,4.8,2.68
0.0093764,4.8,2.68
0.0093768,4.8,2.68
0.0093772,4.8,2.68
0.0093776,4.8,2.64
0.009378,4.8,2.64
0.0093784,4.8,2.6
0.0093788,4.8,2.64
0.0093792,4.8,2.68
0.0093796,4.84,2.64
0.00938,4.76,2.64
0.0093804,4.8,2.68
0.0093808,4.8,2.72
0.0093812,4.8,2.64
0.0093816,4.8,2.68
0.009382,4.76,2.6
0.0093824,4.8,2.68
0.0093828,4.76,2.68
0.0093832,4.84,2.64
0.0093836,4.8,2.64
0.009384,4.76,2.64
0.0093844,4.8,2.64
0.0093848,4.8,2.64
0.0093852,4.8,2.64
0.0093856,4.84,2.64
0.009386,4.76,2.64
0.0093864,4.8,2.68
0.0093868,4.8,2.64
0.0093872,4.84,2.64
0.0093876,4.84,2.68
0.009388,4.8,2.64
0.0093884,4.8,2.6
0.0093888,4.8,2.68
0.0093892,4.84,2.64
0.0093896,4.76,2.64
0.00939,4.8,2.64
0.0093904,4.76,2.64
0.0093908,4.8,2.64
0.0093912,4.8,2.64
0.0093916,4.8,2.64
0.009392,4.76,2.64
0.0093924,4.8,2.64
0.0093928,4.76,2.64
0.0093932,4.84,2.6
0.0093936,4.8,2.64
0.009394,4.84,2.68
0.0093944,4.8,2.64
0.0093948,4.8,2.64
0.0093952,4.8,2.6
0.0093956,4.84,2.64
0.009396,4.76,2.6
0.0093964,4.8,2.64
0.0093968,4.8,2.64
0.0093972,4.84,2.68
0.0093976,4.8,2.6
0.009398,4.84,2.64
0.0093984,4.8,2.64
0.0093988,4.76,2.64
0.0093992,4.76,2.64
0.0093996,4.8,2.6
0.0094,4.8,2.6
0.0094004,4.8,2.64
0.0094008,4.84,2.6
0.0094012,4.8,2.64
0.0094016,4.84,2.6
0.009402,4.84,2.64
0.0094024,4.84,2.64
0.0094028,4.76,2.64
0.0094032,4.76,2.6
0.0094036,4.8,2.64
0.009404,4.8,2.6
0.0094044,4.84,2.64
0.0094048,4.8,2.6
0.0094052,4.8,2.64
0.0094056,4.84,2.64
0.009406,4.8,2.6
0.0094064,4.84,2.6
0.0094068,4.8,2.6
0.0094072,4.8,2.6
0.0094076,4.76,2.6
0.009408,4.8,2.6
0.0094084,4.76,2.64
0.0094088,4.84,2.64
0.0094092,4.8,2.6
0.0094096,4.8,2.64
0.00941,4.76,2.6
0.0094104,4.8,2.6
0.0094108,4.76,2.56
0.0094112,4.84,2.56
0.0094116,4.8,2.56
0.009412,4.8,2.6
0.0094124,4.8,2.6
0.0094128,4.8,2.64
0.0094132,4.76,2.6
0.0094136,4.84,2.6
0.009414,4.84,2.6
0.0094144,4.84,2.6
0.0094148,4.84,2.6
0.0094152,4.76,2.56
0.0094156,4.84,2.6
0.009416,4.84,2.56
0.0094164,4.84,2.6
0.0094168,4.8,2.6
0.0094172,4.84,2.6
0.0094176,4.76,2.6
0.009418,4.8,2.56
0.0094184,4.76,2.6
0.0094188,4.8,2.6
0.0094192,4.8,2.6
0.0094196,4.8,2.6
0.00942,4.8,2.6
0.0094204,4.8,2.6
0.0094208,4.76,2.56
0.0094212,4.84,2.56
0.0094216,4.76,2.6
0.009422,4.8,2.6
0.0094224,4.72,2.56
0.0094228,4.8,2.6
0.0094232,4.8,2.56
0.0094236,4.84,2.6
0.009424,4.72,2.56
0.0094244,4.8,2.56
0.0094248,4.76,2.56
0.0094252,4.84,2.6
0.0094256,4.76,2.6
0.009426,4.8,2.56
0.0094264,4.8,2.56
0.0094268,4.8,2.56
0.0094272,4.8,2.56
0.0094276,4.76,2.56
0.009428,4.8,2.56
0.0094284,4.8,2.56
0.0094288,4.8,2.6
0.0094292,4.8,2.56
0.0094296,4.84,2.6
0.00943,4.76,2.56
0.0094304,4.84,2.6
0.0094308,4.8,2.56
0.0094312,4.8,2.56
0.0094316,4.8,2.56
0.009432,4.8,2.56
0.0094324,4.8,2.6
0.0094328,4.8,2.56
0.0094332,4.8,2.6
0.0094336,4.84,2.6
0.009434,4.76,2.52
0.0094344,4.76,2.6
0.0094348,4.76,2.56
0.0094352,4.84,2.56
0.0094356,4.76,2.56
0.009436,4.8,2.56
0.0094364,4.76,2.6
0.0094368,4.8,2.6
0.0094372,4.8,2.56
0.0094376,4.84,2.56
0.009438,4.8,2.52
0.0094384,4.8,2.48
0.0094388,4.8,2.56
0.0094392,4.8,2.56
0.0094396,4.84,2.52
0.00944,4.8,2.52
0.0094404,4.76,2.56
0.0094408,4.84,2.56
0.0094412,4.8,2.52
0.0094416,4.8,2.6
0.009442,4.84,2.52
0.0094424,4.8,2.56
0.0094428,4.76,2.52
0.0094432,4.8,2.56
0.0094436,4.8,2.52
0.009444,4.8,2.56
0.0094444,4.8,2.52
0.0094448,4.8,2.52
0.0094452,4.8,2.56
0.0094456,4.76,2.52
0.009446,4.8,2.56
0.0094464,4.8,2.52
0.0094468,4.84,2.56
0.0094472,4.76,2.52
0.0094476,4.8,2.52
0.009448,4.76,2.56
0.0094484,4.84,2.56
0.0094488,4.8,2.48
0.0094492,4.84,2.56
0.0094496,4.8,2.52
0.00945,4.8,2.52
0.0094504,4.76,2.52
0.0094508,4.76,2.52
0.0094512,4.8,2.52
0.0094516,4.84,2.52
0.009452,4.76,2.48
0.0094524,4.8,2.52
0.0094528,4.8,2.56
0.0094532,4.84,2.48
0.0094536,4.8,2.52
0.009454,4.8,2.52
0.0094544,4.8,2.52
0.0094548,4.8,2.56
0.0094552,4.8,2.52
0.0094556,4.76,2.52
0.009456,4.84,2.48
0.0094564,4.8,2.52
0.0094568,4.8,2.48
0.0094572,4.76,2.52
0.0094576,4.8,2.48
0.009458,4.76,2.56
0.0094584,4.8,2.52
0.0094588,4.76,2.56
0.0094592,4.8,2.52
0.0094596,4.8,2.52
0.00946,4.8,2.52
0.0094604,4.76,2.56
0.0094608,4.8,2.52
0.0094612,4.8,2.52
0.0094616,4.8,2.52
0.009462,4.76,2.52
0.0094624,4.8,2.52
0.0094628,4.8,2.52
0.0094632,4.8,2.48
0.0094636,4.8,2.48
0.009464,4.8,2.52
0.0094644,4.8,2.52
0.0094648,4.8,2.52
0.0094652,4.8,2.52
0.0094656,4.8,2.52
0.009466,4.76,2.52
0.0094664,4.8,2.52
0.0094668,4.8,2.48
0.0094672,4.8,2.56
0.0094676,4.76,2.48
0.009468,4.76,2.48
0.0094684,4.84,2.48
0.0094688,4.76,2.52
0.0094692,4.76,2.52
0.0094696,4.8,2.48
0.00947,4.84,2.48
0.0094704,4.8,2.48
0.0094708,4.76,2.52
0.0094712,4.8,2.52
0.0094716,4.76,2.48
0.009472,4.72,2.48
0.0094724,4.76,2.48
0.0094728,4.8,2.48
0.0094732,4.8,2.52
0.0094736,4.72,2.44
0.009474,4.8,2.48
0.0094744,4.8,2.52
0.0094748,4.76,2.52
0.0094752,4.76,2.44
0.0094756,4.8,2.48
0.009476,4.76,2.52
0.0094764,4.76,2.52
0.0094768,4.76,2.44
0.0094772,4.76,2.44
0.0094776,4.8,2.44
0.009478,4.76,2.44
0.0094784,4.76,2.48
0.0094788,4.8,2.44
0.0094792,4.76,2.44
0.0094796,4.76,2.44
0.00948,4.8,2.4
0.0094804,4.8,2.44
0.0094808,4.76,2.4
0.0094812,4.76,2.48
0.0094816,4.76,2.44
0.009482,4.8,2.48
0.0094824,4.76,2.4
0.0094828,4.76,2.44
0.0094832,4.76,2.48
0.0094836,4.8,2.48
0.009484,4.76,2.48
0.0094844,4.8,2.44
0.0094848,4.76,2.48
0.0094852,4.76,2.48
0.0094856,4.72,2.44
0.009486,4.76,2.4
0.0094864,4.8,2.48
0.0094868,4.76,2.44
0.0094872,4.76,2.48
0.0094876,4.76,2.44
0.009488,4.8,2.48
0.0094884,4.76,2.44
0.0094888,4.76,2.44
0.0094892,4.76,2.48
0.0094896,4.8,2.48
0.00949,4.72,2.44
0.0094904,4.76,2.44
0.0094908,4.76,2.4
0.0094912,4.76,2.44
0.0094916,4.76,2.4
0.009492,4.76,2.44
0.0094924,4.72,2.44
0.0094928,4.8,2.48
0.0094932,4.8,2.44
0.0094936,4.76,2.44
0.009494,4.76,2.44
0.0094944,4.76,2.44
0.0094948,4.8,2.44
0.0094952,4.8,2.44
0.0094956,4.76,2.4
0.009496,4.8,2.48
0.0094964,4.76,2.44
0.0094968,4.8,2.44
0.0094972,4.8,2.4
0.0094976,4.8,2.44
0.009498,4.72,2.4
0.0094984,4.76,2.44
0.0094988,4.8,2.44
0.0094992,4.8,2.44
0.0094996,4.76,2.48
0.0095,4.76,2.44
0.0095004,4.8,2.44
0.0095008,4.76,2.44
0.0095012,4.8,2.44
0.0095016,4.76,2.44
0.009502,4.8,2.4
0.0095024,4.8,2.44
0.0095028,-0.08,0.4
0.0095032,-0.12,-2.04
0.0095036,-0.12,-2.36
0.009504,-0.12,-2.48
0.0095044,-0.12,-2.44
0.0095048,-0.12,-2.44
0.0095052,-0.12,-2.44
0.0095056,-0.12,-2.44
0.009506,-0.12,-2.44
0.0095064,-0.12,-2.4
0.0095068,-0.12,-2.44
0.0095072,-0.08,-2.4
0.0095076,-0.12,-2.44
0.009508,-0.12,-2.48
0.0095084,-0.12,-2.44
0.0095088,-0.08,-2.44
0.0095092,-0.12,-2.44
0.0095096,-0.08,-2.48
0.00951,-0.12,-2.48
0.0095104,-0.12,-2.48
0.0095108,-0.12,-2.44
0.0095112,-0.12,-2.44
0.0095116,-0.16,-2.48
0.009512,-0.12,-2.44
0.0095124,-0.12,-2.44
0.0095128,-0.16,-2.48
0.0095132,-0.12,-2.44
0.0095136,-0.12,-2.44
0.009514,-0.12,-2.44
0.0095144,-0.12,-2.52
0.0095148,-0.12,-2.44
0.0095152,-0.12,-2.44
0.0095156,-0.2,-2.48
0.009516,-0.16,-2.48
0.0095164,-0.12,-2.44
0.0095168,-0.12,-2.44
0.0095172,-0.16,-2.48
0.0095176,-0.12,-2.44
0.009518,-0.12,-2.4
0.0095184,-0.12,-2.44
0.0095188,-0.12,-2.4
0.0095192,-0.12,-2.48
0.0095196,-0.16,-2.48
0.00952,-0.12,-2.48
0.0095204,-0.12,-2.44
0.0095208,-0.2,-2.48
0.0095212,-0.16,-2.44
0.0095216,-0.12,-2.48
0.009522,-0.16,-2.44
0.0095224,-0.12,-2.48
0.0095228,-0.12,-2.44
0.0095232,-0.12,-2.44
0.0095236,-0.12,-2.4
0.009524,-0.12,-2.44
0.0095244,-0.12,-2.48
0.0095248,-0.12,-2.4
0.0095252,-0.16,-2.44
0.0095256,-0.12,-2.44
0.009526,-0.12,-2.4
0.0095264,-0.12,-2.4
0.0095268,-0.12,-2.4
0.0095272,-0.12,-2.44
0.0095276,-0.12,-2.4
0.009528,-0.12,-2.4
0.0095284,-0.12,-2.4
0.0095288,-0.16,-2.4
0.0095292,-0.16,-2.44
0.0095296,-0.16,-2.4
0.00953,-0.08,-2.44
0.0095304,-0.12,-2.4
0.0095308,-0.16,-2.44
0.0095312,-0.12,-2.36
0.0095316,-0.12,-2.44
0.009532,-0.12,-2.4
0.0095324,-0.12,-2.4
0.0095328,-0.12,-2.4
0.0095332,-0.16,-2.4
0.0095336,-0.16,-2.4
0.009534,-0.16,-2.44
0.0095344,-0.12,-2.4
0.0095348,-0.12,-2.4
0.0095352,-0.12,-2.36
0.0095356,-0.12,-2.44
0.009536,-0.16,-2.4
0.0095364,-0.16,-2.36
0.0095368,-0.16,-2.4
0.0095372,-0.16,-2.44
0.0095376,-0.12,-2.36
0.009538,-0.12,-2.44
0.0095384,-0.12,-2.4
0.0095388,-0.12,-2.4
0.0095392,-0.16,-2.36
0.0095396,-0.12,-2.36
0.00954,-0.12,-2.36
0.0095404,-0.12,-2.36
0.0095408,-0.08,-2.4
0.0095412,-0.12,-2.32
0.0095416,-0.12,-2.4
0.009542,-0.12,-2.36
0.0095424,-0.12,-2.36
0.0095428,-0.16,-2.36
0.0095432,-0.12,-2.4
0.0095436,-0.16,-2.36
0.009544,-0.16,-2.4
0.0095444,-0.16,-2.32
0.0095448,-0.16,-2.36
0.0095452,-0.12,-2.36
0.0095456,-0.16,-2.36
0.009546,-0.16,-2.36
0.0095464,-0.16,-2.36
0.0095468,-0.16,-2.36
0.0095472,-0.12,-2.36
0.0095476,-0.16,-2.36
0.009548,-0.16,-2.36
0.0095484,-0.08,-2.36
0.0095488,-0.08,-2.4
0.0095492,-0.16,-2.36
0.0095496,-0.12,-2.36
0.00955,-0.12,-2.32
0.0095504,-0.16,-2.36
0.0095508,-0.12,-2.36
0.0095512,-0.12,-2.36
0.0095516,-0.12,-2.36
0.009552,-0.12,-2.36
0.0095524,-0.16,-2.36
0.0095528,-0.16,-2.32
0.0095532,-0.12,-2.4
0.0095536,-0.12,-2.28
0.009554,-0.12,-2.32
0.0095544,-0.12,-2.36
0.0095548,-0.16,-2.32
0.0095552,-0.12,-2.36
0.0095556,-0.16,-2.32
0.009556,-0.12,-2.32
0.0095564,-0.12,-2.32
0.0095568,-0.12,-2.36
0.0095572,-0.08,-2.36
0.0095576,-0.16,-2.28
0.009558,-0.16,-2.32
0.0095584,-0.12,-2.28
0.0095588,-0.16,-2.36
0.0095592,-0.12,-2.36
0.0095596,-0.16,-2.32
0.00956,-0.12,-2.32
0.0095604,-0.08,-2.28
0.0095608,-0.12,-2.32
0.0095612,-0.12,-2.32
0.0095616,-0.12,-2.36
0.009562,-0.12,-2.36
0.0095624,-0.16,-2.28
0.0095628,-0.12,-2.28
0.0095632,-0.12,-2.32
0.0095636,-0.16,-2.28
0.009564,-0.16,-2.32
0.0095644,-0.12,-2.28
0.0095648,-0.12,-2.32
0.0095652,-0.12,-2.32
0.0095656,-0.12,-2.28
0.009566,-0.12,-2.32
0.0095664,-0.12,-2.28
0.0095668,-0.08,-2.32
0.0095672,-0.12,-2.32
0.0095676,-0.12,-2.28
0.009568,-0.12,-2.28
0.0095684,-0.16,-2.28
0.0095688,-0.12,-2.32
0.0095692,-0.12,-2.28
0.0095696,-0.12,-2.32
0.00957,-0.16,-2.32
0.0095704,-0.12,-2.28
0.0095708,-0.08,-2.28
0.0095712,-0.12,-2.36
0.0095716,-0.12,-2.28
0.009572,-0.12,-2.28
0.0095724,-0.12,-2.24
0.0095728,-0.12,-2.28
0.0095732,-0.08,-2.28
0.0095736,-0.16,-2.32
0.009574,-0.08,-2.32
0.0095744,-0.08,-2.32
0.0095748,-0.12,-2.28
0.0095752,-0.16,-2.28
0.0095756,-0.12,-2.28
0.009576,-0.12,-2.24
0.0095764,-0.12,-2.24
0.0095768,-0.12,-2.24
0.0095772,-0.16,-2.24
0.0095776,-0.16,-2.24
0.009578,-0.12,-2.24
0.0095784,-0.08,-2.28
0.0095788,-0.16,-2.28
0.0095792,-0.12,-2.24
0.0095796,-0.12,-2.28
0.00958,-0.12,-2.24
0.0095804,-0.12,-2.28
0.0095808,-0.12,-2.24
0.0095812,-0.16,-2.28
0.0095816,-0.12,-2.2
0.009582,-0.16,-2.28
0.0095824,-0.12,-2.24
0.0095828,-0.12,-2.24
0.0095832,-0.12,-2.24
0.0095836,-0.08,-2.28
0.009584,-0.16,-2.2
0.0095844,-0.08,-2.24
0.0095848,-0.08,-2.24
0.0095852,-0.12,-2.24
0.0095856,-0.16,-2.24
0.009586,-0.16,-2.24
0.0095864,-0.16,-2.2
0.0095868,-0.12,-2.24
0.0095872,-0.08,-2.24
0.0095876,-0.12,-2.24
0.009588,-0.12,-2.24
0.0095884,-0.08,-2.28
0.0095888,-0.08,-2.2
0.0095892,-0.16,-2.24
0.0095896,-0.12,-2.24
0.00959,-0.12,-2.24
0.0095904,-0.08,-2.24
0.0095908,-0.12,-2.28
0.0095912,-0.16,-2.24
0.0095916,-0.12,-2.24
0.009592,-0.12,-2.28
0.0095924,-0.12,-2.24
0.0095928,-0.12,-2.24
0.0095932,-0.16,-2.2
0.0095936,-0.12,-2.24
0.009594,-0.16,-2.2
0.0095944,-0.16,-2.2
0.0095948,-0.12,-2.2
0.0095952,-0.16,-2.2
0.0095956,-0.12,-2.2
0.009596,-0.12,-2.24
0.0095964,-0.12,-2.2
0.0095968,-0.12,-2.2
0.0095972,-0.12,-2.2
0.0095976,-0.12,-2.24
0.009598,-0.16,-2.24
0.0095984,-0.12,-2.24
0.0095988,-0.16,-2.24
0.0095992,-0.08,-2.24
0.0095996,-0.16,-2.24
0.0096,-0.12,-2.2
0.0096004,-0.12,-2.2
0.0096008,-0.12,-2.24
0.0096012,-0.12,-2.24
0.0096016,-0.12,-2.2
0.009602,-0.16,-2.24
0.0096024,-0.12,-2.2
0.0096028,-0.12,-2.2
0.0096032,-0.16,-2.2
0.0096036,-0.16,-2.2
0.009604,-0.12,-2.2
0.0096044,-0.16,-2.16
0.0096048,-0.16,-2.2
0.0096052,-0.16,-2.24
0.0096056,-0.12,-2.16
0.009606,-0.16,-2.2
0.0096064,-0.12,-2.16
0.0096068,-0.12,-2.2
0.0096072,-0.12,-2.16
0.0096076,-0.16,-2.2
0.009608,-0.12,-2.2
0.0096084,-0.12,-2.16
0.0096088,-0.12,-2.16
0.0096092,-0.12,-2.2
0.0096096,-0.16,-2.16
0.00961,-0.12,-2.2
0.0096104,-0.16,-2.12
0.0096108,-0.12,-2.16
0.0096112,-0.16,-2.12
0.0096116,-0.12,-2.2
0.009612,-0.12,-2.16
0.0096124,-0.12,-2.16
0.0096128,-0.12,-2.2
0.0096132,-0.16,-2.16
0.0096136,-0.12,-2.16
0.009614,-0.12,-2.16
0.0096144,-0.16,-2.12
0.0096148,-0.12,-2.16
0.0096152,-0.12,-2.16
0.0096156,-0.12,-2.16
0.009616,-0.12,-2.16
0.0096164,-0.12,-2.12
0.0096168,-0.16,-2.16
0.0096172,-0.12,-2.12
0.0096176,-0.12,-2.12
0.009618,-0.12,-2.2
0.0096184,-0.16,-2.12
0.0096188,-0.12,-2.12
0.0096192,-0.08,-2.12
0.0096196,-0.16,-2.16
0.00962,-0.12,-2.16
0.0096204,-0.16,-2.12
0.0096208,-0.16,-2.12
0.0096212,-0.12,-2.16
0.0096216,-0.12,-2.12
0.009622,-0.12,-2.12
0.0096224,-0.16,-2.16
0.0096228,-0.08,-2.12
0.0096232,-0.12,-2.12
0.0096236,-0.12,-2.08
0.009624,-0.12,-2.12
0.0096244,-0.08,-2.16
0.0096248,-0.12,-2.16
0.0096252,-0.16,-2.12
0.0096256,-0.12,-2.08
0.009626,-0.12,-2.12
0.0096264,-0.12,-2.12
0.0096268,-0.08,-2.08
0.0096272,-0.12,-2.08
0.0096276,-0.12,-2.12
0.009628,-0.12,-2.12
0.0096284,-0.12,-2.12
0.0096288,-0.08,-2.12
0.0096292,-0.12,-2.12
0.0096296,-0.12,-2.04
0.00963,-0.12,-2.16
0.0096304,-0.12,-2.12
0.0096308,-0.12,-2.16
0.0096312,-0.08,-2.12
0.0096316,-0.12,-2.12
0.009632,-0.12,-2.12
0.0096324,-0.12,-2.08
0.0096328,-0.12,-2.08
0.0096332,-0.12,-2.12
0.0096336,-0.08,-2.08
0.009634,-0.12,-2.12
0.0096344,-0.12,-2.12
0.0096348,-0.12,-2.12
0.0096352,-0.12,-2.08
0.0096356,-0.12,-2.08
0.009636,-0.08,-2.08
0.0096364,-0.12,-2.12
0.0096368,-0.12,-2.08
0.0096372,-0.12,-2.08
0.0096376,-0.12,-2.12
0.009638,-0.16,-2.08
0.0096384,-0.12,-2.16
0.0096388,-0.16,-2.08
0.0096392,-0.16,-2.08
0.0096396,-0.16,-2.12
0.00964,-0.16,-2.12
0.0096404,-0.12,-2.12
0.0096408,-0.12,-2.08
0.0096412,-0.12,-2.12
0.0096416,-0.12,-2.12
0.009642,-0.12,-2.08
0.0096424,-0.08,-2.12
0.0096428,-0.12,-2.08
0.0096432,-0.16,-2.08
0.0096436,-0.12,-2.08
0.009644,-0.12,-2.08
0.0096444,-0.12,-2.08
0.0096448,-0.12,-2.04
0.0096452,-0.08,-2.08
0.0096456,-0.12,-2.08
0.009646,-0.08,-2.08
0.0096464,-0.16,-2.08
0.0096468,-0.08,-2.08
0.0096472,-0.16,-2.12
0.0096476,-0.12,-2.04
0.009648,-0.12,-2.08
0.0096484,-0.12,-2.08
0.0096488,-0.12,-2.08
0.0096492,-0.12,-2.08
0.0096496,-0.08,-2.08
0.00965,-0.08,-2.04
0.0096504,-0.12,-2.08
0.0096508,-0.12,-2.08
0.0096512,-0.12,-2.04
0.0096516,-0.12,-2.04
0.009652,-0.12,-2.04
0.0096524,-0.16,-2.04
0.0096528,-0.12,-2.08
0.0096532,-0.12,-2.04
0.0096536,-0.12,-2.08
0.009654,-0.12,-2.04
0.0096544,-0.12,-2.08
0.0096548,-0.12,-2.04
0.0096552,-0.12,-2.04
0.0096556,-0.12,-2.04
0.009656,-0.12,-2
0.0096564,-0.12,-2.04
0.0096568,-0.12,-2.04
0.0096572,-0.12,-2.04
0.0096576,-0.08,-2.08
0.009658,-0.12,-2.04
0.0096584,-0.08,-2.08
0.0096588,-0.12,-2.04
0.0096592,-0.08,-2.04
0.0096596,-0.12,-2.04
0.00966,-0.08,-2.04
0.0096604,-0.16,-2.04
0.0096608,-0.12,-2
0.0096612,-0.12,-2
0.0096616,-0.16,-2.04
0.009662,-0.16,-2
0.0096624,-0.12,-2.04
0.0096628,-0.08,-2.08
0.0096632,-0.12,-2
0.0096636,-0.12,-2.04
0.009664,-0.16,-2.04
0.0096644,-0.12,-2
0.0096648,-0.08,-2
0.0096652,-0.12,-2.04
0.0096656,-0.16,-2.04
0.009666,-0.12,-2.04
0.0096664,-0.12,-2
0.0096668,-0.12,-1.96
0.0096672,-0.12,-2
0.0096676,-0.16,-2.04
0.009668,-0.12,-2
0.0096684,-0.12,-2.04
0.0096688,-0.16,-2
0.0096692,-0.12,-2.04
0.0096696,-0.12,-2
0.00967,-0.16,-2
0.0096704,-0.12,-2
0.0096708,-0.12,-2.04
0.0096712,-0.08,-2.04
0.0096716,-0.08,-2
0.009672,-0.12,-1.96
0.0096724,-0.16,-1.96
0.0096728,-0.12,-2
0.0096732,-0.12,-2
0.0096736,-0.12,-2
0.009674,-0.12,-2
0.0096744,-0.12,-2
0.0096748,-0.12,-2
0.0096752,-0.12,-1.92
0.0096756,-0.12,-2
0.009676,-0.12,-2
0.0096764,-0.08,-1.96
0.0096768,-0.12,-2
0.0096772,-0.12,-2
0.0096776,-0.12,-2
0.009678,-0.08,-2
0.0096784,-0.12,-2
0.0096788,-0.12,-1.96
0.0096792,-0.08,-2
0.0096796,-0.2,-2.04
0.00968,-0.12,-1.92
0.0096804,-0.12,-2
0.0096808,-0.12,-1.96
0.0096812,-0.12,-1.96
0.0096816,-0.12,-1.96
0.009682,-0.08,-1.96
0.0096824,-0.12,-2
0.0096828,-0.08,-2
0.0096832,-0.12,-1.96
0.0096836,-0.16,-1.96
0.009684,-0.12,-1.96
0.0096844,-0.12,-1.96
0.0096848,-0.08,-1.96
0.0096852,-0.12,-1.96
0.0096856,-0.08,-1.96
0.009686,-0.08,-1.96
0.0096864,-0.16,-1.96
0.0096868,-0.12,-1.92
0.0096872,-0.12,-2
0.0096876,-0.12,-1.96
0.009688,-0.12,-1.96
0.0096884,-0.12,-1.96
0.0096888,-0.12,-1.92
0.0096892,-0.12,-2
0.0096896,-0.12,-1.96
0.00969,-0.16,-2
0.0096904,-0.08,-1.96
0.0096908,-0.12,-1.92
0.0096912,-0.12,-1.92
0.0096916,-0.16,-1.92
0.009692,-0.12,-1.92
0.0096924,-0.16,-1.96
0.0096928,-0.16,-1.92
0.0096932,-0.12,-1.92
0.0096936,-0.08,-1.96
0.009694,-0.12,-1.96
0.0096944,-0.12,-1.96
0.0096948,-0.12,-1.92
0.0096952,-0.08,-1.92
0.0096956,-0.16,-1.96
0.009696,-0.16,-1.88
0.0096964,-0.12,-1.92
0.0096968,-0.12,-1.92
0.0096972,-0.12,-1.92
0.0096976,-0.12,-1.92
0.009698,-0.12,-1.96
0.0096984,-0.12,-1.92
0.0096988,-0.16,-1.96
0.0096992,-0.08,-1.96
0.0096996,-0.12,-1.88
0.0097,-0.12,-1.92
0.0097004,-0.12,-1.96
0.0097008,-0.12,-1.92
0.0097012,-0.12,-1.92
0.0097016,-0.12,-1.92
0.009702,-0.12,-1.92
0.0097024,-0.12,-1.92
0.0097028,-0.08,-1.88
0.0097032,-0.12,-1.92
0.0097036,-0.08,-1.92
0.009704,-0.12,-1.92
0.0097044,-0.12,-1.88
0.0097048,-0.12,-1.92
0.0097052,-0.12,-1.92
0.0097056,-0.12,-1.88
0.009706,-0.12,-1.88
0.0097064,-0.16,-1.92
0.0097068,-0.08,-1.88
0.0097072,-0.12,-1.92
0.0097076,-0.12,-1.88
0.009708,-0.12,-1.92
0.0097084,-0.12,-1.88
0.0097088,-0.12,-1.92
0.0097092,-0.12,-1.92
0.0097096,-0.12,-1.88
0.00971,-0.08,-1.92
0.0097104,-0.16,-1.92
0.0097108,-0.16,-1.92
0.0097112,-0.12,-1.92
0.0097116,-0.16,-1.88
0.009712,-0.12,-1.84
0.0097124,-0.12,-1.84
0.0097128,-0.16,-1.88
0.0097132,-0.12,-1.92
0.0097136,-0.12,-1.88
0.009714,-0.16,-1.88
0.0097144,-0.16,-1.84
0.0097148,-0.12,-1.88
0.0097152,-0.12,-1.92
0.0097156,-0.12,-1.92
0.009716,-0.12,-1.84
0.0097164,-0.12,-1.88
0.0097168,-0.12,-1.88
0.0097172,-0.12,-1.84
0.0097176,-0.12,-1.92
0.009718,-0.12,-1.88
0.0097184,-0.12,-1.88
0.0097188,-0.12,-1.88
0.0097192,-0.16,-1.88
0.0097196,-0.08,-1.88
0.00972,-0.08,-1.92
0.0097204,-0.12,-1.88
0.0097208,-0.08,-1.84
0.0097212,-0.12,-1.84
0.0097216,-0.08,-1.84
0.009722,-0.12,-1.84
0.0097224,-0.12,-1.84
0.0097228,-0.12,-1.88
0.0097232,-0.16,-1.92
0.0097236,-0.08,-1.8
0.009724,-0.12,-1.84
0.0097244,-0.08,-1.84
0.0097248,-0.08,-1.88
0.0097252,-0.12,-1.88
0.0097256,-0.08,-1.8
0.009726,-0.12,-1.84
0.0097264,-0.12,-1.8
0.0097268,-0.12,-1.88
0.0097272,-0.12,-1.88
0.0097276,-0.12,-1.88
0.009728,-0.12,-1.88
0.0097284,-0.12,-1.84
0.0097288,-0.12,-1.84
0.0097292,-0.12,-1.88
0.0097296,-0.12,-1.88
0.00973,-0.08,-1.84
0.0097304,-0.12,-1.88
0.0097308,-0.12,-1.8
0.0097312,-0.08,-1.84
0.0097316,-0.12,-1.84
0.009732,-0.12,-1.84
0.0097324,-0.12,-1.88
0.0097328,-0.12,-1.88
0.0097332,-0.16,-1.84
0.0097336,-0.12,-1.84
0.009734,-0.08,-1.88
0.0097344,-0.16,-1.8
0.0097348,-0.12,-1.84
0.0097352,-0.12,-1.92
0.0097356,-0.16,-1.8
0.009736,-0.12,-1.88
0.0097364,-0.08,-1.84
0.0097368,-0.12,-1.84
0.0097372,-0.12,-1.84
0.0097376,-0.12,-1.84
0.009738,-0.12,-1.84
0.0097384,-0.12,-1.84
0.0097388,-0.08,-1.84
0.0097392,-0.12,-1.76
0.0097396,-0.12,-1.84
0.00974,-0.12,-1.84
0.0097404,-0.12,-1.84
0.0097408,-0.08,-1.84
0.0097412,-0.12,-1.84
0.0097416,-0.12,-1.8
0.009742,-0.12,-1.84
0.0097424,-0.12,-1.76
0.0097428,-0.08,-1.84
0.0097432,-0.12,-1.84
0.0097436,-0.16,-1.8
0.009744,-0.12,-1.76
0.0097444,-0.12,-1.8
0.0097448,-0.12,-1.8
0.0097452,-0.12,-1.84
0.0097456,-0.12,-1.8
0.009746,-0.12,-1.8
0.0097464,-0.08,-1.8
0.0097468,-0.12,-1.8
0.0097472,-0.08,-1.76
0.0097476,-0.12,-1.84
0.009748,-0.08,-1.8
0.0097484,-0.08,-1.8
0.0097488,-0.08,-1.8
0.0097492,-0.12,-1.8
0.0097496,-0.08,-1.8
0.00975,-0.12,-1.8
0.0097504,-0.08,-1.8
0.0097508,-0.12,-1.8
0.0097512,-0.12,-1.8
0.0097516,-0.08,-1.76
0.009752,-0.12,-1.8
0.0097524,-0.12,-1.8
0.0097528,-0.12,-1.8
0.0097532,-0.12,-1.8
0.0097536,-0.08,-1.8
0.009754,-0.08,-1.76
0.0097544,-0.08,-1.8
0.0097548,-0.12,-1.8
0.0097552,-0.12,-1.84
0.0097556,-0.12,-1.76
0.009756,-0.08,-1.8
0.0097564,-0.12,-1.72
0.0097568,-0.12,-1.76
0.0097572,-0.08,-1.8
0.0097576,-0.08,-1.76
0.009758,-0.08,-1.76
0.0097584,-0.08,-1.8
0.0097588,-0.12,-1.76
0.0097592,-0.12,-1.76
0.0097596,-0.12,-1.84
0.00976,-0.12,-1.8
0.0097604,-0.12,-1.8
0.0097608,-0.12,-1.76
0.0097612,-0.08,-1.8
0.0097616,-0.08,-1.76
0.009762,-0.12,-1.76
0.0097624,-0.12,-1.8
0.0097628,-0.12,-1.76
0.0097632,-0.08,-1.76
0.0097636,-0.16,-1.76
0.009764,-0.12,-1.8
0.0097644,-0.12,-1.76
0.0097648,-0.12,-1.76
0.0097652,-0.08,-1.8
0.0097656,-0.16,-1.76
0.009766,-0.08,-1.76
0.0097664,-0.12,-1.76
0.0097668,-0.12,-1.8
0.0097672,-0.12,-1.72
0.0097676,-0.08,-1.76
0.009768,-0.12,-1.76
0.0097684,-0.12,-1.72
0.0097688,-0.08,-1.76
0.0097692,-0.12,-1.8
0.0097696,-0.08,-1.8
0.00977,-0.12,-1.76
0.0097704,-0.12,-1.76
0.0097708,-0.04,-1.76
0.0097712,-0.08,-1.76
0.0097716,-0.12,-1.8
0.009772,-0.08,-1.72
0.0097724,-0.08,-1.72
0.0097728,-0.08,-1.76
0.0097732,-0.08,-1.76
0.0097736,-0.12,-1.76
0.009774,-0.08,-1.76
0.0097744,-0.12,-1.76
0.0097748,-0.12,-1.72
0.0097752,-0.12,-1.72
0.0097756,-0.08,-1.76
0.009776,-0.12,-1.76
0.0097764,-0.12,-1.72
0.0097768,-0.12,-1.68
0.0097772,-0.12,-1.72
0.0097776,-0.08,-1.72
0.009778,-0.12,-1.72
0.0097784,-0.12,-1.76
0.0097788,-0.12,-1.72
0.0097792,-0.12,-1.72
0.0097796,-0.12,-1.72
0.00978,-0.08,-1.76
0.0097804,-0.08,-1.72
0.0097808,-0.08,-1.72
0.0097812,-0.16,-1.72
0.0097816,-0.12,-1.72
0.009782,-0.08,-1.72
0.0097824,-0.12,-1.72
0.0097828,-0.08,-1.72
0.0097832,-0.12,-1.72
0.0097836,-0.12,-1.72
0.009784,-0.12,-1.72
0.0097844,-0.12,-1.72
0.0097848,-0.08,-1.72
0.0097852,-0.12,-1.76
0.0097856,-0.12,-1.76
0.009786,-0.12,-1.68
0.0097864,-0.08,-1.72
0.0097868,-0.12,-1.68
0.0097872,-0.12,-1.72
0.0097876,-0.08,-1.68
0.009788,-0.08,-1.68
0.0097884,-0.12,-1.72
0.0097888,-0.12,-1.68
0.0097892,-0.12,-1.68
0.0097896,-0.08,-1.68
0.00979,-0.12,-1.72
0.0097904,-0.12,-1.68
0.0097908,-0.12,-1.68
0.0097912,-0.12,-1.68
0.0097916,-0.08,-1.72
0.009792,-0.12,-1.72
0.0097924,-0.08,-1.68
0.0097928,-0.12,-1.68
0.0097932,-0.12,-1.68
0.0097936,-0.08,-1.64
0.009794,-0.08,-1.72
0.0097944,-0.12,-1.68
0.0097948,-0.08,-1.68
0.0097952,-0.08,-1.68
0.0097956,-0.12,-1.64
0.009796,-0.08,-1.72
0.0097964,-0.08,-1.68
0.0097968,-0.12,-1.68
0.0097972,-0.12,-1.68
0.0097976,-0.12,-1.68
0.009798,-0.12,-1.72
0.0097984,-0.12,-1.68
0.0097988,-0.12,-1.64
0.0097992,-0.08,-1.72
0.0097996,-0.08,-1.68
0.0098,-0.12,-1.72
0.0098004,-0.12,-1.68
0.0098008,-0.08,-1.68
0.0098012,-0.12,-1.64
0.0098016,-0.12,-1.68
0.009802,-0.12,-1.72
0.0098024,-0.12,-1.72
0.0098028,-0.12,-1.64
0.0098032,-0.08,-1.68
0.0098036,-0.12,-1.68
0.009804,-0.08,-1.64
0.0098044,-0.08,-1.68
0.0098048,-0.08,-1.68
0.0098052,-0.12,-1.68
0.0098056,-0.08,-1.64
0.009806,-0.08,-1.64
0.0098064,-0.12,-1.64
0.0098068,-0.08,-1.68
0.0098072,-0.08,-1.68
0.0098076,-0.12,-1.68
0.009808,-0.12,-1.64
0.0098084,-0.12,-1.64
0.0098088,-0.12,-1.68
0.0098092,-0.12,-1.64
0.0098096,-0.16,-1.68
0.00981,-0.08,-1.68
0.0098104,-0.12,-1.72
0.0098108,-0.16,-1.6
0.0098112,-0.12,-1.68
0.0098116,-0.12,-1.68
0.009812,-0.12,-1.64
0.0098124,-0.12,-1.68
0.0098128,-0.08,-1.68
0.0098132,-0.12,-1.68
0.0098136,-0.08,-1.64
0.009814,-0.12,-1.6
0.0098144,-0.12,-1.6
0.0098148,-0.12,-1.64
0.0098152,-0.12,-1.68
0.0098156,-0.12,-1.6
0.009816,-0.12,-1.6
0.0098164,-0.12,-1.64
0.0098168,-0.12,-1.68
0.0098172,-0.12,-1.64
0.0098176,-0.08,-1.64
0.009818,-0.08,-1.6
0.0098184,-0.08,-1.6
0.0098188,-0.12,-1.64
0.0098192,-0.12,-1.64
0.0098196,-0.08,-1.68
0.00982,-0.12,-1.68
0.0098204,-0.08,-1.64
0.0098208,-0.08,-1.64
0.0098212,-0.08,-1.68
0.0098216,-0.12,-1.64
0.009822,-0.16,-1.64
0.0098224,-0.12,-1.6
0.0098228,-0.12,-1.64
0.0098232,-0.08,-1.64
0.0098236,-0.08,-1.64
0.009824,-0.12,-1.64
0.0098244,-0.08,-1.64
0.0098248,-0.12,-1.6
0.0098252,-0.12,-1.64
0.0098256,-0.12,-1.6
0.009826,-0.12,-1.64
0.0098264,-0.08,-1.64
0.0098268,-0.12,-1.64
0.0098272,-0.12,-1.6
0.0098276,-0.08,-1.56
0.009828,-0.08,-1.64
0.0098284,-0.08,-1.6
0.0098288,-0.08,-1.6
0.0098292,-0.08,-1.64
0.0098296,-0.08,-1.6
0.00983,-0.12,-1.64
0.0098304,-0.12,-1.6
0.0098308,-0.12,-1.6
0.0098312,-0.08,-1.6
0.0098316,-0.12,-1.64
0.009832,-0.08,-1.6
0.0098324,-0.12,-1.56
0.0098328,-0.08,-1.56
0.0098332,-0.12,-1.6
0.0098336,-0.08,-1.64
0.009834,-0.08,-1.6
0.0098344,-0.16,-1.64
0.0098348,-0.12,-1.56
0.0098352,-0.12,-1.6
0.0098356,-0.08,-1.6
0.009836,-0.08,-1.6
0.0098364,-0.08,-1.6
0.0098368,-0.08,-1.6
0.0098372,-0.12,-1.6
0.0098376,-0.16,-1.6
0.009838,-0.12,-1.64
0.0098384,-0.08,-1.56
0.0098388,-0.08,-1.6
0.0098392,-0.08,-1.64
0.0098396,-0.08,-1.64
0.00984,-0.12,-1.6
0.0098404,-0.12,-1.6
0.0098408,-0.08,-1.6
0.0098412,-0.12,-1.56
0.0098416,-0.12,-1.6
0.009842,-0.08,-1.56
0.0098424,-0.12,-1.64
0.0098428,-0.08,-1.56
0.0098432,-0.12,-1.6
0.0098436,-0.12,-1.6
0.009844,-0.04,-1.6
0.0098444,-0.08,-1.56
0.0098448,-0.08,-1.56
0.0098452,-0.12,-1.64
0.0098456,-0.12,-1.6
0.009846,-0.12,-1.6
0.0098464,-0.12,-1.56
0.0098468,-0.08,-1.6
0.0098472,-0.08,-1.6
0.0098476,-0.08,-1.6
0.009848,-0.08,-1.64
0.0098484,-0.12,-1.6
0.0098488,-0.12,-1.6
0.0098492,-0.12,-1.56
0.0098496,-0.12,-1.6
0.00985,-0.12,-1.56
0.0098504,-0.12,-1.56
0.0098508,-0.08,-1.6
0.0098512,-0.08,-1.56
0.0098516,-0.12,-1.6
0.009852,-0.12,-1.56
0.0098524,-0.08,-1.6
0.0098528,-0.12,-1.56
0.0098532,-0.16,-1.56
0.0098536,-0.12,-1.56
0.009854,-0.12,-1.6
0.0098544,-0.12,-1.6
0.0098548,-0.12,-1.56
0.0098552,-0.12,-1.6
0.0098556,-0.08,-1.52
0.009856,-0.08,-1.56
0.0098564,-0.08,-1.56
0.0098568,-0.08,-1.56
0.0098572,-0.08,-1.56
0.0098576,-0.04,-1.56
0.009858,-0.08,-1.56
0.0098584,-0.08,-1.56
0.0098588,-0.12,-1.56
0.0098592,-0.08,-1.56
0.0098596,-0.12,-1.52
0.00986,-0.08,-1.56
0.0098604,-0.08,-1.56
0.0098608,-0.12,-1.56
0.0098612,-0.12,-1.52
0.0098616,-0.08,-1.56
0.009862,-0.12,-1.52
0.0098624,-0.08,-1.56
0.0098628,-0.08,-1.56
0.0098632,-0.08,-1.56
0.0098636,-0.12,-1.52
0.009864,-0.12,-1.52
0.0098644,-0.08,-1.56
0.0098648,-0.12,-1.56
0.0098652,-0.12,-1.52
0.0098656,-0.12,-1.56
0.009866,-0.12,-1.52
0.0098664,-0.12,-1.52
0.0098668,-0.12,-1.56
0.0098672,-0.08,-1.56
0.0098676,-0.08,-1.52
0.009868,-0.08,-1.56
0.0098684,-0.08,-1.52
0.0098688,-0.12,-1.52
0.0098692,-0.12,-1.48
0.0098696,-0.08,-1.56
0.00987,-0.08,-1.52
0.0098704,-0.08,-1.48
0.0098708,-0.12,-1.52
0.0098712,-0.12,-1.56
0.0098716,-0.12,-1.52
0.009872,-0.08,-1.52
0.0098724,-0.08,-1.52
0.0098728,-0.08,-1.52
0.0098732,-0.12,-1.56
0.0098736,-0.08,-1.52
0.009874,-0.08,-1.56
0.0098744,-0.08,-1.56
0.0098748,-0.12,-1.56
0.0098752,-0.12,-1.48
0.0098756,-0.08,-1.52
0.009876,-0.12,-1.48
0.0098764,-0.12,-1.48
0.0098768,-0.08,-1.56
0.0098772,-0.12,-1.52
0.0098776,-0.08,-1.48
0.009878,-0.08,-1.48
0.0098784,-0.08,-1.52
0.0098788,-0.12,-1.56
0.0098792,-0.08,-1.52
0.0098796,-0.16,-1.52
0.00988,-0.08,-1.52
0.0098804,-0.12,-1.52
0.0098808,-0.08,-1.52
0.0098812,-0.12,-1.52
0.0098816,-0.08,-1.52
0.009882,-0.08,-1.48
0.0098824,-0.08,-1.48
0.0098828,-0.08,-1.48
0.0098832,-0.08,-1.52
0.0098836,-0.08,-1.52
0.009884,-0.08,-1.48
0.0098844,-0.08,-1.52
0.0098848,-0.08,-1.52
0.0098852,-0.12,-1.52
0.0098856,-0.04,-1.48
0.009886,-0.12,-1.48
0.0098864,-0.12,-1.52
0.0098868,-0.12,-1.52
0.0098872,-0.08,-1.48
0.0098876,-0.08,-1.48
0.009888,-0.12,-1.52
0.0098884,-0.08,-1.52
0.0098888,-0.08,-1.52
0.0098892,-0.04,-1.44
0.0098896,-0.12,-1.52
0.00989,-0.08,-1.48
0.0098904,-0.08,-1.48
0.0098908,-0.12,-1.48
0.0098912,-0.12,-1.52
0.0098916,-0.12,-1.48
0.009892,-0.08,-1.48
0.0098924,-0.16,-1.52
0.0098928,-0.08,-1.52
0.0098932,-0.04,-1.48
0.0098936,-0.08,-1.48
0.009894,-0.12,-1.48
0.0098944,-0.12,-1.48
0.0098948,-0.04,-1.44
0.0098952,-0.04,-1.48
0.0098956,-0.12,-1.48
0.009896,-0.08,-1.48
0.0098964,-0.12,-1.44
0.0098968,-0.12,-1.48
0.0098972,-0.08,-1.48
0.0098976,-0.12,-1.52
0.009898,-0.08,-1.48
0.0098984,-0.08,-1.48
0.0098988,-0.12,-1.44
0.0098992,-0.12,-1.48
0.0098996,-0.12,-1.44
0.0099,-0.08,-1.48
0.0099004,-0.08,-1.44
0.0099008,-0.08,-1.48
0.0099012,-0.12,-1.48
0.0099016,-0.08,-1.48
0.009902,-0.08,-1.48
0.0099024,-0.12,-1.44
0.0099028,-0.04,-1.48
0.0099032,-0.12,-1.48
0.0099036,-0.12,-1.48
0.009904,-0.08,-1.44
0.0099044,-0.08,-1.44
0.0099048,-0.12,-1.48
0.0099052,-0.04,-1.48
0.0099056,-0.08,-1.48
0.009906,-0.12,-1.48
0.0099064,-0.08,-1.48
0.0099068,-0.08,-1.44
0.0099072,-0.08,-1.44
0.0099076,-0.12,-1.44
0.009908,-0.12,-1.44
0.0099084,-0.08,-1.44
0.0099088,-0.08,-1.4
0.0099092,-0.12,-1.48
0.0099096,-0.08,-1.44
0.00991,-0.12,-1.44
0.0099104,-0.12,-1.48
0.0099108,-0.12,-1.44
0.0099112,-0.08,-1.4
0.0099116,-0.12,-1.44
0.009912,-0.08,-1.44
0.0099124,-0.08,-1.4
0.0099128,-0.04,-1.4
0.0099132,-0.08,-1.44
0.0099136,-0.04,-1.44
0.009914,-0.08,-1.48
0.0099144,-0.12,-1.4
0.0099148,-0.08,-1.44
0.0099152,-0.12,-1.44
0.0099156,-0.12,-1.44
0.009916,-0.04,-1.44
0.0099164,-0.08,-1.44
0.0099168,-0.08,-1.4
0.0099172,-0.08,-1.44
0.0099176,-0.12,-1.44
0.009918,-0.08,-1.44
0.0099184,-0.04,-1.44
0.0099188,-0.08,-1.44
0.0099192,-0.08,-1.48
0.0099196,-0.04,-1.48
0.00992,-0.12,-1.4
0.0099204,-0.08,-1.48
0.0099208,-0.12,-1.4
0.0099212,-0.12,-1.44
0.0099216,-0.08,-1.44
0.009922,-0.08,-1.4
0.0099224,-0.08,-1.44
0.0099228,-0.08,-1.44
0.0099232,-0.08,-1.4
0.0099236,-0.08,-1.48
0.009924,-0.12,-1.4
0.0099244,-0.12,-1.44
0.0099248,-0.08,-1.44
0.0099252,-0.08,-1.48
0.0099256,-0.12,-1.44
0.009926,-0.08,-1.44
0.0099264,-0.08,-1.44
0.0099268,-0.08,-1.44
0.0099272,-0.08,-1.44
0.0099276,-0.12,-1.44
0.009928,-0.08,-1.4
0.0099284,-0.08,-1.4
0.0099288,-0.12,-1.44
0.0099292,-0.12,-1.4
0.0099296,-0.08,-1.4
0.00993,-0.08,-1.44
0.0099304,-0.12,-1.44
0.0099308,-0.08,-1.4
0.0099312,-0.08,-1.44
0.0099316,-0.08,-1.44
0.009932,-0.08,-1.4
0.0099324,-0.08,-1.4
0.0099328,-0.12,-1.4
0.0099332,-0.08,-1.4
0.0099336,-0.12,-1.36
0.009934,-0.08,-1.4
0.0099344,-0.04,-1.4
0.0099348,-0.08,-1.44
0.0099352,-0.08,-1.44
0.0099356,-0.08,-1.4
0.009936,-0.12,-1.4
0.0099364,-0.08,-1.44
0.0099368,-0.08,-1.44
0.0099372,-0.12,-1.4
0.0099376,-0.12,-1.4
0.009938,-0.08,-1.36
0.0099384,-0.08,-1.4
0.0099388,-0.08,-1.4
0.0099392,-0.08,-1.4
0.0099396,-0.08,-1.36
0.00994,-0.08,-1.4
0.0099404,-0.12,-1.4
0.0099408,-0.08,-1.36
0.0099412,-0.08,-1.4
0.0099416,-0.08,-1.4
0.009942,-0.08,-1.36
0.0099424,-0.08,-1.4
0.0099428,-0.12,-1.4
0.0099432,-0.12,-1.4
0.0099436,-0.08,-1.4
0.009944,-0.12,-1.36
0.0099444,-0.04,-1.36
0.0099448,-0.04,-1.36
0.0099452,-0.08,-1.44
0.0099456,-0.04,-1.4
0.009946,-0.08,-1.4
0.0099464,-0.08,-1.4
0.0099468,-0.12,-1.36
0.0099472,-0.08,-1.4
0.0099476,-0.08,-1.36
0.009948,-0.08,-1.4
0.0099484,-0.12,-1.4
0.0099488,-0.12,-1.4
0.0099492,-0.08,-1.36
0.0099496,-0.08,-1.4
0.00995,-0.08,-1.4
0.0099504,-0.04,-1.36
0.0099508,-0.12,-1.32
0.0099512,-0.12,-1.4
0.0099516,-0.08,-1.36
0.009952,-0.08,-1.4
0.0099524,-0.12,-1.4
0.0099528,-0.04,-1.36
0.0099532,-0.08,-1.36
0.0099536,-0.08,-1.36
0.009954,-0.12,-1.36
0.0099544,-0.12,-1.4
0.0099548,-0.08,-1.32
0.0099552,-0.08,-1.36
0.0099556,-0.08,-1.36
0.009956,-0.12,-1.4
0.0099564,-0.08,-1.36
0.0099568,-0.12,-1.4
0.0099572,-0.12,-1.36
0.0099576,-0.12,-1.4
0.009958,-0.08,-1.4
0.0099584,-0.08,-1.32
0.0099588,-0.12,-1.32
0.0099592,-0.04,-1.32
0.0099596,-0.08,-1.32
0.00996,-0.12,-1.36
0.0099604,-0.08,-1.36
0.0099608,-0.08,-1.36
0.0099612,-0.08,-1.36
0.0099616,-0.08,-1.32
0.009962,-0.12,-1.4
0.0099624,-0.12,-1.36
0.0099628,-0.08,-1.32
0.0099632,-0.08,-1.36
0.0099636,-0.08,-1.32
0.009964,-0.08,-1.36
0.0099644,-0.08,-1.36
0.0099648,-0.08,-1.36
0.0099652,-0.08,-1.32
0.0099656,-0.08,-1.32
0.009966,-0.12,-1.32
0.0099664,-0.08,-1.36
0.0099668,-0.12,-1.32
0.0099672,-0.08,-1.36
0.0099676,-0.08,-1.36
0.009968,-0.04,-1.36
0.0099684,-0.08,-1.36
0.0099688,-0.12,-1.36
0.0099692,-0.08,-1.32
0.0099696,-0.08,-1.32
0.00997,-0.04,-1.36
0.0099704,-0.08,-1.32
0.0099708,-0.08,-1.36
0.0099712,-0.12,-1.32
0.0099716,-0.12,-1.28
0.009972,-0.04,-1.32
0.0099724,-0.08,-1.32
0.0099728,-0.04,-1.36
0.0099732,-0.12,-1.32
0.0099736,-0.08,-1.32
0.009974,-0.12,-1.32
0.0099744,-0.08,-1.32
0.0099748,-0.08,-1.36
0.0099752,-0.12,-1.36
0.0099756,-0.12,-1.36
0.009976,-0.04,-1.32
0.0099764,-0.04,-1.32
0.0099768,-0.08,-1.32
0.0099772,-0.08,-1.32
0.0099776,-0.08,-1.32
0.009978,-0.08,-1.28
0.0099784,-0.08,-1.32
0.0099788,-0.04,-1.36
0.0099792,-0.08,-1.32
0.0099796,-0.12,-1.32
0.00998,-0.08,-1.36
0.0099804,-0.12,-1.32
0.0099808,-0.08,-1.36
0.0099812,-0.12,-1.36
0.0099816,-0.08,-1.28
0.009982,-0.08,-1.32
0.0099824,-0.08,-1.32
0.0099828,-0.08,-1.32
0.0099832,-0.12,-1.32
0.0099836,-0.08,-1.28
0.009984,-0.04,-1.28
0.0099844,-0.08,-1.32
0.0099848,-0.04,-1.32
0.0099852,-0.08,-1.32
0.0099856,-0.08,-1.32
0.009986,-0.04,-1.32
0.0099864,-0.12,-1.24
0.0099868,-0.08,-1.32
0.0099872,-0.08,-1.28
0.0099876,-0.08,-1.32
0.009988,-0.08,-1.28
0.0099884,-0.08,-1.32
0.0099888,-0.08,-1.32
0.0099892,-0.04,-1.32
0.0099896,-0.08,-1.32
0.00999,-0.04,-1.32
0.0099904,-0.04,-1.32
0.0099908,-0.04,-1.28
0.0099912,-0.04,-1.28
0.0099916,-0.08,-1.28
0.009992,-0.08,-1.28
0.0099924,-0.08,-1.28
0.0099928,-0.04,-1.24
0.0099932,-0.08,-1.24
0.0099936,-0.08,-1.28
0.009994,-0.08,-1.28
0.0099944,-0.04,-1.28
0.0099948,-0.08,-1.32
0.0099952,-0.04,-1.28
0.0099956,-0.08,-1.28
0.009996,-0.08,-1.28
0.0099964,-0.04,-1.28
0.0099968,-0.08,-1.28
0.0099972,-0.08,-1.24
0.0099976,-0.04,-1.28
0.009998,-0.04,-1.28
0.0099984,-0.08,-1.28
0.0099988,-0.08,-1.28
0.0099992,-0.08,-1.28
0.0099996,-0.04,-1.24
0.01,-0.08,-1.28
0.01,-0.08,-1.28
0.010001,-0.08,-1.24
0.010001,-0.04,-1.28
0.010002,-0.08,-1.28
0.010002,-0.04,-1.28
0.010002,-0.04,-1.24
0.010003,4.8,0.8
0.010003,4.8,3.16
0.010004,4.8,3.52
0.010004,4.8,3.6
0.010004,4.84,3.64
0.010005,4.84,3.6
0.010005,4.8,3.6
0.010006,4.8,3.56
0.010006,4.8,3.6
0.010006,4.8,3.6
0.010007,4.8,3.6
0.010007,4.84,3.6
0.010008,4.84,3.6
0.010008,4.8,3.6
0.010008,4.8,3.64
0.010009,4.84,3.64
0.010009,4.8,3.6
0.01001,4.84,3.64
0.01001,4.84,3.64
0.01001,4.8,3.6
0.010011,4.84,3.6
0.010011,4.8,3.64
0.010012,4.84,3.64
0.010012,4.84,3.56
0.010012,4.8,3.6
0.010013,4.8,3.64
0.010013,4.8,3.6
0.010014,4.84,3.6
0.010014,4.84,3.64
0.010014,4.84,3.64
0.010015,4.8,3.6
0.010015,4.84,3.64
0.010016,4.84,3.6
0.010016,4.88,3.68
0.010016,4.8,3.6
0.010017,4.84,3.6
0.010017,4.84,3.6
0.010018,4.8,3.6
0.010018,4.8,3.56
0.010018,4.84,3.64
0.010019,4.84,3.64
0.010019,4.8,3.6
0.01002,4.8,3.6
0.01002,4.84,3.6
0.01002,4.84,3.56
0.010021,4.84,3.64
0.010021,4.84,3.56
0.010022,4.84,3.56
0.010022,4.84,3.6
0.010022,4.84,3.6
0.010023,4.84,3.56
0.010023,4.8,3.56
0.010024,4.84,3.56
0.010024,4.84,3.56
0.010024,4.84,3.64
0.010025,4.8,3.6
0.010025,4.84,3.6
0.010026,4.8,3.56
0.010026,4.84,3.6
0.010026,4.8,3.56
0.010027,4.8,3.6
0.010027,4.84,3.56
0.010028,4.84,3.6
0.010028,4.8,3.56
0.010028,4.84,3.56
0.010029,4.84,3.6
0.010029,4.84,3.56
0.01003,4.84,3.56
0.01003,4.8,3.6
0.01003,4.8,3.56
0.010031,4.84,3.6
0.010031,4.84,3.56
0.010032,4.84,3.56
0.010032,4.8,3.56
0.010032,4.84,3.6
0.010033,4.84,3.56
0.010033,4.84,3.56
0.010034,4.84,3.56
0.010034,4.84,3.56
0.010034,4.84,3.52
0.010035,4.84,3.56
0.010035,4.84,3.56
0.010036,4.88,3.52
0.010036,4.84,3.6
0.010036,4.84,3.56
0.010037,4.8,3.56
0.010037,4.84,3.56
0.010038,4.8,3.52
0.010038,4.84,3.6
0.010038,4.76,3.52
0.010039,4.84,3.56
0.010039,4.84,3.52
0.01004,4.84,3.48
0.01004,4.84,3.52
0.01004,4.84,3.56
0.010041,4.84,3.52
0.010041,4.8,3.52
0.010042,4.88,3.56
0.010042,4.84,3.48
0.010042,4.84,3.52
0.010043,4.84,3.52
0.010043,4.8,3.52
0.010044,4.84,3.48
0.010044,4.84,3.52
0.010044,4.8,3.48
0.010045,4.84,3.52
0.010045,4.84,3.52
0.010046,4.84,3.52
0.010046,4.84,3.52
0.010046,4.84,3.48
0.010047,4.84,3.52
0.010047,4.84,3.52
0.010048,4.88,3.52
0.010048,4.84,3.52
0.010048,4.84,3.44
0.010049,4.88,3.52
0.010049,4.88,3.48
0.01005,4.8,3.56
0.01005,4.84,3.52
0.01005,4.84,3.52
0.010051,4.88,3.52
0.010051,4.8,3.56
0.010052,4.8,3.52
0.010052,4.8,3.52
0.010052,4.8,3.52
0.010053,4.84,3.48
0.010053,4.84,3.52
0.010054,4.84,3.56
0.010054,4.88,3.52
0.010054,4.8,3.52
0.010055,4.88,3.52
0.010055,4.84,3.52
0.010056,4.8,3.48
0.010056,4.8,3.48
0.010056,4.84,3.48
0.010057,4.84,3.48
0.010057,4.84,3.52
0.010058,4.84,3.44
0.010058,4.8,3.44
0.010058,4.8,3.48
0.010059,4.88,3.48
0.010059,4.84,3.48
0.01006,4.84,3.52
0.01006,4.84,3.48
0.01006,4.92,3.48
0.010061,4.84,3.44
0.010061,4.8,3.48
0.010062,4.8,3.48
0.010062,4.84,3.48
0.010062,4.88,3.44
0.010063,4.8,3.44
0.010063,4.84,3.48
0.010064,4.8,3.44
0.010064,4.84,3.52
0.010064,4.8,3.48
0.010065,4.84,3.48
0.010065,4.88,3.44
0.010066,4.88,3.48
0.010066,4.8,3.44
0.010066,4.84,3.48
0.010067,4.84,3.44
0.010067,4.84,3.48
0.010068,4.84,3.4
0.010068,4.84,3.48
0.010068,4.8,3.48
0.010069,4.84,3.48
0.010069,4.84,3.48
0.01007,4.84,3.4
0.01007,4.8,3.44
0.01007,4.84,3.44
0.010071,4.8,3.48
0.010071,4.84,3.48
0.010072,4.84,3.44
0.010072,4.84,3.44
0.010072,4.84,3.44
0.010073,4.84,3.48
0.010073,4.84,3.4
0.010074,4.8,3.48
0.010074,4.88,3.44
0.010074,4.84,3.44
0.010075,4.84,3.44
0.010075,4.84,3.44
0.010076,4.8,3.44
0.010076,4.88,3.44
0.010076,4.8,3.4
0.010077,4.84,3.44
0.010077,4.88,3.4
0.010078,4.84,3.4
0.010078,4.84,3.4
0.010078,4.8,3.44
0.010079,4.84,3.44
0.010079,4.8,3.4
0.01008,4.84,3.4
0.01008,4.84,3.44
0.01008,4.84,3.44
0.010081,4.84,3.4
0.010081,4.84,3.4
0.010082,4.8,3.4
0.010082,4.84,3.44
0.010082,4.8,3.4
0.010083,4.84,3.44
0.010083,4.88,3.4
0.010084,4.84,3.44
0.010084,4.84,3.48
0.010084,4.84,3.44
0.010085,4.84,3.44
0.010085,4.84,3.4
0.010086,4.84,3.4
0.010086,4.84,3.44
0.010086,4.84,3.4
0.010087,4.84,3.4
0.010087,4.88,3.4
0.010088,4.84,3.36
0.010088,4.84,3.36
0.010088,4.84,3.4
0.010089,4.84,3.4
0.010089,4.84,3.44
0.01009,4.88,3.4
0.01009,4.84,3.4
0.01009,4.84,3.36
0.010091,4.84,3.4
0.010091,4.88,3.4
0.010092,4.8,3.4
0.010092,4.84,3.4
0.010092,4.8,3.4
0.010093,4.84,3.36
0.010093,4.8,3.36
0.010094,4.84,3.36
0.010094,4.8,3.36
0.010094,4.84,3.4
0.010095,4.84,3.4
0.010095,4.84,3.36
0.010096,4.8,3.36
0.010096,4.8,3.4
0.010096,4.8,3.36
0.010097,4.8,3.36
0.010097,4.8,3.36
0.010098,4.84,3.36
0.010098,4.8,3.36
0.010098,4.88,3.36
0.010099,4.8,3.32
0.010099,4.84,3.4
0.0101,4.84,3.32
0.0101,4.84,3.36
0.0101,4.84,3.32
0.010101,4.8,3.36
0.010101,4.84,3.36
0.010102,4.84,3.32
0.010102,4.84,3.36
0.010102,4.8,3.36
0.010103,4.8,3.36
0.010103,4.8,3.36
0.010104,4.84,3.36
0.010104,4.8,3.36
0.010104,4.84,3.36
0.010105,4.84,3.36
0.010105,4.84,3.28
0.010106,4.8,3.36
0.010106,4.8,3.32
0.010106,4.8,3.32
0.010107,4.88,3.32
0.010107,4.84,3.32
0.010108,4.84,3.36
0.010108,4.84,3.36
0.010108,4.84,3.36
0.010109,4.8,3.28
0.010109,4.8,3.32
0.01011,4.8,3.36
0.01011,4.88,3.32
0.01011,4.84,3.32
0.010111,4.88,3.32
0.010111,4.84,3.32
0.010112,4.8,3.32
0.010112,4.84,3.28
0.010112,4.84,3.32
0.010113,4.8,3.28
0.010113,4.84,3.32
0.010114,4.84,3.32
0.010114,4.84,3.32
0.010114,4.8,3.32
0.010115,4.84,3.28
0.010115,4.8,3.28
0.010116,4.84,3.32
0.010116,4.8,3.28
0.010116,4.8,3.28
0.010117,4.88,3.32
0.010117,4.84,3.32
0.010118,4.84,3.28
0.010118,4.84,3.28
0.010118,4.8,3.32
0.010119,4.84,3.28
0.010119,4.84,3.32
0.01012,4.84,3.32
0.01012,4.84,3.32
0.01012,4.8,3.28
0.010121,4.84,3.32
0.010121,4.84,3.32
0.010122,4.8,3.32
0.010122,4.8,3.28
0.010122,4.84,3.32
0.010123,4.84,3.28
0.010123,4.84,3.28
0.010124,4.8,3.32
0.010124,4.8,3.28
0.010124,4.84,3.28
0.010125,4.84,3.28
0.010125,4.8,3.24
0.010126,4.84,3.28
0.010126,4.84,3.28
0.010126,4.84,3.28
0.010127,4.8,3.28
0.010127,4.8,3.28
0.010128,4.8,3.28
0.010128,4.8,3.28
0.010128,4.88,3.24
0.010129,4.84,3.32
0.010129,4.84,3.24
0.01013,4.84,3.24
0.01013,4.84,3.28
0.01013,4.84,3.28
0.010131,4.84,3.28
0.010131,4.8,3.24
0.010132,4.8,3.28
0.010132,4.84,3.28
0.010132,4.84,3.24
0.010133,4.84,3.2
0.010133,4.84,3.28
0.010134,4.8,3.24
0.010134,4.8,3.28
0.010134,4.84,3.28
0.010135,4.88,3.24
0.010135,4.84,3.28
0.010136,4.8,3.24
0.010136,4.88,3.28
0.010136,4.84,3.24
0.010137,4.8,3.28
0.010137,4.88,3.24
0.010138,4.8,3.24
0.010138,4.8,3.24
0.010138,4.84,3.28
0.010139,4.84,3.24
0.010139,4.84,3.24
0.01014,4.84,3.24
0.01014,4.8,3.28
0.01014,4.84,3.24
0.010141,4.8,3.24
0.010141,4.84,3.24
0.010142,4.84,3.24
0.010142,4.8,3.24
0.010142,4.84,3.24
0.010143,4.84,3.24
0.010143,4.84,3.24
0.010144,4.8,3.2
0.010144,4.84,3.24
0.010144,4.84,3.24
0.010145,4.84,3.2
0.010145,4.8,3.24
0.010146,4.84,3.2
0.010146,4.84,3.2
0.010146,4.84,3.24
0.010147,4.84,3.2
0.010147,4.84,3.2
0.010148,4.84,3.24
0.010148,4.8,3.24
0.010148,4.8,3.24
0.010149,4.84,3.2
0.010149,4.8,3.2
0.01015,4.84,3.24
0.01015,4.84,3.2
0.01015,4.8,3.24
0.010151,4.84,3.2
0.010151,4.8,3.24
0.010152,4.8,3.2
0.010152,4.84,3.24
0.010152,4.76,3.2
0.010153,4.84,3.24
0.010153,4.88,3.24
0.010154,4.8,3.2
0.010154,4.8,3.24
0.010154,4.84,3.24
0.010155,4.84,3.2
0.010155,4.84,3.2
0.010156,4.8,3.2
0.010156,4.8,3.24
0.010156,4.84,3.2
0.010157,4.84,3.16
0.010157,4.84,3.2
0.010158,4.84,3.2
0.010158,4.8,3.2
0.010158,4.84,3.16
0.010159,4.84,3.16
0.010159,4.8,3.2
0.01016,4.88,3.16
0.01016,4.8,3.2
0.01016,4.8,3.24
0.010161,4.84,3.2
0.010161,4.88,3.2
0.010162,4.84,3.16
0.010162,4.8,3.16
0.010162,4.8,3.12
0.010163,4.8,3.24
0.010163,4.84,3.2
0.010164,4.88,3.16
0.010164,4.84,3.12
0.010164,4.84,3.2
0.010165,4.84,3.16
0.010165,4.84,3.16
0.010166,4.8,3.16
0.010166,4.84,3.2
0.010166,4.84,3.16
0.010167,4.84,3.16
0.010167,4.8,3.16
0.010168,4.8,3.16
0.010168,4.88,3.2
0.010168,4.8,3.16
0.010169,4.84,3.2
0.010169,4.8,3.16
0.01017,4.84,3.16
0.01017,4.8,3.12
0.01017,4.8,3.12
0.010171,4.8,3.16
0.010171,4.84,3.16
0.010172,4.88,3.16
0.010172,4.8,3.16
0.010172,4.84,3.16
0.010173,4.88,3.12
0.010173,4.8,3.2
0.010174,4.8,3.16
0.010174,4.8,3.12
0.010174,4.8,3.16
0.010175,4.8,3.12
0.010175,4.84,3.12
0.010176,4.84,3.16
0.010176,4.84,3.16
0.010176,4.8,3.16
0.010177,4.84,3.16
0.010177,4.8,3.16
0.010178,4.8,3.12
0.010178,4.8,3.16
0.010178,4.88,3.16
0.010179,4.8,3.16
0.010179,4.84,3.12
0.01018,4.84,3.12
0.01018,4.84,3.16
0.01018,4.84,3.12
0.010181,4.84,3.16
0.010181,4.84,3.12
0.010182,4.8,3.12
0.010182,4.88,3.12
0.010182,4.8,3.16
0.010183,4.84,3.08
0.010183,4.8,3.16
0.010184,4.84,3.16
0.010184,4.8,3.12
0.010184,4.88,3.12
0.010185,4.8,3.12
0.010185,4.8,3.12
0.010186,4.8,3.08
0.010186,4.84,3.12
0.010186,4.8,3.08
0.010187,4.8,3.16
0.010187,4.76,3.12
0.010188,4.8,3.12
0.010188,4.8,3.12
0.010188,4.88,3.12
0.010189,4.8,3.08
0.010189,4.84,3.12
0.01019,4.8,3.08
0.01019,4.84,3.12
0.01019,4.8,3.08
0.010191,4.84,3.08
0.010191,4.84,3.12
0.010192,4.8,3.08
0.010192,4.88,3.08
0.010192,4.8,3.08
0.010193,4.84,3.12
0.010193,4.88,3.08
0.010194,4.84,3.08
0.010194,4.84,3.16
0.010194,4.8,3.08
0.010195,4.84,3.08
0.010195,4.8,3.04
0.010196,4.84,3.08
0.010196,4.84,3.12
0.010196,4.84,3.08
0.010197,4.84,3.08
0.010197,4.84,3.08
0.010198,4.84,3.12
0.010198,4.8,3.08
0.010198,4.84,3.08
0.010199,4.8,3.08
0.010199,4.8,3.04
0.0102,4.8,3.08
0.0102,4.8,3.12
0.0102,4.84,3.04
0.010201,4.8,3.08
0.010201,4.84,3.04
0.010202,4.8,3.08
0.010202,4.84,3.08
0.010202,4.8,3.08
0.010203,4.8,3.04
0.010203,4.88,3.08
0.010204,4.84,3.04
0.010204,4.84,3.08
0.010204,4.8,3.04
0.010205,4.84,3.04
0.010205,4.84,3.08
0.010206,4.84,3.08
0.010206,4.84,3.04
0.010206,4.8,3.08
0.010207,4.8,3.04
0.010207,4.84,3.08
0.010208,4.84,3.08
0.010208,4.84,3.04
0.010208,4.84,3.08
0.010209,4.8,3.04
0.010209,4.84,3.04
0.01021,4.8,3.08
0.01021,4.8,3.08
0.01021,4.8,3.08
0.010211,4.8,3.04
0.010211,4.84,3.04
0.010212,4.84,3.04
0.010212,4.8,3.04
0.010212,4.8,3.08
0.010213,4.76,3.04
0.010213,4.84,3.08
0.010214,4.84,3.04
0.010214,4.84,3.04
0.010214,4.76,3.04
0.010215,4.84,3
0.010215,4.84,3.04
0.010216,4.84,3.04
0.010216,4.8,3.04
0.010216,4.8,3
0.010217,4.84,3.04
0.010217,4.8,3
0.010218,4.8,3.04
0.010218,4.84,3.04
0.010218,4.84,3.04
0.010219,4.84,3
0.010219,4.84,3.04
0.01022,4.8,3.04
0.01022,4.8,3
0.01022,4.8,3.04
0.010221,4.84,3
0.010221,4.8,3.04
0.010222,4.84,3.08
0.010222,4.8,2.96
0.010222,4.84,3.04
0.010223,4.76,3.04
0.010223,4.84,3
0.010224,4.84,3
0.010224,4.8,3
0.010224,4.8,3
0.010225,4.84,3.04
0.010225,4.84,3
0.010226,4.88,3
0.010226,4.76,3.04
0.010226,4.8,3
0.010227,4.8,3.04
0.010227,4.8,3.04
0.010228,4.8,3.04
0.010228,4.84,3
0.010228,4.84,3
0.010229,4.84,3.04
0.010229,4.8,3
0.01023,4.8,3.04
0.01023,4.8,2.96
0.01023,4.8,3
0.010231,4.8,3
0.010231,4.8,3.04
0.010232,4.84,3
0.010232,4.8,3
0.010232,4.88,3.04
0.010233,4.84,3
0.010233,4.84,3
0.010234,4.8,3
0.010234,4.84,3
0.010234,4.84,3
0.010235,4.8,2.96
0.010235,4.84,2.96
0.010236,4.8,3
0.010236,4.8,2.96
0.010236,4.84,3
0.010237,4.84,2.96
0.010237,4.8,3
0.010238,4.8,2.96
0.010238,4.88,2.96
0.010238,4.84,2.96
0.010239,4.8,3
0.010239,4.8,2.96
0.01024,4.84,2.96
0.01024,4.8,3
0.01024,4.84,2.96
0.010241,4.8,3
0.010241,4.84,2.96
0.010242,4.8,2.96
0.010242,4.8,2.96
0.010242,4.8,2.96
0.010243,4.84,2.96
0.010243,4.84,2.96
0.010244,4.8,3.04
0.010244,4.84,2.92
0.010244,4.84,2.96
0.010245,4.84,3
0.010245,4.84,2.96
0.010246,4.84,2.92
0.010246,4.76,2.96
0.010246,4.84,2.96
0.010247,4.8,2.96
0.010247,4.8,2.96
0.010248,4.8,2.96
