0.00996,0,0
0.009962,0,0
0.009964,0,0
0.009966,0,0
0.009968,0,0
0.00997,0,-0.08
0.009972,0.08,0
0.009974,0.08,0
0.009976,0.08,0
0.009978,0.08,0
0.00998,0,0
0.009982,0,0
0.009984,0,0
0.009986,0.08,-0.08
0.009988,0.08,-0.08
0.00999,0,0
0.009992,0,-0.08
0.009994,0,0
0.009996,0.08,0
0.009998,0.08,0
0.01,4.88,0
0.010002,4.88,0.08
0.010004,4.88,0
0.010006,4.88,0.08
0.010008,4.88,0.08
0.01001,4.88,0.08
0.010012,4.88,0.08
0.010014,4.88,0.08
0.010016,4.88,0.08
0.010018,4.88,0.08
0.01002,4.88,0.08
0.010022,4.88,0.16
0.010024,4.88,0.16
0.010026,4.88,0.16
0.010028,4.88,0.24
0.01003,4.88,0.24
0.010032,4.96,0.24
0.010034,4.88,0.24
0.010036,4.88,0.32
0.010038,4.88,0.4
0.01004,4.88,0.4
0.010042,4.88,0.4
0.010044,4.88,0.48
0.010046,4.88,0.56
0.010048,4.96,0.56
0.01005,4.88,0.56
0.010052,4.88,0.64
0.010054,4.96,0.64
0.010056,4.88,0.72
0.010058,4.88,0.72
0.01006,4.88,0.8
0.010062,4.88,0.8
0.010064,4.88,0.96
0.010066,4.88,0.96
0.010068,4.88,1.04
0.01007,4.88,1.12
0.010072,4.88,1.12
0.010074,4.96,1.2
0.010076,4.88,1.28
0.010078,4.88,1.36
0.01008,4.96,1.44
0.010082,4.88,1.44
0.010084,4.88,1.52
0.010086,4.88,1.6
0.010088,4.88,1.6
0.01009,4.88,1.76
0.010092,4.88,1.76
0.010094,4.88,1.92
0.010096,4.88,1.92
0.010098,4.88,2
0.0101,4.88,2.08
0.010102,4.88,2.16
0.010104,4.88,2.24
0.010106,4.88,2.32
0.010108,4.88,2.4
0.01011,4.88,2.48
0.010112,4.88,2.56
0.010114,4.88,2.64
0.010116,4.88,2.72
0.010118,4.88,2.8
0.01012,4.88,2.8
0.010122,4.88,2.96
0.010124,4.88,2.96
0.010126,4.88,3.04
0.010128,4.88,3.12
0.01013,4.88,3.28
0.010132,4.88,3.28
0.010134,4.88,3.44
0.010136,4.88,3.52
0.010138,4.88,3.6
0.01014,4.88,3.68
0.010142,4.88,3.68
0.010144,4.88,3.76
0.010146,4.88,3.92
0.010148,4.88,3.92
0.01015,4.88,4
0.010152,4.88,4.16
0.010154,4.88,4.24
0.010156,4.88,4.32
0.010158,4.88,4.4
0.01016,4.88,4.48
0.010162,4.88,4.56
0.010164,4.88,4.64
0.010166,4.88,4.72
0.010168,4.88,4.8
0.01017,4.88,4.88
0.010172,4.88,4.88
0.010174,4.88,5.04
0.010176,4.8,5.04
0.010178,4.88,5.2
0.01018,4.88,5.28
0.010182,4.88,5.36
0.010184,4.88,5.36
0.010186,4.88,5.52
0.010188,4.88,5.6
0.01019,4.88,5.6
0.010192,4.88,5.68
0.010194,4.88,5.76
0.010196,4.88,5.84
0.010198,4.88,5.84
0.0102,4.88,6
0.010202,4.88,6.08
0.010204,4.88,6.08
0.010206,4.88,6.16
0.010208,4.88,6.16
0.01021,4.88,6.32
0.010212,4.96,6.4
0.010214,4.88,6.4
0.010216,4.88,6.48
0.010218,4.88,6.56
0.01022,4.88,6.64
0.010222,4.88,6.72
0.010224,4.88,6.8
0.010226,4.88,6.8
0.010228,4.88,6.88
0.01023,4.88,6.88
0.010232,4.88,6.96
0.010234,4.88,7.04
0.010236,4.88,7.04
0.010238,4.88,7.12
0.01024,4.88,7.2
0.010242,4.88,7.28
0.010244,4.88,7.28
0.010246,4.88,7.36
0.010248,4.88,7.36
0.01025,4.88,7.44
0.010252,4.88,7.44
0.010254,4.88,7.52
0.010256,4.88,7.52
0.010258,4.88,7.6
0.01026,4.88,7.68
0.010262,4.96,7.68
0.010264,4.88,7.68
0.010266,4.88,7.76
0.010268,4.88,7.76
0.01027,4.88,7.76
0.010272,4.88,7.84
0.010274,4.88,7.84
0.010276,4.88,7.92
0.010278,4.88,7.92
0.01028,4.88,7.92
0.010282,4.96,8
0.010284,4.88,8
0.010286,4.88,8
0.010288,4.88,8
0.01029,4.88,8.08
0.010292,4.96,8.08
0.010294,4.88,8
0.010296,4.88,8.08
0.010298,4.88,8.08
0.0103,4.88,8.16
0.010302,4.88,8.08
0.010304,4.88,8.16
0.010306,4.88,8.16
0.010308,4.88,8.16
0.01031,4.88,8.16
0.010312,4.88,8.16
0.010314,4.96,8.16
0.010316,4.96,8.16
0.010318,4.88,8.16
0.01032,4.96,8.16
0.010322,4.88,8.16
0.010324,4.88,8.16
0.010326,4.88,8.16
0.010328,4.88,8.16
0.01033,4.96,8.16
0.010332,4.96,8.16
0.010334,4.88,8.16
0.010336,4.88,8.08
0.010338,4.88,8.16
0.01034,4.88,8.16
0.010342,4.88,8.08
0.010344,4.88,8.08
0.010346,4.88,8.08
0.010348,4.96,8
0.01035,4.88,8
0.010352,4.96,8
0.010354,4.88,8
0.010356,4.88,7.92
0.010358,4.88,7.92
0.01036,4.96,7.92
0.010362,4.88,7.84
0.010364,4.96,7.84
0.010366,4.96,7.76
0.010368,4.96,7.84
0.01037,4.88,7.76
0.010372,4.96,7.68
0.010374,4.96,7.68
0.010376,4.96,7.68
0.010378,4.88,7.68
0.01038,4.88,7.6
0.010382,4.88,7.6
0.010384,4.88,7.52
0.010386,4.88,7.52
0.010388,4.88,7.44
0.01039,4.88,7.44
0.010392,4.96,7.36
0.010394,4.96,7.36
0.010396,4.88,7.36
0.010398,4.88,7.28
0.0104,4.88,7.28
0.010402,4.88,7.12
0.010404,4.88,7.12
0.010406,4.88,7.12
0.010408,4.96,7.04
0.01041,4.96,6.96
0.010412,4.88,6.96
0.010414,4.96,6.88
0.010416,4.96,6.88
0.010418,4.88,6.8
0.01042,4.96,6.8
0.010422,4.88,6.72
0.010424,4.88,6.64
0.010426,4.88,6.64
0.010428,4.88,6.56
0.01043,4.88,6.56
0.010432,4.96,6.48
0.010434,4.96,6.48
0.010436,4.88,6.4
0.010438,4.88,6.32
0.01044,4.88,6.24
0.010442,4.96,6.16
0.010444,4.96,6.16
0.010446,4.88,6.08
0.010448,4.88,6.08
0.01045,4.88,6
0.010452,4.96,6
0.010454,4.96,5.84
0.010456,4.88,5.84
0.010458,4.88,5.76
0.01046,4.88,5.76
0.010462,4.88,5.68
0.010464,4.88,5.6
0.010466,4.88,5.6
0.010468,4.96,5.52
0.01047,4.88,5.44
0.010472,4.96,5.36
0.010474,4.88,5.36
0.010476,4.96,5.28
0.010478,4.88,5.28
0.01048,4.88,5.2
0.010482,4.96,5.2
0.010484,4.88,5.04
0.010486,4.88,5.04
0.010488,4.96,5.04
0.01049,4.96,4.88
0.010492,4.96,4.88
0.010494,4.96,4.8
0.010496,4.88,4.72
0.010498,4.96,4.72
0.0105,4.88,4.64
0.010502,4.96,4.56
0.010504,4.88,4.56
0.010506,4.96,4.48
0.010508,4.88,4.48
0.01051,4.96,4.4
0.010512,4.96,4.4
0.010514,4.96,4.32
0.010516,4.88,4.24
0.010518,4.88,4.24
0.01052,4.88,4.16
0.010522,4.88,4.08
0.010524,4.88,4.08
0.010526,4.96,4
0.010528,4.96,4
0.01053,4.88,3.92
0.010532,4.96,3.92
0.010534,4.88,3.84
0.010536,4.96,3.76
0.010538,4.96,3.76
0.01054,4.96,3.68
0.010542,4.96,3.68
0.010544,4.96,3.68
0.010546,4.96,3.6
0.010548,4.88,3.52
0.01055,4.88,3.52
0.010552,4.88,3.52
0.010554,4.88,3.44
0.010556,4.88,3.44
0.010558,4.88,3.44
0.01056,4.96,3.36
0.010562,4.88,3.28
0.010564,4.96,3.28
0.010566,4.88,3.28
0.010568,4.88,3.2
0.01057,4.96,3.2
0.010572,4.88,3.12
0.010574,4.88,3.12
0.010576,4.88,3.12
0.010578,4.88,3.04
0.01058,4.96,3.04
0.010582,4.96,3.04
0.010584,4.96,3.04
0.010586,4.96,2.96
0.010588,4.88,2.96
0.01059,4.88,2.96
0.010592,4.96,2.88
0.010594,4.88,2.88
0.010596,4.88,2.88
0.010598,4.88,2.88
0.0106,4.96,2.88
0.010602,4.88,2.8
0.010604,4.96,2.8
0.010606,4.96,2.8
0.010608,4.96,2.72
0.01061,4.88,2.72
0.010612,4.88,2.72
0.010614,4.88,2.72
0.010616,4.88,2.72
0.010618,4.88,2.72
0.01062,4.88,2.72
0.010622,4.96,2.72
0.010624,4.88,2.72
0.010626,4.88,2.64
0.010628,4.88,2.64
0.01063,4.88,2.72
0.010632,4.96,2.64
0.010634,4.96,2.64
0.010636,4.96,2.72
0.010638,4.88,2.64
0.01064,4.96,2.64
0.010642,4.88,2.64
0.010644,4.88,2.64
0.010646,4.88,2.72
0.010648,4.88,2.72
0.01065,4.88,2.72
0.010652,4.96,2.72
0.010654,4.88,2.72
0.010656,4.88,2.72
0.010658,4.96,2.72
0.01066,4.88,2.72
0.010662,4.88,2.72
0.010664,4.96,2.72
0.010666,4.88,2.8
0.010668,4.88,2.8
0.01067,4.88,2.8
0.010672,4.96,2.8
0.010674,4.96,2.8
0.010676,4.96,2.88
0.010678,4.88,2.88
0.01068,4.88,2.88
0.010682,4.88,2.88
0.010684,4.88,2.88
0.010686,4.96,2.96
0.010688,4.88,2.96
0.01069,4.88,2.96
0.010692,4.88,2.96
0.010694,4.88,3.04
0.010696,4.88,3.04
0.010698,4.88,3.04
0.0107,4.88,3.04
0.010702,4.88,3.04
0.010704,4.88,3.12
0.010706,4.88,3.2
0.010708,4.88,3.2
0.01071,4.88,3.2
0.010712,4.88,3.2
0.010714,4.88,3.28
0.010716,4.88,3.28
0.010718,4.88,3.36
0.01072,4.88,3.28
0.010722,4.96,3.36
0.010724,4.88,3.36
0.010726,4.88,3.44
0.010728,4.88,3.44
0.01073,4.96,3.52
0.010732,4.88,3.6
0.010734,4.96,3.52
0.010736,4.88,3.6
0.010738,4.88,3.6
0.01074,4.88,3.68
0.010742,4.96,3.68
0.010744,4.88,3.68
0.010746,4.88,3.76
0.010748,4.88,3.76
0.01075,4.88,3.84
0.010752,4.96,3.84
0.010754,4.96,3.92
0.010756,4.88,3.92
0.010758,4.88,4
0.01076,4.88,4
0.010762,4.88,4
0.010764,4.88,4.08
0.010766,4.88,4.08
0.010768,4.88,4.24
0.01077,4.88,4.24
0.010772,4.88,4.24
0.010774,4.88,4.32
0.010776,4.88,4.32
0.010778,4.88,4.32
0.01078,4.88,4.4
0.010782,4.88,4.4
0.010784,4.96,4.48
0.010786,4.88,4.48
0.010788,4.88,4.48
0.01079,4.88,4.56
0.010792,4.88,4.64
0.010794,4.88,4.64
0.010796,4.88,4.64
0.010798,4.88,4.72
0.0108,4.88,4.72
0.010802,4.88,4.8
0.010804,4.88,4.8
0.010806,4.88,4.88
0.010808,4.88,4.88
0.01081,4.88,4.96
0.010812,4.88,4.96
0.010814,4.88,4.96
0.010816,4.88,5.04
0.010818,4.96,5.04
0.01082,4.88,5.12
0.010822,4.88,5.12
0.010824,4.88,5.2
0.010826,4.88,5.2
0.010828,4.88,5.2
0.01083,4.96,5.28
0.010832,4.88,5.28
0.010834,4.88,5.28
0.010836,4.88,5.36
0.010838,4.88,5.44
0.01084,4.88,5.44
0.010842,4.88,5.44
0.010844,4.88,5.44
0.010846,4.88,5.52
0.010848,4.88,5.6
0.01085,4.88,5.6
0.010852,4.88,5.6
0.010854,4.88,5.6
0.010856,4.88,5.68
0.010858,4.96,5.68
0.01086,4.88,5.76
0.010862,4.88,5.68
0.010864,4.88,5.76
0.010866,4.96,5.84
0.010868,4.88,5.84
0.01087,4.88,5.84
0.010872,4.88,5.84
0.010874,4.96,5.84
0.010876,4.88,5.92
0.010878,4.88,5.92
0.01088,4.96,6
0.010882,4.88,6
0.010884,4.88,6
0.010886,4.88,6
0.010888,4.88,6.08
0.01089,4.96,6.08
0.010892,4.88,6.08
0.010894,4.88,6.16
0.010896,4.96,6.08
0.010898,4.88,6.08
0.0109,4.88,6.16
0.010902,4.88,6.16
0.010904,4.88,6.16
0.010906,4.88,6.16
0.010908,4.88,6.16
0.01091,4.88,6.24
0.010912,4.88,6.24
0.010914,4.88,6.24
0.010916,4.88,6.32
0.010918,4.88,6.32
0.01092,4.88,6.24
0.010922,4.88,6.32
0.010924,4.88,6.32
0.010926,4.88,6.32
0.010928,4.88,6.32
0.01093,4.88,6.32
0.010932,4.88,6.4
0.010934,4.88,6.4
0.010936,4.88,6.32
0.010938,4.88,6.4
0.01094,4.88,6.4
0.010942,4.88,6.4
0.010944,4.88,6.4
0.010946,4.88,6.4
0.010948,4.96,6.4
0.01095,4.96,6.4
0.010952,4.88,6.4
0.010954,4.88,6.4
0.010956,4.88,6.4
0.010958,4.96,6.4
0.01096,4.88,6.4
0.010962,4.96,6.4
0.010964,4.88,6.4
0.010966,4.88,6.4
0.010968,4.88,6.4
0.01097,4.88,6.4
0.010972,4.88,6.4
0.010974,4.96,6.4
0.010976,4.88,6.4
0.010978,4.96,6.4
0.01098,4.88,6.4
0.010982,4.88,6.4
0.010984,4.88,6.4
0.010986,4.88,6.32
0.010988,4.88,6.32
0.01099,4.88,6.32
0.010992,4.88,6.32
0.010994,4.88,6.32
0.010996,4.88,6.32
0.010998,4.88,6.24
0.011,4.88,6.32
0.011002,4.88,6.24
0.011004,4.88,6.24
0.011006,4.88,6.16
0.011008,4.88,6.16
0.01101,4.88,6.16
0.011012,4.88,6.16
0.011014,4.88,6.16
0.011016,4.96,6.16
0.011018,4.96,6.08
0.01102,4.96,6.08
0.011022,4.88,6.08
0.011024,4.96,6.08
0.011026,4.88,6.08
0.011028,4.96,6.08
0.01103,4.88,6.08
0.011032,4.88,6.08
0.011034,4.88,6
0.011036,4.88,6
0.011038,4.88,6
0.01104,4.88,5.92
0.011042,4.96,5.92
0.011044,4.88,5.92
0.011046,4.88,5.92
0.011048,4.88,5.84
0.01105,4.88,5.84
0.011052,4.96,5.84
0.011054,4.96,5.76
0.011056,4.88,5.76
0.011058,4.96,5.76
0.01106,4.88,5.76
0.011062,4.88,5.76
0.011064,4.96,5.68
0.011066,4.88,5.68
0.011068,4.88,5.6
0.01107,4.88,5.6
0.011072,4.96,5.6
0.011074,4.96,5.6
0.011076,4.88,5.52
0.011078,4.88,5.52
0.01108,4.96,5.52
0.011082,4.96,5.44
0.011084,4.88,5.52
0.011086,4.88,5.44
0.011088,4.88,5.44
0.01109,4.88,5.36
0.011092,4.88,5.36
0.011094,4.88,5.36
0.011096,4.88,5.28
0.011098,4.88,5.28
0.0111,4.96,5.2
0.011102,4.88,5.28
0.011104,4.88,5.2
0.011106,4.88,5.2
0.011108,4.96,5.2
0.01111,4.88,5.2
0.011112,4.88,5.12
0.011114,4.88,5.12
0.011116,4.88,5.04
0.011118,4.88,5.04
0.01112,4.88,5.04
0.011122,4.88,4.96
0.011124,4.88,4.96
0.011126,4.88,4.96
0.011128,4.88,4.88
0.01113,4.88,4.88
0.011132,4.88,4.88
0.011134,4.88,4.88
0.011136,4.88,4.88
0.011138,4.88,4.8
0.01114,4.96,4.8
0.011142,4.96,4.8
0.011144,4.88,4.72
0.011146,4.88,4.72
0.011148,4.88,4.64
0.01115,4.88,4.64
0.011152,4.88,4.64
0.011154,4.88,4.64
0.011156,4.88,4.56
0.011158,4.88,4.56
0.01116,4.88,4.56
0.011162,4.96,4.56
0.011164,4.88,4.48
0.011166,4.88,4.48
0.011168,4.88,4.48
0.01117,4.88,4.4
0.011172,4.88,4.48
0.011174,4.88,4.4
0.011176,4.88,4.4
0.011178,4.88,4.4
0.01118,4.96,4.4
0.011182,4.88,4.32
0.011184,4.88,4.32
0.011186,4.88,4.32
0.011188,4.88,4.32
0.01119,4.88,4.32
0.011192,4.88,4.32
0.011194,4.88,4.24
0.011196,4.96,4.24
0.011198,4.96,4.24
0.0112,4.88,4.16
0.011202,4.88,4.08
0.011204,4.88,4.08
0.011206,4.88,4.08
0.011208,4.88,4.08
0.01121,4.88,4.08
0.011212,4.88,4.08
0.011214,4.88,4.08
0.011216,4.88,4
0.011218,4.88,4
0.01122,4.88,4
0.011222,4.88,4
0.011224,4.88,4
0.011226,4.88,4
0.011228,4.96,4
0.01123,4.88,4
0.011232,4.88,3.92
0.011234,4.88,4
0.011236,4.88,3.92
0.011238,4.88,3.92
0.01124,4.88,4
0.011242,4.88,3.92
0.011244,4.96,3.92
0.011246,4.88,3.92
0.011248,4.88,3.92
0.01125,4.88,3.92
0.011252,4.88,3.92
0.011254,4.88,3.84
0.011256,4.88,3.92
0.011258,4.88,3.92
0.01126,4.88,3.92
0.011262,4.96,3.92
0.011264,4.96,3.84
0.011266,4.88,3.84
0.011268,4.88,3.84
0.01127,4.88,3.84
0.011272,4.96,3.92
0.011274,4.88,3.92
0.011276,4.88,3.84
0.011278,4.88,3.84
0.01128,4.88,3.92
0.011282,4.88,3.92
0.011284,4.88,3.92
0.011286,4.96,3.92
0.011288,4.88,3.92
0.01129,4.88,3.84
0.011292,4.88,3.84
0.011294,4.96,3.92
0.011296,4.88,3.92
0.011298,4.88,3.92
0.0113,4.88,3.92
0.011302,4.96,3.92
0.011304,4.88,3.92
0.011306,4.88,3.92
0.011308,4.88,3.92
0.01131,4.88,3.92
0.011312,4.88,3.92
0.011314,4.88,3.92
0.011316,4.88,3.92
0.011318,4.88,4
0.01132,4.88,4
0.011322,4.88,4
0.011324,4.88,4
0.011326,4.88,4
0.011328,4.88,4
0.01133,4.88,4
0.011332,4.88,4
0.011334,4.96,4
0.011336,4.88,4
0.011338,4.88,4
0.01134,4.88,4.08
0.011342,4.88,4.08
0.011344,4.88,4.08
0.011346,4.88,4.08
0.011348,4.88,4.16
0.01135,4.88,4.16
0.011352,4.88,4.16
0.011354,4.88,4.08
0.011356,4.88,4.24
0.011358,4.88,4.16
0.01136,4.88,4.24
0.011362,4.88,4.24
0.011364,4.88,4.24
0.011366,4.88,4.24
0.011368,4.96,4.32
0.01137,4.88,4.24
0.011372,4.96,4.32
0.011374,4.88,4.32
0.011376,4.88,4.32
0.011378,4.88,4.32
0.01138,4.88,4.4
0.011382,4.96,4.32
0.011384,4.88,4.4
0.011386,4.88,4.4
0.011388,4.88,4.48
0.01139,4.88,4.4
0.011392,4.88,4.48
0.011394,4.88,4.48
0.011396,4.88,4.48
0.011398,4.88,4.48
0.0114,4.88,4.48
0.011402,4.88,4.56
0.011404,4.88,4.48
0.011406,4.88,4.56
0.011408,4.88,4.56
0.01141,4.96,4.56
0.011412,4.88,4.56
0.011414,4.88,4.64
0.011416,4.88,4.64
0.011418,4.88,4.64
0.01142,4.96,4.72
0.011422,4.88,4.64
0.011424,4.88,4.72
0.011426,4.88,4.72
0.011428,4.88,4.72
0.01143,4.96,4.8
0.011432,4.96,4.8
0.011434,4.88,4.8
0.011436,4.88,4.88
0.011438,4.88,4.88
0.01144,4.88,4.8
0.011442,4.96,4.88
0.011444,4.96,4.88
0.011446,4.88,4.88
0.011448,4.88,4.88
0.01145,4.88,4.96
0.011452,4.88,4.96
0.011454,4.88,4.96
0.011456,4.96,4.96
0.011458,4.88,5.04
0.01146,4.96,4.96
0.011462,4.88,5.04
0.011464,4.88,5.04
0.011466,4.88,5.04
0.011468,4.88,5.04
0.01147,4.88,5.12
0.011472,4.88,5.12
0.011474,4.88,5.12
0.011476,4.96,5.12
0.011478,4.88,5.12
0.01148,4.88,5.2
0.011482,4.88,5.2
0.011484,4.88,5.2
0.011486,4.88,5.2
0.011488,4.88,5.2
0.01149,4.96,5.28
0.011492,4.88,5.28
0.011494,4.96,5.28
0.011496,4.88,5.28
0.011498,4.88,5.28
0.0115,4.88,5.28
0.011502,4.88,5.28
0.011504,4.88,5.28
0.011506,4.88,5.28
0.011508,4.88,5.36
0.01151,4.96,5.36
0.011512,4.96,5.36
0.011514,4.88,5.36
0.011516,4.88,5.36
0.011518,4.88,5.44
0.01152,4.88,5.44
0.011522,4.96,5.44
0.011524,4.88,5.44
0.011526,4.88,5.44
0.011528,4.88,5.44
0.01153,4.96,5.44
0.011532,4.88,5.44
0.011534,4.88,5.52
0.011536,4.88,5.44
0.011538,4.88,5.52
0.01154,4.88,5.52
0.011542,4.88,5.52
0.011544,4.88,5.52
0.011546,4.88,5.52
0.011548,4.88,5.44
0.01155,4.88,5.52
0.011552,4.96,5.52
0.011554,4.88,5.52
0.011556,4.88,5.52
0.011558,4.88,5.6
0.01156,4.88,5.52
0.011562,4.88,5.52
0.011564,4.88,5.6
0.011566,4.88,5.6
0.011568,4.88,5.52
0.01157,4.88,5.52
0.011572,4.88,5.52
0.011574,4.88,5.6
0.011576,4.88,5.6
0.011578,4.88,5.6
0.01158,4.88,5.6
0.011582,4.96,5.6
0.011584,4.88,5.6
0.011586,4.88,5.6
0.011588,4.88,5.6
0.01159,4.88,5.6
0.011592,4.88,5.6
0.011594,4.88,5.6
0.011596,4.96,5.6
0.011598,4.88,5.6
0.0116,4.96,5.6
0.011602,4.88,5.6
0.011604,4.96,5.6
0.011606,4.96,5.6
0.011608,4.88,5.6
0.01161,4.88,5.6
0.011612,4.88,5.6
0.011614,4.88,5.6
0.011616,4.88,5.6
0.011618,4.96,5.6
0.01162,4.88,5.52
0.011622,4.88,5.52
0.011624,4.88,5.52
0.011626,4.88,5.6
0.011628,4.88,5.52
0.01163,4.88,5.52
0.011632,4.96,5.52
0.011634,4.88,5.52
0.011636,4.88,5.6
0.011638,4.88,5.52
0.01164,4.88,5.52
0.011642,4.88,5.52
0.011644,4.88,5.52
0.011646,4.88,5.52
0.011648,4.88,5.52
0.01165,4.88,5.44
0.011652,4.88,5.52
0.011654,4.96,5.44
0.011656,4.88,5.44
0.011658,4.88,5.44
0.01166,4.88,5.44
0.011662,4.88,5.44
0.011664,4.88,5.44
0.011666,4.96,5.44
0.011668,4.88,5.44
0.01167,4.96,5.44
0.011672,4.88,5.44
0.011674,4.88,5.36
0.011676,4.88,5.36
0.011678,4.96,5.36
0.01168,4.88,5.44
0.011682,4.96,5.36
0.011684,4.88,5.36
0.011686,4.96,5.36
0.011688,4.88,5.36
0.01169,4.88,5.36
0.011692,4.88,5.28
0.011694,4.88,5.28
0.011696,4.88,5.28
0.011698,4.88,5.28
0.0117,4.88,5.28
0.011702,4.88,5.28
0.011704,4.88,5.28
0.011706,4.88,5.2
0.011708,4.88,5.28
0.01171,4.96,5.28
0.011712,4.88,5.2
0.011714,4.88,5.2
0.011716,4.88,5.2
0.011718,4.96,5.2
0.01172,4.88,5.2
0.011722,4.96,5.2
0.011724,4.88,5.12
0.011726,4.88,5.12
0.011728,4.96,5.12
0.01173,4.88,5.12
0.011732,4.88,5.12
0.011734,4.88,5.12
0.011736,4.96,5.12
0.011738,4.96,5.04
0.01174,4.88,5.04
0.011742,4.88,5.04
0.011744,4.88,5.04
0.011746,4.88,5.04
0.011748,4.88,5.04
0.01175,4.88,5.04
0.011752,4.88,5.04
0.011754,4.88,5.04
0.011756,4.88,4.96
0.011758,4.88,4.96
0.01176,4.88,4.96
0.011762,4.88,4.96
0.011764,4.88,4.96
0.011766,4.88,4.88
0.011768,4.88,4.88
0.01177,4.88,4.88
0.011772,4.88,4.88
0.011774,4.96,4.88
0.011776,4.88,4.88
0.011778,4.96,4.88
0.01178,4.88,4.8
0.011782,4.88,4.88
0.011784,4.88,4.8
0.011786,4.88,4.8
0.011788,4.88,4.8
0.01179,4.88,4.8
0.011792,4.88,4.8
0.011794,4.88,4.8
0.011796,4.88,4.72
0.011798,4.88,4.72
0.0118,4.88,4.72
0.011802,4.88,4.72
0.011804,4.88,4.72
0.011806,4.88,4.72
0.011808,4.96,4.72
0.01181,4.88,4.64
0.011812,4.88,4.64
0.011814,4.96,4.64
0.011816,4.88,4.64
0.011818,4.88,4.64
0.01182,4.88,4.64
0.011822,4.88,4.64
0.011824,4.88,4.64
0.011826,4.88,4.64
0.011828,4.88,4.64
0.01183,4.88,4.64
0.011832,4.88,4.56
0.011834,4.88,4.64
0.011836,4.88,4.56
0.011838,4.88,4.56
0.01184,4.88,4.64
0.011842,4.88,4.56
0.011844,4.88,4.56
0.011846,4.88,4.56
0.011848,4.88,4.56
0.01185,4.88,4.56
0.011852,4.88,4.56
0.011854,4.88,4.56
0.011856,4.88,4.56
0.011858,4.88,4.48
0.01186,4.96,4.48
0.011862,4.88,4.48
0.011864,4.88,4.48
0.011866,4.88,4.48
0.011868,4.96,4.48
0.01187,4.88,4.48
0.011872,4.88,4.48
0.011874,4.96,4.48
0.011876,4.88,4.48
0.011878,4.88,4.48
0.01188,4.96,4.48
0.011882,4.88,4.48
0.011884,4.88,4.48
0.011886,4.88,4.48
0.011888,4.88,4.48
0.01189,4.88,4.48
0.011892,4.88,4.48
0.011894,4.96,4.48
0.011896,4.88,4.48
0.011898,4.96,4.48
0.0119,4.88,4.48
0.011902,4.88,4.4
0.011904,4.88,4.48
0.011906,4.96,4.48
0.011908,4.88,4.48
0.01191,4.88,4.48
0.011912,4.88,4.48
0.011914,4.88,4.48
0.011916,4.96,4.48
0.011918,4.88,4.48
0.01192,4.96,4.48
0.011922,4.88,4.48
0.011924,4.88,4.48
0.011926,4.88,4.48
0.011928,4.88,4.48
0.01193,4.88,4.48
0.011932,4.88,4.48
0.011934,4.88,4.48
0.011936,4.88,4.48
0.011938,4.88,4.48
0.01194,4.88,4.48
0.011942,4.88,4.48
0.011944,4.88,4.48
0.011946,4.88,4.48
0.011948,4.88,4.48
0.01195,4.96,4.48
0.011952,4.88,4.48
0.011954,4.88,4.48
0.011956,4.88,4.48
0.011958,4.88,4.48
0.01196,4.88,4.48
0.011962,4.88,4.56
0.011964,4.96,4.56
0.011966,4.88,4.56
0.011968,4.88,4.48
0.01197,4.88,4.48
0.011972,4.88,4.56
0.011974,4.88,4.56
0.011976,4.96,4.56
0.011978,4.88,4.56
0.01198,4.88,4.56
0.011982,4.88,4.56
0.011984,4.88,4.56
0.011986,4.88,4.56
0.011988,4.96,4.56
0.01199,4.88,4.56
0.011992,4.88,4.56
0.011994,4.88,4.56
0.011996,4.88,4.56
0.011998,4.88,4.56
0.012,4.88,4.56
0.012002,4.88,4.56
0.012004,4.88,4.64
0.012006,4.88,4.64
0.012008,4.88,4.64
0.01201,4.88,4.64
0.012012,4.88,4.64
0.012014,4.88,4.64
0.012016,4.88,4.64
0.012018,4.88,4.64
0.01202,4.88,4.64
0.012022,4.88,4.64
0.012024,4.96,4.64
0.012026,4.88,4.72
0.012028,4.88,4.72
0.01203,4.88,4.72
0.012032,4.88,4.72
0.012034,4.88,4.72
0.012036,4.88,4.72
0.012038,4.88,4.72
0.01204,4.88,4.8
0.012042,4.88,4.8
0.012044,4.88,4.72
0.012046,4.88,4.8
0.012048,4.88,4.72
0.01205,4.88,4.8
0.012052,4.88,4.8
0.012054,4.88,4.8
0.012056,4.88,4.8
0.012058,4.88,4.8
0.01206,4.88,4.8
0.012062,4.88,4.8
0.012064,4.96,4.8
0.012066,4.88,4.8
0.012068,4.88,4.88
0.01207,4.88,4.88
0.012072,4.88,4.88
0.012074,4.88,4.88
0.012076,4.88,4.88
0.012078,4.88,4.88
0.01208,4.88,4.88
0.012082,4.96,4.88
0.012084,4.88,4.88
0.012086,4.88,4.88
0.012088,4.88,4.88
0.01209,4.88,4.88
0.012092,4.88,4.96
0.012094,4.88,4.96
0.012096,4.96,4.96
0.012098,4.88,4.96
0.0121,4.88,4.96
0.012102,4.88,4.96
0.012104,4.88,4.96
0.012106,4.88,4.96
0.012108,4.88,5.04
0.01211,4.88,4.96
0.012112,4.88,5.04
0.012114,4.88,5.04
0.012116,4.88,5.04
0.012118,4.88,5.04
0.01212,4.88,5.04
0.012122,4.88,5.04
0.012124,4.88,5.04
0.012126,4.88,5.04
0.012128,4.88,5.04
0.01213,4.88,5.04
0.012132,4.96,5.12
0.012134,4.88,5.04
0.012136,4.88,5.04
0.012138,4.88,5.12
0.01214,4.88,5.12
0.012142,4.96,5.12
0.012144,4.88,5.04
0.012146,4.88,5.2
0.012148,4.88,5.12
0.01215,4.88,5.12
0.012152,4.88,5.12
0.012154,4.88,5.12
0.012156,4.88,5.12
0.012158,4.88,5.12
0.01216,4.88,5.12
0.012162,4.88,5.12
0.012164,4.88,5.12
0.012166,4.96,5.12
0.012168,4.88,5.2
0.01217,4.88,5.2
0.012172,4.88,5.2
0.012174,4.88,5.12
0.012176,4.96,5.2
0.012178,4.88,5.2
0.01218,4.88,5.12
0.012182,4.88,5.2
0.012184,4.88,5.2
0.012186,4.88,5.2
0.012188,4.96,5.2
0.01219,4.88,5.2
0.012192,4.88,5.2
0.012194,4.88,5.2
0.012196,4.96,5.2
0.012198,4.88,5.2
0.0122,4.88,5.2
0.012202,4.88,5.2
0.012204,4.88,5.2
0.012206,4.88,5.28
0.012208,4.96,5.2
0.01221,4.88,5.2
0.012212,4.88,5.2
0.012214,4.88,5.2
0.012216,4.88,5.2
0.012218,4.88,5.2
0.01222,4.88,5.2
0.012222,4.88,5.2
0.012224,4.88,5.2
0.012226,4.88,5.2
0.012228,4.96,5.2
0.01223,4.88,5.2
0.012232,4.88,5.2
0.012234,4.88,5.2
0.012236,4.88,5.2
0.012238,4.88,5.2
0.01224,4.88,5.2
0.012242,4.88,5.2
0.012244,4.96,5.2
0.012246,4.96,5.2
0.012248,4.88,5.2
0.01225,4.88,5.2
0.012252,4.88,5.28
0.012254,4.88,5.2
0.012256,4.88,5.28
0.012258,4.88,5.2
0.01226,4.88,5.2
0.012262,4.88,5.2
0.012264,4.88,5.2
0.012266,4.96,5.2
0.012268,4.96,5.2
0.01227,4.88,5.2
0.012272,4.88,5.2
0.012274,4.88,5.2
0.012276,4.88,5.2
0.012278,4.88,5.2
0.01228,4.88,5.2
0.012282,4.88,5.2
0.012284,4.88,5.2
0.012286,4.88,5.2
0.012288,4.88,5.2
0.01229,4.88,5.2
0.012292,4.96,5.2
0.012294,4.88,5.2
0.012296,4.88,5.2
0.012298,4.88,5.2
0.0123,4.88,5.2
0.012302,4.88,5.2
0.012304,4.88,5.12
0.012306,4.88,5.12
0.012308,4.88,5.12
0.01231,4.88,5.12
0.012312,4.96,5.12
0.012314,4.88,5.12
0.012316,4.88,5.12
0.012318,4.88,5.12
0.01232,4.88,5.12
0.012322,4.88,5.12
0.012324,4.88,5.12
0.012326,4.96,5.12
0.012328,4.88,5.12
0.01233,4.88,5.12
0.012332,4.88,5.12
0.012334,4.88,5.12
0.012336,4.88,5.12
0.012338,4.88,5.04
0.01234,4.88,5.12
0.012342,4.88,5.04
0.012344,4.88,5.12
0.012346,4.88,5.04
0.012348,4.88,5.04
0.01235,4.88,5.04
0.012352,4.88,5.04
0.012354,4.88,5.04
0.012356,4.88,5.04
0.012358,4.88,5.04
0.01236,4.88,5.04
0.012362,4.96,5.04
0.012364,4.88,5.04
0.012366,4.88,5.04
0.012368,4.88,5.04
0.01237,4.88,5.04
0.012372,4.88,5.04
0.012374,4.88,5.04
0.012376,4.88,4.96
0.012378,4.88,5.04
0.01238,4.88,5.04
0.012382,4.96,4.96
0.012384,4.88,4.96
0.012386,4.88,4.96
0.012388,4.88,4.96
0.01239,4.88,4.96
0.012392,4.88,4.96
0.012394,4.88,4.96
0.012396,4.88,4.96
0.012398,4.88,4.96
0.0124,4.96,4.88
0.012402,4.88,4.96
0.012404,4.88,4.96
0.012406,4.96,4.88
0.012408,4.88,4.96
0.01241,4.88,4.88
0.012412,4.96,4.88
0.012414,4.88,4.88
0.012416,4.88,4.88
0.012418,4.96,4.88
0.01242,4.88,4.88
0.012422,4.88,4.88
0.012424,4.88,4.88
0.012426,4.88,4.88
0.012428,4.88,4.88
0.01243,4.88,4.8
0.012432,4.88,4.88
0.012434,4.96,4.8
0.012436,4.88,4.8
0.012438,4.96,4.8
0.01244,4.88,4.8
0.012442,4.88,4.8
0.012444,4.88,4.8
0.012446,4.88,4.8
0.012448,4.88,4.8
0.01245,4.88,4.8
0.012452,4.88,4.8
0.012454,4.96,4.8
0.012456,4.88,4.8
0.012458,4.88,4.8
0.01246,4.88,4.8
0.012462,4.88,4.8
0.012464,4.88,4.8
0.012466,4.88,4.8
0.012468,4.88,4.8
0.01247,4.88,4.8
0.012472,4.88,4.8
0.012474,4.88,4.8
0.012476,4.88,4.8
0.012478,4.88,4.72
0.01248,4.88,4.72
0.012482,4.88,4.8
0.012484,4.88,4.72
0.012486,4.96,4.72
0.012488,4.88,4.72
0.01249,4.88,4.72
0.012492,4.88,4.72
0.012494,4.88,4.72
0.012496,4.96,4.72
0.012498,4.96,4.72
0.0125,4.96,4.72
0.012502,4.88,4.72
0.012504,4.88,4.72
0.012506,4.96,4.72
0.012508,4.88,4.72
0.01251,4.88,4.72
0.012512,4.88,4.72
0.012514,4.88,4.72
0.012516,4.96,4.72
0.012518,4.96,4.72
0.01252,4.88,4.72
0.012522,4.88,4.72
0.012524,4.88,4.72
0.012526,4.88,4.72
0.012528,4.88,4.72
0.01253,4.96,4.72
0.012532,4.88,4.72
0.012534,4.88,4.72
0.012536,4.88,4.72
0.012538,4.96,4.72
0.01254,4.88,4.72
0.012542,4.88,4.72
0.012544,4.88,4.64
0.012546,4.88,4.72
0.012548,4.96,4.72
0.01255,4.88,4.72
0.012552,4.96,4.64
0.012554,4.88,4.72
0.012556,4.88,4.72
0.012558,4.88,4.72
0.01256,4.88,4.72
0.012562,4.88,4.72
0.012564,4.96,4.72
0.012566,4.96,4.72
0.012568,4.88,4.72
0.01257,4.88,4.72
0.012572,4.88,4.72
0.012574,4.88,4.72
0.012576,4.88,4.72
0.012578,4.88,4.72
0.01258,4.88,4.72
0.012582,4.88,4.72
0.012584,4.88,4.72
0.012586,4.88,4.72
0.012588,4.88,4.72
0.01259,4.88,4.72
0.012592,4.88,4.72
0.012594,4.88,4.72
0.012596,4.88,4.72
0.012598,4.88,4.72
0.0126,4.88,4.72
0.012602,4.88,4.72
0.012604,4.88,4.72
0.012606,4.88,4.72
0.012608,4.88,4.72
0.01261,4.88,4.72
0.012612,4.88,4.72
0.012614,4.88,4.8
0.012616,4.96,4.72
0.012618,4.88,4.8
0.01262,4.96,4.72
0.012622,4.96,4.8
0.012624,4.96,4.72
0.012626,4.88,4.72
0.012628,4.88,4.72
0.01263,4.88,4.8
0.012632,4.88,4.72
0.012634,4.88,4.8
0.012636,4.88,4.72
0.012638,4.88,4.8
0.01264,4.88,4.8
0.012642,4.88,4.8
0.012644,4.88,4.8
0.012646,4.88,4.8
0.012648,4.88,4.8
0.01265,4.88,4.8
0.012652,4.96,4.8
0.012654,4.88,4.8
0.012656,4.88,4.8
0.012658,4.88,4.8
0.01266,4.88,4.8
0.012662,4.88,4.88
0.012664,4.88,4.8
0.012666,4.88,4.8
0.012668,4.88,4.8
0.01267,4.88,4.8
0.012672,4.88,4.88
0.012674,4.96,4.8
0.012676,4.88,4.8
0.012678,4.88,4.8
0.01268,4.88,4.88
0.012682,4.96,4.88
0.012684,4.88,4.8
0.012686,4.88,4.88
0.012688,4.88,4.88
0.01269,4.88,4.88
0.012692,4.88,4.88
0.012694,4.88,4.88
0.012696,4.88,4.88
0.012698,4.88,4.88
0.0127,4.88,4.88
0.012702,4.88,4.88
0.012704,4.88,4.88
0.012706,4.88,4.88
0.012708,4.96,4.88
0.01271,4.88,4.88
0.012712,4.88,4.88
0.012714,4.88,4.88
0.012716,4.88,4.88
0.012718,4.88,4.88
0.01272,4.88,4.96
0.012722,4.88,4.96
0.012724,4.88,4.88
0.012726,4.88,4.96
0.012728,4.88,4.88
0.01273,4.88,4.88
0.012732,4.88,4.88
0.012734,4.88,4.96
0.012736,4.88,4.96
0.012738,4.88,4.96
0.01274,4.96,4.96
0.012742,4.88,4.96
0.012744,4.88,4.96
0.012746,4.96,4.96
0.012748,4.88,4.96
0.01275,4.88,4.96
0.012752,4.88,4.96
0.012754,4.88,4.96
0.012756,4.88,4.96
0.012758,4.88,4.96
0.01276,4.88,4.96
0.012762,4.88,4.96
0.012764,4.88,4.96
0.012766,4.88,4.96
0.012768,4.88,4.96
0.01277,4.88,5.04
0.012772,4.96,5.04
0.012774,4.88,5.04
0.012776,4.96,4.96
0.012778,4.88,4.96
0.01278,4.88,5.04
0.012782,4.88,5.04
0.012784,4.96,5.04
0.012786,4.88,5.04
0.012788,4.88,5.04
0.01279,4.88,5.04
0.012792,4.88,5.04
0.012794,4.88,5.04
0.012796,4.96,5.04
0.012798,4.96,5.04
0.0128,4.88,5.04
0.012802,4.88,5.04
0.012804,4.88,5.04
0.012806,4.88,5.04
0.012808,4.96,5.04
0.01281,4.88,5.04
0.012812,4.88,5.04
0.012814,4.88,5.04
0.012816,4.88,5.04
0.012818,4.88,5.04
0.01282,4.88,5.04
0.012822,4.88,5.04
0.012824,4.88,5.04
0.012826,4.88,5.04
0.012828,4.96,5.04
0.01283,4.88,5.04
0.012832,4.96,5.04
0.012834,4.88,5.04
0.012836,4.88,5.04
0.012838,4.88,5.12
0.01284,4.88,5.04
0.012842,4.88,5.04
0.012844,4.88,5.04
0.012846,4.88,5.04
0.012848,4.88,5.04
0.01285,4.88,5.04
0.012852,4.88,5.04
0.012854,4.88,5.04
0.012856,4.88,5.04
0.012858,4.88,5.04
0.01286,4.96,5.04
0.012862,4.88,5.04
0.012864,4.96,5.04
0.012866,4.88,5.04
0.012868,4.88,5.04
0.01287,4.88,5.12
0.012872,4.96,5.04
0.012874,4.88,5.04
0.012876,4.88,5.12
0.012878,4.88,5.12
0.01288,4.88,5.04
0.012882,4.88,5.04
0.012884,4.88,5.04
0.012886,4.96,5.12
0.012888,4.88,5.04
0.01289,4.88,5.04
0.012892,4.88,5.04
0.012894,4.88,5.04
0.012896,4.88,5.04
0.012898,4.88,5.04
0.0129,4.88,5.04
0.012902,4.96,5.04
0.012904,4.88,5.04
0.012906,4.88,5.04
0.012908,4.88,5.04
0.01291,4.88,5.04
0.012912,4.88,5.04
0.012914,4.88,5.04
0.012916,4.88,5.04
0.012918,4.88,5.04
0.01292,4.88,5.04
0.012922,4.88,5.04
0.012924,4.88,5.04
0.012926,4.88,5.04
0.012928,4.96,5.04
0.01293,4.88,5.04
0.012932,4.88,5.04
0.012934,4.88,5.04
0.012936,4.88,5.04
0.012938,4.88,5.04
0.01294,4.96,5.04
0.012942,4.88,5.04
0.012944,4.96,5.04
0.012946,4.88,5.04
0.012948,4.88,5.04
0.01295,4.88,5.04
0.012952,4.88,5.04
0.012954,4.88,5.04
0.012956,4.88,5.04
0.012958,4.88,5.04
0.01296,4.88,5.04
0.012962,4.96,5.04
0.012964,4.96,5.04
0.012966,4.96,5.04
0.012968,4.88,5.04
0.01297,4.88,5.04
0.012972,4.88,5.04
0.012974,4.88,4.96
0.012976,4.88,4.96
0.012978,4.96,5.04
0.01298,4.88,5.04
0.012982,4.96,5.04
0.012984,4.96,4.96
0.012986,4.88,4.96
0.012988,4.88,4.96
0.01299,4.88,4.96
0.012992,4.96,4.96
0.012994,4.88,4.96
0.012996,4.88,4.96
0.012998,4.88,4.96
0.013,4.88,4.96
0.013002,4.88,4.96
0.013004,4.88,4.96
0.013006,4.88,4.96
0.013008,4.88,4.96
0.01301,4.88,4.96
0.013012,4.96,4.96
0.013014,4.96,4.96
0.013016,4.88,4.96
0.013018,4.88,4.96
0.01302,4.88,4.96
0.013022,4.88,4.96
0.013024,4.88,4.96
0.013026,4.96,4.96
0.013028,4.96,4.88
0.01303,4.88,4.96
0.013032,4.88,4.88
0.013034,4.88,4.96
0.013036,4.96,4.88
0.013038,4.88,4.96
0.01304,4.88,4.96
0.013042,4.88,4.88
0.013044,4.88,4.88
0.013046,4.96,4.88
0.013048,4.88,4.88
0.01305,4.88,4.88
0.013052,4.88,4.88
0.013054,4.88,4.88
0.013056,4.88,4.88
0.013058,4.88,4.88
0.01306,4.88,4.88
0.013062,4.88,4.88
0.013064,4.88,4.88
0.013066,4.88,4.96
0.013068,4.88,4.96
0.01307,4.96,4.88
0.013072,4.88,4.88
0.013074,4.88,4.88
0.013076,4.88,4.88
0.013078,4.88,4.88
0.01308,4.88,4.88
0.013082,4.88,4.96
0.013084,4.88,4.88
0.013086,4.88,4.88
0.013088,4.96,4.88
0.01309,4.88,4.88
0.013092,4.96,4.88
0.013094,4.88,4.88
0.013096,4.88,4.88
0.013098,4.88,4.88
0.0131,4.88,4.88
0.013102,4.96,4.88
0.013104,4.88,4.88
0.013106,4.96,4.8
0.013108,4.88,4.88
0.01311,4.88,4.88
0.013112,4.88,4.8
0.013114,4.96,4.88
0.013116,4.96,4.8
0.013118,4.96,4.88
0.01312,4.88,4.8
0.013122,4.88,4.88
0.013124,4.88,4.8
0.013126,4.88,4.8
0.013128,4.88,4.88
0.01313,4.88,4.88
0.013132,4.88,4.8
0.013134,4.88,4.8
0.013136,4.88,4.8
0.013138,4.88,4.8
0.01314,4.88,4.88
0.013142,4.88,4.88
0.013144,4.88,4.8
0.013146,4.88,4.8
0.013148,4.96,4.8
0.01315,4.88,4.8
0.013152,4.88,4.8
0.013154,4.88,4.8
0.013156,4.88,4.88
0.013158,4.96,4.8
0.01316,4.88,4.8
0.013162,4.88,4.8
0.013164,4.88,4.88
0.013166,4.88,4.8
0.013168,4.88,4.8
0.01317,4.88,4.88
0.013172,4.88,4.88
0.013174,4.88,4.8
0.013176,4.88,4.8
0.013178,4.88,4.8
0.01318,4.88,4.88
0.013182,4.88,4.8
0.013184,4.88,4.8
0.013186,4.88,4.8
0.013188,4.88,4.8
0.01319,4.88,4.8
0.013192,4.88,4.8
0.013194,4.88,4.8
0.013196,4.88,4.8
0.013198,4.96,4.8
0.0132,4.88,4.8
0.013202,4.88,4.8
0.013204,4.88,4.8
0.013206,4.88,4.8
0.013208,4.88,4.8
0.01321,4.88,4.8
0.013212,4.88,4.8
0.013214,4.88,4.8
0.013216,4.96,4.8
0.013218,4.88,4.8
0.01322,4.88,4.8
0.013222,4.88,4.8
0.013224,4.88,4.8
0.013226,4.88,4.88
0.013228,4.88,4.8
0.01323,4.88,4.8
0.013232,4.88,4.88
0.013234,4.88,4.88
0.013236,4.96,4.8
0.013238,4.88,4.88
0.01324,4.88,4.8
0.013242,4.88,4.8
0.013244,4.88,4.8
0.013246,4.88,4.88
0.013248,4.96,4.8
0.01325,4.88,4.88
0.013252,4.88,4.88
0.013254,4.96,4.8
0.013256,4.88,4.8
0.013258,4.88,4.8
0.01326,4.88,4.8
0.013262,4.88,4.88
0.013264,4.88,4.88
0.013266,4.96,4.88
0.013268,4.88,4.88
0.01327,4.88,4.88
0.013272,4.88,4.88
0.013274,4.88,4.88
0.013276,4.88,4.8
0.013278,4.88,4.88
0.01328,4.88,4.88
0.013282,4.88,4.8
0.013284,4.88,4.88
0.013286,4.88,4.88
0.013288,4.88,4.88
0.01329,4.88,4.88
0.013292,4.88,4.88
0.013294,4.88,4.88
0.013296,4.96,4.88
0.013298,4.88,4.88
0.0133,4.88,4.88
0.013302,4.96,4.88
0.013304,4.88,4.88
0.013306,4.96,4.88
0.013308,4.88,4.8
0.01331,4.88,4.88
0.013312,4.88,4.88
0.013314,4.88,4.88
0.013316,4.88,4.88
0.013318,4.88,4.88
0.01332,4.88,4.88
0.013322,4.96,4.88
0.013324,4.96,4.88
0.013326,4.88,4.88
0.013328,4.88,4.96
0.01333,4.88,4.88
0.013332,4.88,4.88
0.013334,4.88,4.96
0.013336,4.88,4.88
0.013338,4.88,4.88
0.01334,4.88,4.96
0.013342,4.88,4.96
0.013344,4.88,4.88
0.013346,4.96,4.88
0.013348,4.88,4.88
0.01335,4.88,4.88
0.013352,4.88,4.96
0.013354,4.88,4.88
0.013356,4.88,4.88
0.013358,4.88,4.96
0.01336,4.88,4.88
0.013362,4.88,4.88
0.013364,4.88,4.96
0.013366,4.96,4.88
0.013368,4.88,4.96
0.01337,4.88,4.96
0.013372,4.88,4.88
0.013374,4.88,4.88
0.013376,4.88,4.96
0.013378,4.88,4.96
0.01338,4.96,4.96
0.013382,4.88,4.96
0.013384,4.88,4.88
0.013386,4.88,4.96
0.013388,4.88,4.96
0.01339,4.96,4.88
0.013392,4.88,4.96
0.013394,4.88,4.96
0.013396,4.88,4.96
0.013398,4.88,4.96
0.0134,4.88,4.96
0.013402,4.88,4.88
0.013404,4.96,4.96
0.013406,4.88,4.96
0.013408,4.88,4.96
0.01341,4.88,4.96
0.013412,4.88,4.96
0.013414,4.96,4.96
0.013416,4.88,4.96
0.013418,4.96,4.96
0.01342,4.88,4.96
0.013422,4.88,4.96
0.013424,4.88,4.96
0.013426,4.88,4.96
0.013428,4.96,4.96
0.01343,4.88,4.96
0.013432,4.88,4.96
0.013434,4.96,4.96
0.013436,4.88,4.96
0.013438,4.88,4.96
0.01344,4.96,4.96
0.013442,4.88,4.96
0.013444,4.88,5.04
0.013446,4.88,4.96
0.013448,4.88,4.96
0.01345,4.88,4.96
0.013452,4.88,4.96
0.013454,4.88,4.96
0.013456,4.88,4.96
0.013458,4.88,4.96
0.01346,4.88,4.96
0.013462,4.88,4.96
0.013464,4.88,4.96
0.013466,4.88,4.96
0.013468,4.88,4.96
0.01347,4.96,5.04
0.013472,4.88,4.96
0.013474,4.88,4.96
0.013476,4.88,5.04
0.013478,4.88,4.96
0.01348,4.88,4.96
0.013482,4.88,5.04
0.013484,4.88,5.04
0.013486,4.88,4.96
0.013488,4.88,4.96
0.01349,4.88,4.96
0.013492,4.96,4.96
0.013494,4.88,4.96
0.013496,4.88,4.96
0.013498,4.88,4.96
0.0135,4.88,5.04
0.013502,4.88,4.96
0.013504,4.88,4.96
0.013506,4.88,5.04
0.013508,4.96,5.04
0.01351,4.96,4.96
0.013512,4.88,4.96
0.013514,4.96,4.96
0.013516,4.88,5.04
0.013518,4.96,4.96
0.01352,4.88,4.96
0.013522,4.88,4.96
0.013524,4.88,4.96
0.013526,4.88,5.04
0.013528,4.96,5.04
0.01353,4.88,4.96
0.013532,4.88,4.96
0.013534,4.88,4.96
0.013536,4.88,4.96
0.013538,4.88,4.96
0.01354,4.88,4.96
0.013542,4.88,4.96
0.013544,4.96,4.96
0.013546,4.88,4.96
0.013548,4.88,4.96
0.01355,4.96,5.04
0.013552,4.96,4.96
0.013554,4.88,4.96
0.013556,4.88,5.04
0.013558,4.88,4.96
0.01356,4.88,4.96
0.013562,4.88,4.96
0.013564,4.96,4.96
0.013566,4.88,4.96
0.013568,4.88,5.04
0.01357,4.88,4.96
0.013572,4.88,4.96
0.013574,4.88,4.96
0.013576,4.88,4.96
0.013578,4.88,4.96
0.01358,4.88,4.96
0.013582,4.88,4.96
0.013584,4.88,4.96
0.013586,4.88,4.96
0.013588,4.88,5.04
0.01359,4.96,4.96
0.013592,4.88,5.04
0.013594,4.88,4.96
0.013596,4.88,4.96
0.013598,4.88,4.96
0.0136,4.96,4.88
0.013602,4.88,4.96
0.013604,4.88,4.96
0.013606,4.88,4.96
0.013608,4.88,4.96
0.01361,4.88,4.96
0.013612,4.88,4.96
0.013614,4.88,4.96
0.013616,4.96,4.96
0.013618,4.88,4.96
0.01362,4.88,4.96
0.013622,4.88,4.96
0.013624,4.88,4.96
0.013626,4.88,4.96
0.013628,4.88,4.96
0.01363,4.88,4.96
0.013632,4.96,4.96
0.013634,4.96,4.88
0.013636,4.88,4.96
0.013638,4.88,4.88
0.01364,4.88,4.96
0.013642,4.88,4.96
0.013644,4.96,4.96
0.013646,4.88,4.96
0.013648,4.88,4.96
0.01365,4.96,4.88
0.013652,4.88,4.96
0.013654,4.88,4.88
0.013656,4.96,4.96
0.013658,4.88,4.96
0.01366,4.96,4.88
0.013662,4.88,4.96
0.013664,4.88,4.96
0.013666,4.88,4.96
0.013668,4.88,4.88
0.01367,4.88,4.88
0.013672,4.88,4.88
0.013674,4.88,4.88
0.013676,4.88,4.88
0.013678,4.88,4.96
0.01368,4.96,4.96
0.013682,4.88,4.96
0.013684,4.88,4.88
0.013686,4.88,4.88
0.013688,4.88,4.88
0.01369,4.96,4.88
0.013692,4.88,4.88
0.013694,4.96,4.96
0.013696,4.88,4.88
0.013698,4.96,4.88
0.0137,4.88,4.88
0.013702,4.88,4.88
0.013704,4.88,4.88
0.013706,4.88,4.88
0.013708,4.88,4.88
0.01371,4.96,4.88
0.013712,4.88,4.96
0.013714,4.88,4.88
0.013716,4.96,4.88
0.013718,4.88,4.88
0.01372,4.88,4.88
0.013722,4.88,4.88
0.013724,4.96,4.88
0.013726,4.88,4.88
0.013728,4.88,4.88
0.01373,4.88,4.96
0.013732,4.96,4.88
0.013734,4.88,4.88
0.013736,4.88,4.88
0.013738,4.88,4.88
0.01374,4.88,4.88
0.013742,4.88,4.88
0.013744,4.88,4.88
0.013746,4.88,4.88
0.013748,4.88,4.88
0.01375,4.88,4.88
0.013752,4.96,4.88
0.013754,4.88,4.88
0.013756,4.88,4.88
0.013758,4.88,4.88
0.01376,4.88,4.88
0.013762,4.88,4.88
0.013764,4.88,4.88
0.013766,4.88,4.88
0.013768,4.88,4.88
0.01377,4.88,4.88
0.013772,4.88,4.88
0.013774,4.88,4.88
0.013776,4.96,4.88
0.013778,4.88,4.88
0.01378,4.96,4.88
0.013782,4.88,4.88
0.013784,4.88,4.88
0.013786,4.88,4.88
0.013788,4.96,4.88
0.01379,4.96,4.88
0.013792,4.96,4.88
0.013794,4.88,4.88
0.013796,4.88,4.88
0.013798,4.96,4.88
0.0138,4.88,4.88
0.013802,4.88,4.88
0.013804,4.88,4.88
0.013806,4.88,4.88
0.013808,4.88,4.88
0.01381,4.88,4.88
0.013812,4.88,4.88
0.013814,4.88,4.88
0.013816,4.88,4.88
0.013818,4.88,4.88
0.01382,4.88,4.88
0.013822,4.96,4.88
0.013824,4.88,4.88
0.013826,4.88,4.88
0.013828,4.96,4.88
0.01383,4.88,4.88
0.013832,4.88,4.88
0.013834,4.96,4.88
0.013836,4.88,4.88
0.013838,4.88,4.88
0.01384,4.88,4.88
0.013842,4.88,4.88
0.013844,4.88,4.88
0.013846,4.88,4.8
0.013848,4.88,4.88
0.01385,4.88,4.88
0.013852,4.88,4.88
0.013854,4.88,4.8
0.013856,4.88,4.88
0.013858,4.88,4.88
0.01386,4.88,4.88
0.013862,4.96,4.88
0.013864,4.88,4.88
0.013866,4.88,4.88
0.013868,4.88,4.88
0.01387,4.88,4.88
0.013872,4.88,4.88
0.013874,4.88,4.88
0.013876,4.88,4.88
0.013878,4.96,4.88
0.01388,4.88,4.88
0.013882,4.88,4.88
0.013884,4.88,4.88
0.013886,4.88,4.88
0.013888,4.88,4.88
0.01389,4.96,4.88
0.013892,4.88,4.88
0.013894,4.96,4.88
0.013896,4.88,4.88
0.013898,4.88,4.88
0.0139,4.88,4.88
0.013902,4.88,4.88
0.013904,4.88,4.88
0.013906,4.88,4.88
0.013908,4.88,4.88
0.01391,4.88,4.88
0.013912,4.88,4.88
0.013914,4.96,4.88
0.013916,4.88,4.88
0.013918,4.88,4.88
0.01392,4.88,4.88
0.013922,4.88,4.88
0.013924,4.88,4.88
0.013926,4.96,4.88
0.013928,4.88,4.88
0.01393,4.88,4.88
0.013932,4.88,4.88
0.013934,4.96,4.88
0.013936,4.88,4.88
0.013938,4.88,4.88
0.01394,4.88,4.88
0.013942,4.88,4.88
0.013944,4.96,4.88
0.013946,4.96,4.88
0.013948,4.88,4.88
0.01395,4.96,4.96
0.013952,4.96,4.88
0.013954,4.88,4.88
0.013956,4.88,4.96
0.013958,4.88,4.88
0.01396,4.88,4.88
0.013962,4.96,4.88
0.013964,4.88,4.88
0.013966,4.88,4.88
0.013968,4.88,4.88
0.01397,4.88,4.88
0.013972,4.88,4.88
0.013974,4.88,4.88
0.013976,4.88,4.88
0.013978,4.88,4.96
0.01398,4.88,4.88
0.013982,4.88,4.88
0.013984,4.96,4.88
0.013986,4.88,4.88
0.013988,4.88,4.88
0.01399,4.88,4.88
0.013992,4.88,4.96
0.013994,4.96,4.96
0.013996,4.88,4.88
0.013998,4.88,4.88
0.014,4.96,4.88
0.014002,4.88,4.88
0.014004,4.88,4.88
0.014006,4.88,4.88
0.014008,4.88,4.96
0.01401,4.88,4.96
0.014012,4.88,4.88
0.014014,4.88,4.96
0.014016,4.88,4.88
0.014018,4.96,4.96
0.01402,4.88,4.88
0.014022,4.88,4.96
0.014024,4.88,4.88
0.014026,4.88,4.96
0.014028,4.88,4.88
0.01403,4.88,4.96
0.014032,4.88,4.96
0.014034,4.88,4.96
0.014036,4.88,4.96
0.014038,4.88,4.96
0.01404,4.88,4.96
0.014042,4.88,4.96
0.014044,4.88,4.96
0.014046,4.88,4.96
0.014048,4.96,4.88
0.01405,4.88,4.96
0.014052,4.88,4.88
0.014054,4.96,4.96
0.014056,4.96,4.96
0.014058,4.88,4.96
0.01406,4.88,4.96
0.014062,4.88,4.96
0.014064,4.88,4.96
0.014066,4.88,4.96
0.014068,4.88,4.96
0.01407,4.88,4.96
0.014072,4.88,4.96
0.014074,4.88,4.96
0.014076,4.88,4.88
0.014078,4.88,4.88
0.01408,4.88,4.96
0.014082,4.88,4.96
0.014084,4.88,4.96
0.014086,4.88,4.96
0.014088,4.88,4.96
0.01409,4.96,4.96
0.014092,4.88,4.96
0.014094,4.96,4.96
0.014096,4.88,4.96
0.014098,4.88,4.96
0.0141,4.88,4.96
0.014102,4.88,4.96
0.014104,4.88,4.96
0.014106,4.88,4.96
0.014108,4.88,4.96
0.01411,4.88,4.96
0.014112,4.88,4.96
0.014114,4.88,4.96
0.014116,4.88,4.96
0.014118,4.88,4.88
0.01412,4.88,4.96
0.014122,4.88,4.96
0.014124,4.88,4.96
0.014126,4.96,4.96
0.014128,4.96,4.96
0.01413,4.88,4.96
0.014132,4.88,4.96
0.014134,4.88,4.96
0.014136,4.88,4.96
0.014138,4.88,4.96
0.01414,4.88,4.96
0.014142,4.96,4.96
0.014144,4.88,4.96
0.014146,4.88,4.96
0.014148,4.88,4.96
0.01415,4.88,4.96
0.014152,4.88,4.96
0.014154,4.88,4.96
0.014156,4.88,4.88
0.014158,4.96,4.96
0.01416,4.88,4.96
0.014162,4.88,4.96
0.014164,4.88,4.96
0.014166,4.88,4.96
0.014168,4.96,4.96
0.01417,4.88,4.96
0.014172,4.88,4.96
0.014174,4.96,4.96
0.014176,4.88,4.96
0.014178,4.88,4.96
0.01418,4.88,4.96
0.014182,4.88,4.96
0.014184,4.88,4.96
0.014186,4.88,4.96
0.014188,4.88,4.96
0.01419,4.88,4.96
0.014192,4.88,4.96
0.014194,4.96,4.88
0.014196,4.88,4.96
0.014198,4.88,4.88
0.0142,4.88,4.96
0.014202,4.88,4.96
0.014204,4.88,4.88
0.014206,4.88,4.96
0.014208,4.88,4.96
0.01421,4.88,4.96
0.014212,4.88,4.96
0.014214,4.96,4.96
0.014216,4.88,4.96
0.014218,4.88,4.96
0.01422,4.88,4.96
0.014222,4.88,4.88
0.014224,4.88,4.88
0.014226,4.88,4.96
0.014228,4.96,4.96
0.01423,4.88,4.96
0.014232,4.88,4.88
0.014234,4.96,4.96
0.014236,4.88,4.88
0.014238,4.96,4.96
0.01424,4.88,4.96
0.014242,4.96,4.88
0.014244,4.88,4.96
0.014246,4.88,4.96
0.014248,4.88,4.96
0.01425,4.88,4.96
0.014252,4.88,4.88
0.014254,4.88,4.96
0.014256,4.88,4.96
0.014258,4.88,4.88
0.01426,4.88,4.88
0.014262,4.88,4.96
0.014264,4.96,4.88
0.014266,4.88,4.96
0.014268,4.88,4.88
0.01427,4.88,4.96
0.014272,4.96,4.96
0.014274,4.88,4.96
0.014276,4.88,4.88
0.014278,4.88,4.96
0.01428,4.88,4.96
0.014282,4.88,4.88
0.014284,4.88,4.96
0.014286,4.88,4.96
0.014288,4.88,4.88
0.01429,4.88,4.96
0.014292,4.88,4.96
0.014294,4.88,4.96
0.014296,4.88,4.96
0.014298,4.88,4.96
0.0143,4.96,4.88
0.014302,4.88,4.88
0.014304,4.88,4.96
0.014306,4.88,4.96
0.014308,4.88,4.96
0.01431,4.88,4.96
0.014312,4.96,4.88
0.014314,4.96,4.96
0.014316,4.88,4.88
0.014318,4.88,4.88
0.01432,4.88,4.96
0.014322,4.88,4.96
0.014324,4.88,4.88
0.014326,4.88,4.96
0.014328,4.88,4.88
0.01433,4.88,4.88
0.014332,4.88,4.96
0.014334,4.88,4.88
0.014336,4.88,4.88
0.014338,4.88,4.88
0.01434,4.96,4.96
0.014342,4.88,4.88
0.014344,4.88,4.96
0.014346,4.88,4.88
0.014348,4.88,4.88
0.01435,4.88,4.88
0.014352,4.88,4.88
0.014354,4.88,4.88
0.014356,4.96,4.88
0.014358,4.88,4.88
0.01436,4.88,4.88
0.014362,4.88,4.88
0.014364,4.96,4.96
0.014366,4.88,4.88
0.014368,4.88,4.88
0.01437,4.88,4.88
0.014372,4.88,4.88
0.014374,4.88,4.88
0.014376,4.88,4.88
0.014378,4.88,4.88
0.01438,4.88,4.88
0.014382,4.88,4.88
0.014384,4.88,4.96
0.014386,4.96,4.96
0.014388,4.88,4.88
0.01439,4.88,4.88
0.014392,4.88,4.88
0.014394,4.88,4.96
0.014396,4.88,4.88
0.014398,4.88,4.88
0.0144,4.96,4.96
0.014402,4.88,4.88
0.014404,4.88,4.88
0.014406,4.96,4.88
0.014408,4.88,4.88
0.01441,4.88,4.88
0.014412,4.88,4.88
0.014414,4.88,4.96
0.014416,4.88,4.88
0.014418,4.88,4.88
0.01442,4.88,4.88
0.014422,4.88,4.96
0.014424,4.88,4.88
0.014426,4.88,4.88
0.014428,4.96,4.88
0.01443,4.88,4.88
0.014432,4.88,4.88
0.014434,4.88,4.88
0.014436,4.88,4.88
0.014438,4.88,4.88
0.01444,4.88,4.88
0.014442,4.88,4.88
0.014444,4.96,4.88
0.014446,4.88,4.88
0.014448,4.96,4.88
0.01445,4.88,4.88
0.014452,4.88,4.88
0.014454,4.88,4.96
0.014456,4.88,4.88
0.014458,4.88,4.96
0.01446,4.88,4.96
0.014462,4.88,4.88
0.014464,4.88,4.88
0.014466,4.88,4.88
0.014468,4.88,4.96
0.01447,4.96,4.88
0.014472,4.88,4.88
0.014474,4.96,4.88
0.014476,4.88,4.88
0.014478,4.88,4.88
0.01448,4.96,4.88
0.014482,4.88,4.88
0.014484,4.88,4.88
0.014486,4.96,4.88
0.014488,4.88,4.96
0.01449,4.88,4.88
0.014492,4.88,4.96
0.014494,4.88,4.88
0.014496,4.96,4.88
0.014498,4.88,4.88
0.0145,4.88,4.88
0.014502,4.88,4.96
0.014504,4.88,4.96
0.014506,4.88,4.88
0.014508,4.88,4.88
0.01451,4.88,4.88
0.014512,4.96,4.88
0.014514,4.88,4.88
0.014516,4.88,4.88
0.014518,4.88,4.88
0.01452,4.88,4.88
0.014522,4.88,4.88
0.014524,4.88,4.88
0.014526,4.88,4.88
0.014528,4.88,4.88
0.01453,4.88,4.88
0.014532,4.96,4.88
0.014534,4.88,4.88
0.014536,4.96,4.88
0.014538,4.88,4.96
0.01454,4.88,4.88
0.014542,4.88,4.88
0.014544,4.96,4.88
0.014546,4.88,4.88
0.014548,4.88,4.88
0.01455,4.88,4.88
0.014552,4.96,4.88
0.014554,4.88,4.88
0.014556,4.96,4.88
0.014558,4.88,4.88
0.01456,4.96,4.88
0.014562,4.88,4.88
0.014564,4.88,4.88
0.014566,4.88,4.96
0.014568,4.88,4.88
0.01457,4.96,4.88
0.014572,4.88,4.96
0.014574,4.88,4.88
0.014576,4.88,4.88
0.014578,4.96,4.88
0.01458,4.88,4.88
0.014582,4.88,4.88
0.014584,4.96,4.88
0.014586,4.88,4.88
0.014588,4.88,4.96
0.01459,4.88,4.96
0.014592,4.88,4.88
0.014594,4.88,4.88
0.014596,4.88,4.96
0.014598,4.88,4.88
0.0146,4.88,4.96
0.014602,4.88,4.96
0.014604,4.88,4.96
0.014606,4.88,4.88
0.014608,4.88,4.88
0.01461,4.88,4.88
0.014612,4.96,4.88
0.014614,4.88,4.88
0.014616,4.88,4.96
0.014618,4.88,4.88
0.01462,4.88,4.88
0.014622,4.88,4.88
0.014624,4.88,4.88
0.014626,4.88,4.96
0.014628,4.88,4.96
0.01463,4.96,4.88
0.014632,4.96,4.88
0.014634,4.88,4.88
0.014636,4.88,4.96
0.014638,4.88,4.88
0.01464,4.88,4.96
0.014642,4.88,4.96
0.014644,4.88,4.88
0.014646,4.96,4.96
0.014648,4.88,4.88
0.01465,4.88,4.96
0.014652,4.88,4.88
0.014654,4.88,4.96
0.014656,4.88,4.96
0.014658,4.88,4.96
0.01466,4.88,4.96
0.014662,4.96,4.88
0.014664,4.88,4.96
0.014666,4.88,4.88
0.014668,4.88,4.88
0.01467,4.88,4.96
0.014672,4.88,4.88
0.014674,4.88,4.88
0.014676,4.88,4.96
0.014678,4.88,4.96
0.01468,4.88,4.96
0.014682,4.88,4.88
0.014684,4.96,4.96
0.014686,4.88,4.96
0.014688,4.88,4.88
0.01469,4.88,4.88
0.014692,4.88,4.88
0.014694,4.88,4.96
0.014696,4.88,4.96
0.014698,4.88,4.96
0.0147,4.88,4.88
0.014702,4.88,4.96
0.014704,4.88,4.88
0.014706,4.88,4.96
0.014708,4.88,4.96
0.01471,4.96,4.96
0.014712,4.88,4.96
0.014714,4.88,4.88
0.014716,4.88,4.88
0.014718,4.88,4.96
0.01472,4.88,4.88
0.014722,4.88,4.96
0.014724,4.88,4.96
0.014726,4.88,4.88
0.014728,4.88,4.88
0.01473,4.96,4.96
0.014732,4.88,4.96
0.014734,4.96,4.88
0.014736,4.88,4.96
0.014738,4.88,4.88
0.01474,4.88,4.96
0.014742,4.88,4.96
0.014744,4.88,4.96
0.014746,4.96,4.88
0.014748,4.88,4.96
0.01475,4.88,4.96
0.014752,4.96,4.96
0.014754,4.88,4.88
0.014756,4.88,4.96
0.014758,4.88,4.88
0.01476,4.88,4.96
0.014762,4.88,4.88
0.014764,4.88,4.96
0.014766,4.88,4.88
0.014768,4.88,4.96
0.01477,4.88,4.96
0.014772,4.88,4.96
0.014774,4.88,4.88
0.014776,4.88,4.96
0.014778,4.88,4.96
0.01478,4.88,4.96
0.014782,4.88,4.96
0.014784,4.88,4.88
0.014786,4.88,4.88
0.014788,4.96,4.96
0.01479,4.88,4.96
0.014792,4.88,4.96
0.014794,4.88,4.88
0.014796,4.88,4.96
0.014798,4.88,4.88
0.0148,4.96,4.96
0.014802,4.88,4.96
0.014804,4.88,4.96
0.014806,4.88,4.88
0.014808,4.88,4.96
0.01481,4.88,4.88
0.014812,4.88,4.88
0.014814,4.88,4.88
0.014816,4.88,4.96
0.014818,4.88,4.88
0.01482,4.88,4.96
0.014822,4.88,4.96
0.014824,4.88,4.88
0.014826,4.88,4.96
0.014828,4.88,4.96
0.01483,4.88,4.96
0.014832,4.88,4.96
0.014834,4.88,4.96
0.014836,4.88,4.96
0.014838,4.88,4.96
0.01484,4.88,4.96
0.014842,4.96,4.96
0.014844,4.88,4.88
0.014846,4.88,4.96
0.014848,4.88,4.88
0.01485,4.88,4.96
0.014852,4.88,4.96
0.014854,4.88,4.88
0.014856,4.88,4.88
0.014858,4.88,4.88
0.01486,4.88,4.96
0.014862,4.88,4.96
0.014864,4.96,4.96
0.014866,4.88,4.96
0.014868,4.88,4.88
0.01487,4.96,4.88
0.014872,4.88,4.96
0.014874,4.88,4.88
0.014876,4.88,4.96
0.014878,4.88,4.96
0.01488,4.88,4.96
0.014882,4.88,4.88
0.014884,4.88,4.96
0.014886,4.96,4.88
0.014888,4.88,4.88
0.01489,4.88,4.88
0.014892,4.88,4.88
0.014894,4.88,4.96
0.014896,4.88,4.88
0.014898,4.88,4.96
0.0149,4.88,4.96
0.014902,4.88,4.88
0.014904,4.88,4.88
0.014906,4.88,4.88
0.014908,4.88,4.88
0.01491,4.88,4.96
0.014912,4.88,4.96
0.014914,4.88,4.88
0.014916,4.88,4.88
0.014918,4.88,4.96
0.01492,4.88,4.96
0.014922,4.88,4.88
0.014924,4.88,4.96
0.014926,4.88,4.88
0.014928,4.88,4.88
0.01493,4.96,4.88
0.014932,4.88,4.96
0.014934,4.88,4.96
0.014936,4.88,4.88
0.014938,4.88,4.96
0.01494,4.88,4.96
0.014942,4.96,4.88
0.014944,4.88,4.96
0.014946,4.88,4.88
0.014948,4.88,4.96
0.01495,4.88,4.96
0.014952,4.88,4.88
0.014954,4.88,4.96
0.014956,4.88,4.88
0.014958,4.88,4.96
