-0.0004,-0.04,-0.04
-0.00039,0,-0.04
-0.00038,-0.04,0
-0.00037,0,-0.04
-0.00036,-0.04,0
-0.00035,0,-0.04
-0.00034,0,0
-0.00033,0,0
-0.00032,-0.04,-0.04
-0.00031,0,0
-0.0003,0,0
-0.00029,0,0
-0.00028,0,0
-0.00027,-0.04,0
-0.00026,0,0
-0.00025,0,0
-0.00024,0,0
-0.00023,0,-0.04
-0.00022,-0.04,0
-0.00021,0,-0.04
-0.0002,0,-0.04
-0.00019,0,-0.04
-0.00018,-0.04,0
-0.00017,-0.04,-0.04
-0.00016,0,-0.04
-0.00015,0,0
-0.00014,0,0
-0.00013,-0.04,-0.04
-0.00012,0,0
-0.00011,-0.04,-0.04
-0.0001,0,0
-9e-005,0,0
-8e-005,-0.04,-0.04
-7e-005,-0.04,-0.04
-6e-005,-0.04,0
-5e-005,0,0
-4e-005,0,0
-3e-005,0,0
-2e-005,-0.04,0
-1e-005,0,-0.04
0,4.92,0
1e-005,4.92,-0.04
2e-005,4.92,0
3e-005,4.92,0
4e-005,4.92,0
5e-005,4.92,-0.04
6e-005,4.88,0
7e-005,4.92,0
8e-005,4.92,0
9e-005,4.92,0
0.0001,4.92,0
0.00011,4.92,0
0.00012,4.92,0
0.00013,4.88,0
0.00014,4.92,0
0.00015,4.92,0.04
0.00016,4.88,0
0.00017,4.88,0.04
0.00018,4.88,0.04
0.00019,4.92,0.04
0.0002,4.88,0.08
0.00021,4.88,0.08
0.00022,4.88,0.08
0.00023,4.88,0.08
0.00024,4.88,0.12
0.00025,4.92,0.08
0.00026,4.88,0.12
0.00027,4.88,0.12
0.00028,4.88,0.12
0.00029,4.88,0.16
0.0003,4.88,0.16
0.00031,4.88,0.16
0.00032,4.92,0.16
0.00033,4.88,0.16
0.00034,4.84,0.2
0.00035,4.88,0.2
0.00036,4.88,0.24
0.00037,4.88,0.24
0.00038,4.88,0.24
0.00039,4.88,0.24
0.0004,4.88,0.24
0.00041,4.88,0.28
0.00042,4.88,0.28
0.00043,4.88,0.28
0.00044,4.88,0.28
0.00045,4.88,0.32
0.00046,4.88,0.32
0.00047,4.88,0.32
0.00048,4.88,0.36
0.00049,4.88,0.36
0.0005,4.88,0.36
0.00051,4.88,0.4
0.00052,4.88,0.4
0.00053,4.88,0.4
0.00054,4.88,0.44
0.00055,4.84,0.44
0.00056,4.88,0.44
0.00057,4.88,0.48
0.00058,4.88,0.48
0.00059,4.88,0.48
0.0006,4.88,0.48
0.00061,4.88,0.52
0.00062,4.88,0.52
0.00063,4.88,0.52
0.00064,4.84,0.56
0.00065,4.88,0.56
0.00066,4.88,0.56
0.00067,4.88,0.56
0.00068,4.88,0.6
0.00069,4.84,0.6
0.0007,4.84,0.64
0.00071,4.88,0.64
0.00072,4.88,0.64
0.00073,4.88,0.68
0.00074,4.88,0.68
0.00075,4.88,0.68
0.00076,4.88,0.68
0.00077,4.88,0.72
0.00078,4.88,0.68
0.00079,4.88,0.76
0.0008,4.84,0.76
0.00081,4.88,0.76
0.00082,4.88,0.8
0.00083,4.88,0.8
0.00084,4.84,0.8
0.00085,4.88,0.8
0.00086,4.84,0.84
0.00087,4.88,0.8
0.00088,4.84,0.84
0.00089,4.88,0.84
0.0009,4.88,0.84
0.00091,4.88,0.88
0.00092,4.88,0.88
0.00093,4.84,0.92
0.00094,4.88,0.92
0.00095,4.84,0.96
0.00096,4.88,0.96
0.00097,4.88,0.96
0.00098,4.88,0.96
0.00099,4.88,0.96
0.001,4.88,1
0.00101,4.88,1
0.00102,4.88,1
0.00103,4.84,1.04
0.00104,4.88,1.08
0.00105,4.88,1.08
0.00106,4.88,1.08
0.00107,4.84,1.08
0.00108,4.88,1.12
0.00109,4.84,1.12
0.0011,4.88,1.16
0.00111,4.88,1.16
0.00112,4.88,1.16
0.00113,4.88,1.2
0.00114,4.88,1.16
0.00115,4.88,1.2
0.00116,4.84,1.2
0.00117,4.88,1.2
0.00118,4.84,1.2
0.00119,4.88,1.24
0.0012,4.88,1.2
0.00121,4.88,1.24
0.00122,4.88,1.28
0.00123,4.88,1.28
0.00124,4.84,1.28
0.00125,4.88,1.32
0.00126,4.88,1.28
0.00127,4.88,1.32
0.00128,4.88,1.32
0.00129,4.88,1.36
0.0013,4.88,1.36
0.00131,4.88,1.36
0.00132,4.88,1.36
0.00133,4.88,1.4
0.00134,4.88,1.4
0.00135,4.88,1.4
0.00136,4.88,1.44
0.00137,4.88,1.44
0.00138,4.88,1.44
0.00139,4.88,1.48
0.0014,4.88,1.48
0.00141,4.88,1.48
0.00142,4.88,1.48
0.00143,4.88,1.52
0.00144,4.88,1.52
0.00145,4.88,1.56
0.00146,4.88,1.52
0.00147,4.88,1.56
0.00148,4.88,1.56
0.00149,4.88,1.56
0.0015,4.88,1.6
0.00151,4.88,1.56
0.00152,4.88,1.6
0.00153,4.88,1.6
0.00154,4.88,1.6
0.00155,4.88,1.64
0.00156,4.88,1.64
0.00157,4.84,1.68
0.00158,4.88,1.68
0.00159,4.88,1.68
0.0016,4.88,1.68
0.00161,4.88,1.72
0.00162,4.88,1.72
0.00163,4.88,1.72
0.00164,4.88,1.72
0.00165,4.88,1.72
0.00166,4.88,1.72
0.00167,4.88,1.76
0.00168,4.88,1.8
0.00169,4.88,1.8
0.0017,4.88,1.8
0.00171,4.88,1.84
0.00172,4.88,1.84
0.00173,4.88,1.84
0.00174,4.88,1.84
0.00175,4.88,1.84
0.00176,4.88,1.88
0.00177,4.88,1.88
0.00178,4.88,1.88
0.00179,4.84,1.92
0.0018,4.88,1.92
0.00181,4.88,1.92
0.00182,4.88,1.92
0.00183,4.92,1.96
0.00184,4.88,1.96
0.00185,4.92,1.96
0.00186,4.88,1.96
0.00187,4.88,2
0.00188,4.88,1.96
0.00189,4.88,2
0.0019,4.88,2
0.00191,4.88,2
0.00192,4.88,2
0.00193,4.88,2.04
0.00194,4.88,2.04
0.00195,4.88,2.04
0.00196,4.88,2.04
0.00197,4.88,2.08
0.00198,4.88,2.08
0.00199,4.88,2.08
0.002,4.88,2.08
0.00201,4.88,2.12
0.00202,4.88,2.12
0.00203,4.88,2.12
0.00204,4.88,2.12
0.00205,4.88,2.12
0.00206,4.88,2.16
0.00207,4.88,2.16
0.00208,4.88,2.16
0.00209,4.88,2.2
0.0021,4.88,2.2
0.00211,4.88,2.2
0.00212,4.88,2.2
0.00213,4.88,2.24
0.00214,4.88,2.24
0.00215,4.88,2.24
0.00216,4.88,2.24
0.00217,4.88,2.24
0.00218,4.88,2.28
0.00219,4.88,2.28
0.0022,4.88,2.28
0.00221,4.92,2.28
0.00222,4.88,2.32
0.00223,4.88,2.32
0.00224,4.88,2.32
0.00225,4.88,2.36
0.00226,4.88,2.32
0.00227,4.88,2.36
0.00228,4.88,2.36
0.00229,4.88,2.36
0.0023,4.88,2.36
0.00231,4.88,2.4
0.00232,4.88,2.36
0.00233,4.88,2.4
0.00234,4.88,2.4
0.00235,4.88,2.4
0.00236,4.92,2.4
0.00237,4.88,2.44
0.00238,4.88,2.48
0.00239,4.88,2.44
0.0024,4.92,2.44
0.00241,4.92,2.48
0.00242,4.88,2.48
0.00243,4.92,2.48
0.00244,4.92,2.48
0.00245,4.88,2.52
0.00246,4.92,2.52
0.00247,4.88,2.52
0.00248,4.88,2.52
0.00249,4.92,2.52
0.0025,4.88,2.52
0.00251,4.88,2.56
0.00252,4.88,2.56
0.00253,4.88,2.56
0.00254,4.92,2.56
0.00255,4.92,2.56
0.00256,4.92,2.6
0.00257,4.92,2.56
0.00258,4.88,2.6
0.00259,4.88,2.6
0.0026,4.88,2.64
0.00261,4.88,2.64
0.00262,4.88,2.64
0.00263,4.88,2.64
0.00264,4.88,2.64
0.00265,4.88,2.68
0.00266,4.88,2.68
0.00267,4.88,2.68
0.00268,4.88,2.68
0.00269,4.88,2.68
0.0027,4.88,2.68
0.00271,4.92,2.72
0.00272,4.88,2.72
0.00273,4.88,2.72
0.00274,4.88,2.72
0.00275,4.88,2.72
0.00276,4.88,2.76
0.00277,4.92,2.76
0.00278,4.88,2.76
0.00279,4.92,2.76
0.0028,4.92,2.8
0.00281,4.88,2.8
0.00282,4.88,2.76
0.00283,4.88,2.8
0.00284,4.88,2.8
0.00285,4.88,2.8
0.00286,4.88,2.8
0.00287,4.88,2.84
0.00288,4.88,2.84
0.00289,4.88,2.84
0.0029,4.92,2.84
0.00291,4.88,2.84
0.00292,4.92,2.84
0.00293,4.88,2.84
0.00294,4.88,2.88
0.00295,4.92,2.88
0.00296,4.92,2.88
0.00297,4.88,2.88
0.00298,4.92,2.88
0.00299,4.88,2.92
0.003,4.88,2.92
0.00301,4.88,2.92
0.00302,4.92,2.92
0.00303,4.88,2.96
0.00304,4.88,2.92
0.00305,4.92,2.96
0.00306,4.88,2.96
0.00307,4.88,2.96
0.00308,4.88,2.96
0.00309,4.88,2.96
0.0031,4.88,2.96
0.00311,4.88,3
0.00312,4.88,3
0.00313,4.88,3
0.00314,4.88,3
0.00315,4.88,3.04
0.00316,4.88,3.04
0.00317,4.88,3.04
0.00318,4.88,3.04
0.00319,4.88,3.04
0.0032,4.88,3.04
0.00321,4.88,3.04
0.00322,4.92,3.08
0.00323,4.92,3.08
0.00324,4.88,3.08
0.00325,4.92,3.08
0.00326,4.92,3.08
0.00327,4.88,3.08
0.00328,4.88,3.08
0.00329,4.88,3.12
0.0033,4.92,3.12
0.00331,4.92,3.12
0.00332,4.88,3.16
0.00333,4.92,3.16
0.00334,4.92,3.16
0.00335,4.92,3.16
0.00336,4.92,3.16
0.00337,4.92,3.16
0.00338,4.92,3.16
0.00339,4.92,3.16
0.0034,4.92,3.2
0.00341,4.88,3.2
0.00342,4.88,3.2
0.00343,4.88,3.16
0.00344,4.88,3.2
0.00345,4.92,3.2
0.00346,4.88,3.2
0.00347,4.92,3.2
0.00348,4.92,3.24
0.00349,4.88,3.24
0.0035,4.92,3.24
0.00351,4.88,3.24
0.00352,4.88,3.24
0.00353,4.88,3.24
0.00354,4.88,3.24
0.00355,4.92,3.28
0.00356,4.88,3.28
0.00357,4.92,3.28
0.00358,4.92,3.28
0.00359,4.88,3.28
0.0036,4.88,3.28
0.00361,4.92,3.28
0.00362,4.92,3.28
0.00363,4.92,3.32
0.00364,4.92,3.32
0.00365,4.92,3.32
0.00366,4.92,3.32
0.00367,4.88,3.32
0.00368,4.88,3.36
0.00369,4.92,3.36
0.0037,4.92,3.36
0.00371,4.88,3.36
0.00372,4.88,3.36
0.00373,4.92,3.36
0.00374,4.92,3.36
0.00375,4.92,3.36
0.00376,4.88,3.4
0.00377,4.92,3.4
0.00378,4.88,3.4
0.00379,4.92,3.36
0.0038,4.92,3.4
0.00381,4.88,3.4
0.00382,4.88,3.4
0.00383,4.88,3.4
0.00384,4.92,3.44
0.00385,4.92,3.44
0.00386,4.92,3.44
0.00387,4.92,3.44
0.00388,4.92,3.44
0.00389,4.92,3.44
0.0039,4.88,3.44
0.00391,4.92,3.44
0.00392,4.88,3.44
0.00393,4.92,3.48
0.00394,4.88,3.48
0.00395,4.88,3.48
0.00396,4.92,3.48
0.00397,4.92,3.48
0.00398,4.88,3.48
0.00399,4.92,3.52
0.004,4.92,3.52
0.00401,4.92,3.52
0.00402,4.92,3.52
0.00403,4.88,3.52
0.00404,4.88,3.52
0.00405,4.92,3.52
0.00406,4.92,3.52
0.00407,4.92,3.52
0.00408,4.88,3.56
0.00409,4.92,3.56
0.0041,4.92,3.56
0.00411,4.88,3.56
0.00412,4.88,3.56
0.00413,4.92,3.56
0.00414,4.92,3.56
0.00415,4.88,3.56
0.00416,4.92,3.56
0.00417,4.92,3.6
0.00418,4.92,3.56
0.00419,4.92,3.56
0.0042,4.92,3.6
0.00421,4.92,3.6
0.00422,4.92,3.6
0.00423,4.92,3.6
0.00424,4.92,3.6
0.00425,4.92,3.6
0.00426,4.92,3.6
0.00427,4.92,3.6
0.00428,4.92,3.64
0.00429,4.92,3.6
0.0043,4.88,3.64
0.00431,4.92,3.64
0.00432,4.88,3.68
0.00433,4.88,3.64
0.00434,4.92,3.64
0.00435,4.92,3.64
0.00436,4.92,3.68
0.00437,4.92,3.68
0.00438,4.92,3.68
0.00439,4.92,3.64
0.0044,4.92,3.64
0.00441,4.92,3.68
0.00442,4.92,3.68
0.00443,4.92,3.68
0.00444,4.92,3.72
0.00445,4.92,3.68
0.00446,4.92,3.68
0.00447,4.88,3.72
0.00448,4.92,3.72
0.00449,4.92,3.72
0.0045,4.88,3.72
0.00451,4.88,3.72
0.00452,4.92,3.72
0.00453,4.92,3.72
0.00454,4.92,3.76
0.00455,4.88,3.72
0.00456,4.92,3.72
0.00457,4.92,3.76
0.00458,4.88,3.72
0.00459,4.92,3.76
0.0046,4.92,3.76
0.00461,4.92,3.76
0.00462,4.92,3.76
0.00463,4.92,3.76
0.00464,4.88,3.76
0.00465,4.92,3.8
0.00466,4.92,3.76
0.00467,4.92,3.8
0.00468,4.92,3.8
0.00469,4.88,3.8
0.0047,4.88,3.8
0.00471,4.92,3.8
0.00472,4.92,3.8
0.00473,4.92,3.8
0.00474,4.92,3.8
0.00475,4.92,3.8
0.00476,4.92,3.84
0.00477,4.92,3.84
0.00478,4.92,3.84
0.00479,4.92,3.8
0.0048,4.92,3.84
0.00481,4.92,3.84
0.00482,4.92,3.84
0.00483,4.88,3.88
0.00484,4.88,3.84
0.00485,4.92,3.84
0.00486,4.92,3.88
0.00487,4.92,3.88
0.00488,4.92,3.92
0.00489,4.92,3.88
0.0049,4.92,3.88
0.00491,4.88,3.88
0.00492,4.92,3.92
0.00493,4.88,3.88
0.00494,4.92,3.88
0.00495,4.88,3.88
0.00496,4.92,3.92
0.00497,4.88,3.92
0.00498,4.92,3.92
0.00499,4.92,3.92
0.005,4.92,3.92
0.00501,4.92,3.92
0.00502,4.92,3.92
0.00503,4.92,3.92
0.00504,4.92,3.92
0.00505,4.92,3.96
0.00506,4.92,3.96
0.00507,4.92,3.96
0.00508,4.92,3.96
0.00509,4.92,3.96
0.0051,4.92,3.96
0.00511,4.92,3.92
0.00512,4.92,3.96
0.00513,4.92,3.96
0.00514,4.92,3.96
0.00515,4.92,3.96
0.00516,4.92,3.96
0.00517,4.92,3.96
0.00518,4.92,3.96
0.00519,4.92,3.96
0.0052,4.92,3.96
0.00521,4.92,4
0.00522,4.92,3.96
0.00523,4.92,4
0.00524,4.92,4
0.00525,4.92,4
0.00526,4.88,4
0.00527,4.92,4
0.00528,4.92,4
0.00529,4.92,4
0.0053,4.92,4
0.00531,4.92,4
0.00532,4.92,4
0.00533,4.92,4.04
0.00534,4.92,4.04
0.00535,4.92,4
0.00536,4.92,4.04
0.00537,4.92,4
0.00538,4.92,4.04
0.00539,4.92,4.04
0.0054,4.92,4.04
0.00541,4.92,4.04
0.00542,4.92,4.04
0.00543,4.92,4.04
0.00544,4.92,4.04
0.00545,4.92,4.04
0.00546,4.92,4.08
0.00547,4.92,4.04
0.00548,4.92,4.08
0.00549,4.92,4.08
0.0055,4.92,4.08
0.00551,4.88,4.08
0.00552,4.92,4.08
0.00553,4.92,4.08
0.00554,4.92,4.08
0.00555,4.92,4.08
0.00556,4.92,4.08
0.00557,4.92,4.08
0.00558,4.88,4.08
0.00559,4.92,4.08
0.0056,4.92,4.08
0.00561,4.92,4.08
0.00562,4.92,4.12
0.00563,4.92,4.08
0.00564,4.92,4.12
0.00565,4.92,4.12
0.00566,4.92,4.12
0.00567,4.92,4.12
0.00568,4.92,4.12
0.00569,4.92,4.12
0.0057,4.92,4.12
0.00571,4.92,4.12
0.00572,4.92,4.12
0.00573,4.92,4.16
0.00574,4.92,4.16
0.00575,4.92,4.12
0.00576,4.92,4.12
0.00577,4.92,4.16
0.00578,4.92,4.16
0.00579,4.92,4.16
0.0058,4.92,4.16
0.00581,4.92,4.16
0.00582,4.92,4.16
0.00583,4.92,4.16
0.00584,4.92,4.16
0.00585,4.92,4.16
0.00586,4.92,4.16
0.00587,4.92,4.16
0.00588,4.92,4.16
0.00589,4.92,4.16
0.0059,4.92,4.16
0.00591,4.92,4.2
0.00592,4.92,4.2
0.00593,4.92,4.2
0.00594,4.92,4.2
0.00595,4.92,4.2
0.00596,4.92,4.2
0.00597,4.92,4.2
0.00598,4.92,4.2
0.00599,4.92,4.2
0.006,4.92,4.2
0.00601,4.88,4.2
0.00602,4.92,4.2
0.00603,4.92,4.2
0.00604,4.92,4.2
0.00605,4.92,4.2
0.00606,4.92,4.2
0.00607,4.92,4.2
0.00608,4.92,4.24
0.00609,4.92,4.24
0.0061,4.92,4.24
0.00611,4.92,4.24
0.00612,4.92,4.24
0.00613,4.92,4.24
0.00614,4.92,4.24
0.00615,4.92,4.24
0.00616,4.92,4.24
0.00617,4.92,4.24
0.00618,4.92,4.24
0.00619,4.92,4.24
0.0062,4.92,4.28
0.00621,4.92,4.24
0.00622,4.92,4.24
0.00623,4.88,4.28
0.00624,4.92,4.28
0.00625,4.92,4.28
0.00626,4.92,4.28
0.00627,4.92,4.28
0.00628,4.92,4.24
0.00629,4.88,4.28
0.0063,4.92,4.28
0.00631,4.92,4.28
0.00632,4.92,4.24
0.00633,4.92,4.28
0.00634,4.92,4.28
0.00635,4.92,4.28
0.00636,4.92,4.28
0.00637,4.92,4.28
0.00638,4.92,4.28
0.00639,4.92,4.28
0.0064,4.92,4.28
0.00641,4.92,4.32
0.00642,4.92,4.28
0.00643,4.92,4.28
0.00644,4.92,4.32
0.00645,4.92,4.32
0.00646,4.92,4.32
0.00647,4.92,4.32
0.00648,4.92,4.28
0.00649,4.92,4.32
0.0065,4.92,4.32
0.00651,4.88,4.32
0.00652,4.92,4.32
0.00653,4.92,4.32
0.00654,4.92,4.32
0.00655,4.92,4.32
0.00656,4.92,4.32
0.00657,4.92,4.32
0.00658,4.92,4.32
0.00659,4.92,4.32
0.0066,4.92,4.32
0.00661,4.92,4.32
0.00662,4.92,4.32
0.00663,4.92,4.32
0.00664,4.92,4.36
0.00665,4.92,4.32
0.00666,4.92,4.32
0.00667,4.92,4.32
0.00668,4.92,4.36
0.00669,4.92,4.36
0.0067,4.92,4.36
0.00671,4.92,4.36
0.00672,4.92,4.36
0.00673,4.92,4.36
0.00674,4.92,4.36
0.00675,4.92,4.36
0.00676,4.88,4.36
0.00677,4.92,4.36
0.00678,4.92,4.36
0.00679,4.92,4.36
0.0068,4.92,4.4
0.00681,4.92,4.36
0.00682,4.92,4.36
0.00683,4.92,4.4
0.00684,4.92,4.36
0.00685,4.92,4.36
0.00686,4.92,4.36
0.00687,4.92,4.36
0.00688,4.92,4.36
0.00689,4.92,4.4
0.0069,4.92,4.36
0.00691,4.92,4.36
0.00692,4.92,4.36
0.00693,4.92,4.4
0.00694,4.92,4.4
0.00695,4.92,4.4
0.00696,4.92,4.4
0.00697,4.92,4.4
0.00698,4.92,4.4
0.00699,4.92,4.4
0.007,4.92,4.4
0.00701,4.92,4.4
0.00702,4.92,4.4
0.00703,4.92,4.4
0.00704,4.92,4.4
0.00705,4.92,4.4
0.00706,4.92,4.4
0.00707,4.92,4.44
0.00708,4.92,4.4
0.00709,4.92,4.4
0.0071,4.92,4.4
0.00711,4.92,4.4
0.00712,4.92,4.4
0.00713,4.92,4.44
0.00714,4.92,4.4
0.00715,4.92,4.4
0.00716,4.92,4.44
0.00717,4.92,4.44
0.00718,4.92,4.4
0.00719,4.92,4.44
0.0072,4.92,4.44
0.00721,4.92,4.4
0.00722,4.88,4.44
0.00723,4.92,4.4
0.00724,4.92,4.44
0.00725,4.92,4.44
0.00726,4.92,4.4
0.00727,4.92,4.44
0.00728,4.92,4.44
0.00729,4.92,4.44
0.0073,4.92,4.44
0.00731,4.92,4.44
0.00732,4.92,4.44
0.00733,4.92,4.44
0.00734,4.92,4.44
0.00735,4.92,4.44
0.00736,4.92,4.44
0.00737,4.92,4.44
0.00738,4.92,4.44
0.00739,4.92,4.44
0.0074,4.92,4.48
0.00741,4.92,4.44
0.00742,4.92,4.48
0.00743,4.92,4.48
0.00744,4.92,4.44
0.00745,4.92,4.44
0.00746,4.92,4.48
0.00747,4.92,4.48
0.00748,4.92,4.48
0.00749,4.92,4.44
0.0075,4.92,4.48
0.00751,4.92,4.48
0.00752,4.92,4.48
0.00753,4.92,4.48
0.00754,4.92,4.48
0.00755,4.92,4.48
0.00756,4.92,4.48
0.00757,4.92,4.48
0.00758,4.92,4.48
0.00759,4.92,4.48
0.0076,4.92,4.48
0.00761,4.92,4.48
0.00762,4.92,4.48
0.00763,4.92,4.48
0.00764,4.92,4.48
0.00765,4.92,4.52
0.00766,4.92,4.48
0.00767,4.92,4.48
0.00768,4.92,4.48
0.00769,4.92,4.52
0.0077,4.92,4.48
0.00771,4.92,4.48
0.00772,4.92,4.52
0.00773,4.92,4.48
0.00774,4.92,4.52
0.00775,4.92,4.48
0.00776,4.92,4.52
0.00777,4.92,4.48
0.00778,4.92,4.52
0.00779,4.92,4.56
0.0078,4.92,4.56
0.00781,4.92,4.52
0.00782,4.92,4.52
0.00783,4.92,4.52
0.00784,4.92,4.52
0.00785,4.92,4.52
0.00786,4.92,4.52
0.00787,4.92,4.52
0.00788,4.92,4.52
0.00789,4.92,4.52
0.0079,4.92,4.56
0.00791,4.92,4.52
0.00792,4.92,4.52
0.00793,4.92,4.52
0.00794,4.92,4.52
0.00795,4.92,4.56
0.00796,4.92,4.56
0.00797,4.92,4.52
0.00798,4.92,4.52
0.00799,4.92,4.56
0.008,4.92,4.56
0.00801,4.92,4.56
0.00802,4.92,4.56
0.00803,4.92,4.56
0.00804,4.92,4.56
0.00805,4.92,4.56
0.00806,4.92,4.56
0.00807,4.92,4.56
0.00808,4.92,4.56
0.00809,4.92,4.56
0.0081,4.92,4.56
0.00811,4.92,4.56
0.00812,4.92,4.56
0.00813,4.92,4.56
0.00814,4.92,4.56
0.00815,4.92,4.56
0.00816,4.92,4.56
0.00817,4.92,4.6
0.00818,4.92,4.56
0.00819,4.92,4.56
0.0082,4.92,4.6
0.00821,4.92,4.56
0.00822,4.92,4.6
0.00823,4.92,4.6
0.00824,4.92,4.56
0.00825,4.92,4.56
0.00826,4.92,4.6
0.00827,4.92,4.6
0.00828,4.92,4.6
0.00829,4.92,4.56
0.0083,4.92,4.6
0.00831,4.92,4.6
0.00832,4.92,4.6
0.00833,4.92,4.6
0.00834,4.92,4.6
0.00835,4.92,4.6
0.00836,4.92,4.6
0.00837,4.92,4.6
0.00838,4.92,4.6
0.00839,4.92,4.6
0.0084,4.92,4.64
0.00841,4.92,4.6
0.00842,4.92,4.6
0.00843,4.88,4.6
0.00844,4.92,4.6
0.00845,4.92,4.6
0.00846,4.92,4.64
0.00847,4.92,4.64
0.00848,4.92,4.6
0.00849,4.92,4.6
0.0085,4.92,4.6
0.00851,4.92,4.6
0.00852,4.92,4.64
0.00853,4.92,4.6
0.00854,4.92,4.64
0.00855,4.92,4.64
0.00856,4.92,4.6
0.00857,4.92,4.64
0.00858,4.92,4.6
0.00859,4.92,4.6
0.0086,4.92,4.64
0.00861,4.92,4.64
0.00862,4.92,4.6
0.00863,4.92,4.64
0.00864,4.92,4.6
0.00865,4.92,4.64
0.00866,4.92,4.6
0.00867,4.92,4.64
0.00868,4.92,4.64
0.00869,4.92,4.64
0.0087,4.92,4.64
0.00871,4.92,4.64
0.00872,4.92,4.64
0.00873,4.92,4.64
0.00874,4.92,4.64
0.00875,4.92,4.64
0.00876,4.92,4.64
0.00877,4.92,4.64
0.00878,4.92,4.64
0.00879,4.92,4.64
0.0088,4.92,4.64
0.00881,4.92,4.64
0.00882,4.92,4.64
0.00883,4.92,4.64
0.00884,4.92,4.64
0.00885,4.92,4.64
0.00886,4.92,4.64
0.00887,4.92,4.64
0.00888,4.92,4.64
0.00889,4.92,4.68
0.0089,4.92,4.64
0.00891,4.92,4.64
0.00892,4.92,4.64
0.00893,4.92,4.68
0.00894,4.92,4.64
0.00895,4.92,4.64
0.00896,4.92,4.64
0.00897,4.92,4.68
0.00898,4.92,4.64
0.00899,4.92,4.68
0.009,4.92,4.68
0.00901,4.92,4.68
0.00902,4.92,4.68
0.00903,4.92,4.64
0.00904,4.92,4.64
0.00905,4.92,4.68
0.00906,4.92,4.64
0.00907,4.92,4.68
0.00908,4.88,4.68
0.00909,4.92,4.68
0.0091,4.92,4.68
0.00911,4.92,4.68
0.00912,4.92,4.64
0.00913,4.92,4.68
0.00914,4.92,4.68
0.00915,4.92,4.68
0.00916,4.92,4.68
0.00917,4.92,4.68
0.00918,4.92,4.68
0.00919,4.92,4.68
0.0092,4.92,4.68
0.00921,4.92,4.68
0.00922,4.96,4.68
0.00923,4.92,4.68
0.00924,4.92,4.68
0.00925,4.92,4.68
0.00926,4.92,4.68
0.00927,4.92,4.68
0.00928,4.92,4.68
0.00929,4.92,4.68
0.0093,4.92,4.68
0.00931,4.92,4.68
0.00932,4.92,4.68
0.00933,4.92,4.68
0.00934,4.92,4.68
0.00935,4.92,4.68
0.00936,4.92,4.68
0.00937,4.92,4.72
0.00938,4.92,4.68
0.00939,4.92,4.72
0.0094,4.92,4.68
0.00941,4.92,4.68
0.00942,4.92,4.68
0.00943,4.92,4.68
0.00944,4.92,4.68
0.00945,4.92,4.68
0.00946,4.92,4.72
0.00947,4.92,4.68
0.00948,4.92,4.68
0.00949,4.92,4.68
0.0095,4.92,4.68
0.00951,4.92,4.68
0.00952,4.92,4.72
0.00953,4.92,4.68
0.00954,4.92,4.72
0.00955,4.88,4.68
0.00956,4.92,4.68
0.00957,4.92,4.68
0.00958,4.92,4.72
0.00959,4.92,4.72
0.0096,4.92,4.72
0.00961,4.92,4.72
0.00962,4.92,4.68
0.00963,4.92,4.72
0.00964,4.92,4.72
0.00965,4.92,4.72
0.00966,4.92,4.72
0.00967,4.92,4.68
0.00968,4.92,4.72
0.00969,4.92,4.72
0.0097,4.92,4.72
0.00971,4.92,4.72
0.00972,4.92,4.72
0.00973,4.92,4.72
0.00974,4.92,4.72
0.00975,4.92,4.72
0.00976,4.92,4.72
0.00977,4.92,4.72
0.00978,4.92,4.72
0.00979,4.92,4.72
0.0098,4.92,4.72
0.00981,4.92,4.72
0.00982,4.92,4.72
0.00983,4.92,4.72
0.00984,4.92,4.72
0.00985,4.92,4.72
0.00986,4.92,4.72
0.00987,4.92,4.72
0.00988,4.92,4.72
0.00989,4.92,4.72
0.0099,4.92,4.72
0.00991,4.92,4.76
0.00992,4.92,4.76
0.00993,4.92,4.72
0.00994,4.92,4.76
0.00995,4.92,4.72
0.00996,4.92,4.72
0.00997,4.92,4.76
0.00998,4.92,4.76
0.00999,4.96,4.72
0.01,4.92,4.72
0.01001,4.92,4.72
0.01002,4.92,4.76
0.01003,4.92,4.76
0.01004,4.92,4.76
0.01005,4.92,4.72
0.01006,4.92,4.72
0.01007,4.92,4.72
0.01008,4.92,4.72
0.01009,4.92,4.76
0.0101,4.92,4.72
0.01011,4.92,4.76
0.01012,4.92,4.76
0.01013,4.92,4.72
0.01014,4.92,4.76
0.01015,4.92,4.72
0.01016,4.92,4.72
0.01017,4.92,4.72
0.01018,4.92,4.76
0.01019,4.92,4.72
0.0102,4.92,4.76
0.01021,4.92,4.76
0.01022,4.92,4.76
0.01023,4.92,4.72
0.01024,4.92,4.72
0.01025,4.92,4.76
0.01026,4.92,4.76
0.01027,4.92,4.72
0.01028,4.92,4.72
0.01029,4.92,4.76
0.0103,4.92,4.76
0.01031,4.92,4.72
0.01032,4.92,4.76
0.01033,4.92,4.76
0.01034,4.92,4.76
0.01035,4.92,4.76
0.01036,4.92,4.76
0.01037,4.92,4.76
0.01038,4.92,4.76
0.01039,4.92,4.76
0.0104,4.92,4.76
0.01041,4.92,4.76
0.01042,4.92,4.76
0.01043,4.92,4.76
0.01044,4.92,4.76
0.01045,4.92,4.76
0.01046,4.92,4.76
0.01047,4.92,4.76
0.01048,4.92,4.76
0.01049,4.92,4.76
0.0105,4.92,4.76
0.01051,4.92,4.76
0.01052,4.92,4.76
0.01053,4.92,4.76
0.01054,4.92,4.76
0.01055,4.92,4.76
0.01056,4.92,4.76
0.01057,4.92,4.76
0.01058,4.92,4.76
0.01059,4.92,4.76
0.0106,4.92,4.76
0.01061,4.92,4.76
0.01062,4.92,4.76
0.01063,4.92,4.76
0.01064,4.92,4.76
0.01065,4.92,4.76
0.01066,4.92,4.76
0.01067,4.92,4.76
0.01068,4.92,4.76
0.01069,4.92,4.76
0.0107,4.92,4.76
0.01071,4.92,4.76
0.01072,4.92,4.76
0.01073,4.92,4.76
0.01074,4.92,4.76
0.01075,4.92,4.76
0.01076,4.92,4.76
0.01077,4.92,4.76
0.01078,4.92,4.76
0.01079,4.92,4.8
0.0108,4.92,4.76
0.01081,4.92,4.76
0.01082,4.92,4.76
0.01083,4.92,4.76
0.01084,4.92,4.76
0.01085,4.92,4.76
0.01086,4.92,4.76
0.01087,4.92,4.76
0.01088,4.92,4.76
0.01089,4.92,4.76
0.0109,4.92,4.8
0.01091,4.92,4.76
0.01092,4.92,4.76
0.01093,4.92,4.76
0.01094,4.92,4.8
0.01095,4.92,4.76
0.01096,4.92,4.76
0.01097,4.92,4.8
0.01098,4.92,4.76
0.01099,4.92,4.76
0.011,4.92,4.76
0.01101,4.92,4.76
0.01102,4.92,4.76
0.01103,4.92,4.76
0.01104,4.92,4.8
0.01105,4.92,4.76
0.01106,4.92,4.76
0.01107,4.92,4.76
0.01108,4.92,4.76
0.01109,4.92,4.76
0.0111,4.92,4.76
0.01111,4.92,4.76
0.01112,4.92,4.76
0.01113,4.92,4.8
0.01114,4.92,4.76
0.01115,4.92,4.76
0.01116,4.92,4.8
0.01117,4.92,4.8
0.01118,4.92,4.8
0.01119,4.92,4.76
0.0112,4.92,4.76
0.01121,4.92,4.76
0.01122,4.92,4.8
0.01123,4.92,4.8
0.01124,4.92,4.8
0.01125,4.92,4.76
0.01126,4.92,4.8
0.01127,4.92,4.8
0.01128,4.92,4.76
0.01129,4.92,4.8
0.0113,4.92,4.8
0.01131,4.92,4.8
0.01132,4.92,4.8
0.01133,4.92,4.8
0.01134,4.92,4.8
0.01135,4.92,4.8
0.01136,4.92,4.76
0.01137,4.92,4.8
0.01138,4.92,4.8
0.01139,4.92,4.8
0.0114,4.92,4.8
0.01141,4.92,4.8
0.01142,4.92,4.8
0.01143,4.92,4.8
0.01144,4.92,4.8
0.01145,4.92,4.8
0.01146,4.92,4.8
0.01147,4.92,4.8
0.01148,4.92,4.76
0.01149,4.92,4.8
0.0115,4.92,4.8
0.01151,4.92,4.8
0.01152,4.92,4.8
0.01153,4.92,4.8
0.01154,4.92,4.8
0.01155,4.92,4.8
0.01156,4.92,4.8
0.01157,4.92,4.8
0.01158,4.92,4.8
0.01159,4.92,4.8
0.0116,4.92,4.8
0.01161,4.92,4.8
0.01162,4.92,4.8
0.01163,4.92,4.8
0.01164,4.92,4.8
0.01165,4.92,4.8
0.01166,4.92,4.8
0.01167,4.92,4.8
0.01168,4.92,4.8
0.01169,4.92,4.8
0.0117,4.92,4.8
0.01171,4.92,4.84
0.01172,4.92,4.8
0.01173,4.92,4.8
0.01174,4.92,4.8
0.01175,4.92,4.8
0.01176,4.92,4.84
0.01177,4.92,4.8
0.01178,4.92,4.8
0.01179,4.92,4.8
0.0118,4.92,4.8
0.01181,4.92,4.8
0.01182,4.92,4.8
0.01183,4.92,4.8
0.01184,4.92,4.8
0.01185,4.92,4.8
0.01186,4.92,4.8
0.01187,4.92,4.8
0.01188,4.92,4.8
0.01189,4.92,4.8
0.0119,4.92,4.8
0.01191,4.92,4.84
0.01192,4.92,4.8
0.01193,4.92,4.8
0.01194,4.92,4.8
0.01195,4.92,4.8
0.01196,4.92,4.8
0.01197,4.92,4.84
0.01198,4.92,4.8
0.01199,4.92,4.8
0.012,4.92,4.8
0.01201,4.92,4.8
0.01202,4.92,4.8
0.01203,4.92,4.8
0.01204,4.92,4.8
0.01205,4.92,4.8
0.01206,4.92,4.8
0.01207,4.92,4.8
0.01208,4.92,4.8
0.01209,4.92,4.8
0.0121,4.92,4.8
0.01211,4.92,4.8
0.01212,4.92,4.8
0.01213,4.92,4.84
0.01214,4.92,4.8
0.01215,4.92,4.8
0.01216,4.92,4.8
0.01217,4.92,4.84
0.01218,4.92,4.8
0.01219,4.92,4.8
0.0122,4.92,4.8
0.01221,4.92,4.84
0.01222,4.92,4.8
0.01223,4.92,4.84
0.01224,4.92,4.8
0.01225,4.92,4.84
0.01226,4.92,4.8
0.01227,4.92,4.84
0.01228,4.92,4.84
0.01229,4.92,4.84
0.0123,4.92,4.8
0.01231,4.92,4.8
0.01232,4.92,4.8
0.01233,4.92,4.84
0.01234,4.92,4.84
0.01235,4.92,4.84
0.01236,4.92,4.84
0.01237,4.92,4.84
0.01238,4.92,4.84
0.01239,4.92,4.84
0.0124,4.92,4.84
0.01241,4.92,4.84
0.01242,4.92,4.84
0.01243,4.92,4.84
0.01244,4.92,4.8
0.01245,4.92,4.84
0.01246,4.92,4.84
0.01247,4.92,4.84
0.01248,4.92,4.8
0.01249,4.92,4.84
0.0125,4.92,4.8
0.01251,4.92,4.8
0.01252,4.92,4.84
0.01253,4.92,4.84
0.01254,4.92,4.8
0.01255,4.92,4.84
0.01256,4.92,4.84
0.01257,4.92,4.84
0.01258,4.92,4.84
0.01259,4.92,4.84
0.0126,4.92,4.84
0.01261,4.92,4.8
0.01262,4.92,4.84
0.01263,4.92,4.84
0.01264,4.92,4.84
0.01265,4.92,4.84
0.01266,4.92,4.84
0.01267,4.92,4.84
0.01268,4.92,4.84
0.01269,4.92,4.84
0.0127,4.92,4.84
0.01271,4.92,4.84
0.01272,4.92,4.8
0.01273,4.92,4.84
0.01274,4.92,4.84
0.01275,4.92,4.84
0.01276,4.92,4.8
0.01277,4.92,4.8
0.01278,4.92,4.84
0.01279,4.92,4.84
0.0128,4.92,4.84
0.01281,4.92,4.8
0.01282,4.92,4.84
0.01283,4.92,4.84
0.01284,4.92,4.84
0.01285,4.92,4.84
0.01286,4.92,4.84
0.01287,4.92,4.84
0.01288,4.92,4.84
0.01289,4.92,4.84
0.0129,4.92,4.84
0.01291,4.92,4.84
0.01292,4.92,4.84
0.01293,4.92,4.84
0.01294,4.92,4.84
0.01295,4.92,4.84
0.01296,4.92,4.84
0.01297,4.92,4.84
0.01298,4.92,4.84
0.01299,4.92,4.84
0.013,4.92,4.84
0.01301,4.92,4.84
0.01302,4.92,4.84
0.01303,4.92,4.84
0.01304,4.92,4.84
0.01305,4.92,4.84
0.01306,4.92,4.84
0.01307,4.92,4.84
0.01308,4.92,4.84
0.01309,4.92,4.84
0.0131,4.92,4.84
0.01311,4.92,4.84
0.01312,4.92,4.88
0.01313,4.92,4.84
0.01314,4.92,4.84
0.01315,4.92,4.84
0.01316,4.92,4.84
0.01317,4.92,4.84
0.01318,4.92,4.84
0.01319,4.92,4.84
0.0132,4.92,4.84
0.01321,4.92,4.84
0.01322,4.92,4.84
0.01323,4.92,4.84
0.01324,4.92,4.84
0.01325,4.92,4.84
0.01326,4.92,4.84
0.01327,4.92,4.84
0.01328,4.92,4.84
0.01329,4.92,4.84
0.0133,4.92,4.84
0.01331,4.92,4.84
0.01332,4.92,4.84
0.01333,4.92,4.84
0.01334,4.92,4.88
0.01335,4.92,4.84
0.01336,4.92,4.84
0.01337,4.92,4.84
0.01338,4.92,4.84
0.01339,4.92,4.84
0.0134,4.92,4.84
0.01341,4.92,4.84
0.01342,4.92,4.84
0.01343,4.92,4.88
0.01344,4.92,4.84
0.01345,4.92,4.84
0.01346,4.92,4.84
0.01347,4.96,4.84
0.01348,4.92,4.84
0.01349,4.92,4.84
0.0135,4.92,4.84
0.01351,4.92,4.84
0.01352,4.92,4.84
0.01353,4.92,4.84
0.01354,4.92,4.84
0.01355,4.92,4.84
0.01356,4.92,4.84
0.01357,4.92,4.84
0.01358,4.92,4.88
0.01359,4.92,4.84
0.0136,4.92,4.84
0.01361,4.92,4.84
0.01362,4.92,4.88
0.01363,4.92,4.84
0.01364,4.92,4.84
0.01365,4.92,4.84
0.01366,4.92,4.84
0.01367,4.92,4.88
0.01368,4.92,4.84
0.01369,4.92,4.88
0.0137,4.92,4.84
0.01371,4.92,4.84
0.01372,4.92,4.84
0.01373,4.92,4.88
0.01374,4.92,4.84
0.01375,4.92,4.88
0.01376,4.92,4.84
0.01377,4.92,4.88
0.01378,4.92,4.88
0.01379,4.92,4.84
0.0138,4.92,4.88
0.01381,4.92,4.88
0.01382,4.92,4.88
0.01383,4.92,4.84
0.01384,4.92,4.84
0.01385,4.92,4.84
0.01386,4.92,4.84
0.01387,4.92,4.84
0.01388,4.92,4.84
0.01389,4.92,4.84
0.0139,4.92,4.84
0.01391,4.92,4.84
0.01392,4.92,4.84
0.01393,4.92,4.84
0.01394,4.92,4.84
0.01395,4.92,4.88
0.01396,4.92,4.84
0.01397,4.92,4.88
0.01398,4.92,4.88
0.01399,4.92,4.84
0.014,4.92,4.84
0.01401,4.92,4.84
0.01402,4.92,4.88
0.01403,4.92,4.88
0.01404,4.92,4.84
0.01405,4.92,4.88
0.01406,4.92,4.88
0.01407,4.92,4.88
0.01408,4.92,4.88
0.01409,4.92,4.84
0.0141,4.92,4.84
0.01411,4.92,4.84
0.01412,4.92,4.84
0.01413,4.92,4.88
0.01414,4.92,4.84
0.01415,4.92,4.84
0.01416,4.92,4.88
0.01417,4.92,4.88
0.01418,4.92,4.88
0.01419,4.92,4.84
0.0142,4.92,4.84
0.01421,4.92,4.84
0.01422,4.92,4.88
0.01423,4.92,4.84
0.01424,4.92,4.84
0.01425,4.92,4.88
0.01426,4.92,4.88
0.01427,4.92,4.88
0.01428,4.92,4.84
0.01429,4.92,4.88
0.0143,4.92,4.88
0.01431,4.92,4.88
0.01432,4.92,4.88
0.01433,4.92,4.84
0.01434,4.92,4.88
0.01435,4.92,4.88
0.01436,4.92,4.88
0.01437,4.92,4.88
0.01438,4.92,4.84
0.01439,4.92,4.88
0.0144,4.92,4.88
0.01441,4.92,4.84
0.01442,4.92,4.88
0.01443,4.92,4.88
0.01444,4.92,4.84
0.01445,4.92,4.88
0.01446,4.92,4.88
0.01447,4.92,4.84
0.01448,4.92,4.84
0.01449,4.92,4.88
0.0145,4.92,4.88
0.01451,4.92,4.88
0.01452,4.92,4.84
0.01453,4.92,4.88
0.01454,4.92,4.88
0.01455,4.92,4.88
0.01456,4.92,4.88
0.01457,4.92,4.84
0.01458,4.92,4.88
0.01459,4.92,4.88
0.0146,4.92,4.84
0.01461,4.92,4.88
0.01462,4.92,4.88
0.01463,4.92,4.88
0.01464,4.92,4.88
0.01465,4.92,4.88
0.01466,4.92,4.88
0.01467,4.92,4.88
0.01468,4.92,4.88
0.01469,4.92,4.88
0.0147,4.92,4.88
0.01471,4.92,4.88
0.01472,4.92,4.88
0.01473,4.92,4.88
0.01474,4.92,4.88
0.01475,4.92,4.88
0.01476,4.92,4.88
0.01477,4.92,4.88
0.01478,4.92,4.88
0.01479,4.92,4.88
0.0148,4.92,4.88
0.01481,4.92,4.88
0.01482,4.92,4.88
0.01483,4.92,4.88
0.01484,4.92,4.88
0.01485,4.92,4.88
0.01486,4.92,4.88
0.01487,4.92,4.88
0.01488,4.92,4.88
0.01489,4.92,4.88
0.0149,4.92,4.88
0.01491,4.92,4.84
0.01492,4.92,4.88
0.01493,4.92,4.88
0.01494,4.92,4.88
0.01495,4.92,4.88
0.01496,4.92,4.88
0.01497,4.92,4.88
0.01498,4.92,4.88
0.01499,4.92,4.88
0.015,4.92,4.88
0.01501,4.96,4.88
0.01502,4.92,4.88
0.01503,4.92,4.88
0.01504,4.92,4.88
0.01505,4.92,4.88
0.01506,4.92,4.88
0.01507,4.92,4.88
0.01508,4.92,4.88
0.01509,4.92,4.88
0.0151,4.92,4.88
0.01511,4.92,4.88
0.01512,4.92,4.88
0.01513,4.92,4.88
0.01514,4.92,4.88
0.01515,4.92,4.88
0.01516,4.92,4.88
0.01517,4.92,4.88
0.01518,4.92,4.88
0.01519,4.92,4.88
0.0152,4.92,4.88
0.01521,4.92,4.88
0.01522,4.92,4.88
0.01523,4.92,4.88
0.01524,4.92,4.88
0.01525,4.92,4.88
0.01526,4.92,4.88
0.01527,4.92,4.88
0.01528,4.92,4.88
0.01529,4.92,4.88
0.0153,4.92,4.88
0.01531,4.92,4.88
0.01532,4.92,4.88
0.01533,4.92,4.88
0.01534,4.92,4.88
0.01535,4.92,4.88
0.01536,4.92,4.88
0.01537,4.92,4.88
0.01538,4.92,4.88
0.01539,4.92,4.88
0.0154,4.92,4.88
0.01541,4.92,4.88
0.01542,4.92,4.88
0.01543,4.92,4.88
0.01544,4.92,4.88
0.01545,4.92,4.88
0.01546,4.92,4.88
0.01547,4.92,4.88
0.01548,4.92,4.88
0.01549,4.92,4.88
0.0155,4.92,4.88
0.01551,4.92,4.88
0.01552,4.92,4.88
0.01553,4.92,4.88
0.01554,4.92,4.88
0.01555,4.92,4.88
0.01556,4.92,4.88
0.01557,4.92,4.92
0.01558,4.92,4.88
0.01559,4.92,4.88
0.0156,4.92,4.88
0.01561,4.92,4.88
0.01562,4.92,4.88
0.01563,4.92,4.88
0.01564,4.92,4.88
0.01565,4.92,4.88
0.01566,4.92,4.88
0.01567,4.92,4.88
0.01568,4.92,4.88
0.01569,4.92,4.88
0.0157,4.92,4.88
0.01571,4.92,4.88
0.01572,4.92,4.88
0.01573,4.92,4.88
0.01574,4.92,4.88
0.01575,4.92,4.88
0.01576,4.92,4.88
0.01577,4.92,4.88
0.01578,4.92,4.88
0.01579,4.92,4.88
0.0158,4.92,4.88
0.01581,4.92,4.88
0.01582,4.92,4.88
0.01583,4.92,4.88
0.01584,4.92,4.92
0.01585,4.92,4.88
0.01586,4.92,4.88
0.01587,4.92,4.88
0.01588,4.92,4.88
0.01589,4.92,4.88
0.0159,4.92,4.88
0.01591,4.92,4.88
0.01592,4.92,4.88
0.01593,4.92,4.88
0.01594,4.92,4.88
0.01595,4.92,4.88
0.01596,4.92,4.92
0.01597,4.92,4.92
0.01598,4.92,4.88
0.01599,4.92,4.88
0.016,4.92,4.88
0.01601,4.92,4.88
0.01602,4.92,4.88
0.01603,4.92,4.88
0.01604,4.92,4.88
0.01605,4.92,4.88
0.01606,4.92,4.88
0.01607,4.92,4.88
0.01608,4.92,4.88
0.01609,4.92,4.88
0.0161,4.92,4.88
0.01611,4.92,4.88
0.01612,4.92,4.88
0.01613,4.92,4.88
0.01614,4.92,4.88
0.01615,4.92,4.88
0.01616,4.92,4.88
0.01617,4.92,4.88
0.01618,4.92,4.92
0.01619,4.92,4.88
0.0162,4.92,4.88
0.01621,4.92,4.88
0.01622,4.92,4.88
0.01623,4.92,4.88
0.01624,4.92,4.92
0.01625,4.92,4.88
0.01626,4.92,4.88
0.01627,4.92,4.88
0.01628,4.92,4.88
0.01629,4.92,4.88
0.0163,4.92,4.88
0.01631,4.92,4.88
0.01632,4.92,4.88
0.01633,4.92,4.88
0.01634,4.92,4.88
0.01635,4.92,4.88
0.01636,4.92,4.88
0.01637,4.92,4.88
0.01638,4.92,4.92
0.01639,4.92,4.88
0.0164,4.92,4.92
0.01641,4.92,4.92
0.01642,4.92,4.88
0.01643,4.92,4.88
0.01644,4.92,4.88
0.01645,4.92,4.88
0.01646,4.92,4.92
0.01647,4.92,4.88
0.01648,4.92,4.88
0.01649,4.92,4.88
0.0165,4.92,4.88
0.01651,4.92,4.88
0.01652,4.92,4.88
0.01653,4.92,4.88
0.01654,4.92,4.88
0.01655,4.92,4.88
0.01656,4.92,4.88
0.01657,4.92,4.88
0.01658,4.92,4.88
0.01659,4.92,4.88
0.0166,4.92,4.88
0.01661,4.92,4.88
0.01662,4.92,4.88
0.01663,4.92,4.88
0.01664,4.92,4.88
0.01665,4.92,4.88
0.01666,4.92,4.88
0.01667,4.92,4.88
0.01668,4.92,4.88
0.01669,4.92,4.88
0.0167,4.92,4.88
0.01671,4.92,4.88
0.01672,4.92,4.88
0.01673,4.92,4.88
0.01674,4.92,4.88
0.01675,4.92,4.88
0.01676,4.92,4.88
0.01677,4.92,4.88
0.01678,4.92,4.88
0.01679,4.92,4.88
0.0168,4.92,4.88
0.01681,4.92,4.92
0.01682,4.92,4.88
0.01683,4.92,4.92
0.01684,4.92,4.88
0.01685,4.92,4.88
0.01686,4.92,4.88
0.01687,4.92,4.92
0.01688,4.92,4.88
0.01689,4.92,4.88
0.0169,4.92,4.88
0.01691,4.92,4.88
0.01692,4.92,4.92
0.01693,4.92,4.88
0.01694,4.92,4.88
0.01695,4.92,4.88
0.01696,4.92,4.88
0.01697,4.92,4.88
0.01698,4.92,4.88
0.01699,4.92,4.88
0.017,4.92,4.92
0.01701,4.92,4.92
0.01702,4.92,4.88
0.01703,4.92,4.88
0.01704,4.92,4.88
0.01705,4.92,4.92
0.01706,4.92,4.92
0.01707,4.92,4.88
0.01708,4.92,4.88
0.01709,4.92,4.92
0.0171,4.92,4.88
0.01711,4.92,4.92
0.01712,4.92,4.88
0.01713,4.92,4.88
0.01714,4.92,4.88
0.01715,4.92,4.88
0.01716,4.92,4.88
0.01717,4.92,4.88
0.01718,4.92,4.92
0.01719,4.92,4.88
0.0172,4.92,4.88
0.01721,4.92,4.88
0.01722,4.92,4.88
0.01723,4.92,4.88
0.01724,4.92,4.88
0.01725,4.92,4.92
0.01726,4.92,4.88
0.01727,4.92,4.88
0.01728,4.92,4.92
0.01729,4.92,4.92
0.0173,4.92,4.88
0.01731,4.92,4.88
0.01732,4.92,4.88
0.01733,4.92,4.88
0.01734,4.92,4.88
0.01735,4.92,4.88
0.01736,4.92,4.88
0.01737,4.92,4.92
0.01738,4.92,4.92
0.01739,4.92,4.88
0.0174,4.92,4.88
0.01741,4.92,4.88
0.01742,4.92,4.88
0.01743,4.92,4.88
0.01744,4.92,4.88
0.01745,4.92,4.88
0.01746,4.92,4.92
0.01747,4.92,4.92
0.01748,4.92,4.88
0.01749,4.92,4.88
0.0175,4.92,4.88
0.01751,4.92,4.88
0.01752,4.92,4.88
0.01753,4.92,4.88
0.01754,4.92,4.92
0.01755,4.92,4.88
0.01756,4.92,4.88
0.01757,4.92,4.88
0.01758,4.92,4.92
0.01759,4.92,4.88
0.0176,4.92,4.88
0.01761,4.92,4.92
0.01762,4.92,4.88
0.01763,4.92,4.88
0.01764,4.92,4.88
0.01765,4.92,4.92
0.01766,4.92,4.92
0.01767,4.92,4.92
0.01768,4.92,4.88
0.01769,4.92,4.88
0.0177,4.92,4.88
0.01771,4.92,4.92
0.01772,4.92,4.92
0.01773,4.92,4.92
0.01774,4.92,4.88
0.01775,4.92,4.92
0.01776,4.92,4.88
0.01777,4.92,4.88
0.01778,4.92,4.88
0.01779,4.92,4.88
0.0178,4.92,4.88
0.01781,4.92,4.88
0.01782,4.92,4.92
0.01783,4.92,4.92
0.01784,4.92,4.92
0.01785,4.92,4.92
0.01786,4.92,4.88
0.01787,4.92,4.88
0.01788,4.92,4.88
0.01789,4.92,4.88
0.0179,4.92,4.88
0.01791,4.92,4.88
0.01792,4.92,4.92
0.01793,4.92,4.88
0.01794,4.92,4.92
0.01795,4.92,4.88
0.01796,4.92,4.92
0.01797,4.92,4.88
0.01798,4.92,4.92
0.01799,4.92,4.92
0.018,4.92,4.88
0.01801,4.92,4.88
0.01802,4.92,4.88
0.01803,4.92,4.88
0.01804,4.92,4.92
0.01805,4.92,4.88
0.01806,4.92,4.88
0.01807,4.92,4.88
0.01808,4.92,4.92
0.01809,4.92,4.92
0.0181,4.92,4.88
0.01811,4.92,4.88
0.01812,4.92,4.88
0.01813,4.92,4.92
0.01814,4.92,4.88
0.01815,4.92,4.88
0.01816,4.92,4.92
0.01817,4.92,4.92
0.01818,4.92,4.92
0.01819,4.92,4.92
0.0182,4.92,4.88
0.01821,4.92,4.88
0.01822,4.92,4.92
0.01823,4.92,4.92
0.01824,4.92,4.92
0.01825,4.92,4.92
0.01826,4.92,4.88
0.01827,4.92,4.92
0.01828,4.92,4.92
0.01829,4.92,4.88
0.0183,4.92,4.88
0.01831,4.92,4.88
0.01832,4.92,4.92
0.01833,4.92,4.92
0.01834,4.92,4.92
0.01835,4.92,4.88
0.01836,4.92,4.88
0.01837,4.92,4.88
0.01838,4.92,4.88
0.01839,4.92,4.88
0.0184,4.92,4.88
0.01841,4.92,4.88
0.01842,4.92,4.92
0.01843,4.92,4.92
0.01844,4.92,4.92
0.01845,4.92,4.88
0.01846,4.92,4.92
0.01847,4.92,4.88
0.01848,4.92,4.88
0.01849,4.92,4.88
0.0185,4.92,4.88
0.01851,4.92,4.88
0.01852,4.92,4.88
0.01853,4.92,4.88
0.01854,4.92,4.92
0.01855,4.92,4.88
0.01856,4.92,4.88
0.01857,4.92,4.92
0.01858,4.92,4.88
0.01859,4.92,4.88
0.0186,4.92,4.92
0.01861,4.92,4.88
0.01862,4.92,4.88
0.01863,4.92,4.92
0.01864,4.92,4.92
0.01865,4.92,4.88
0.01866,4.92,4.88
0.01867,4.92,4.92
0.01868,4.92,4.92
0.01869,4.92,4.92
0.0187,4.92,4.88
0.01871,4.92,4.92
0.01872,4.92,4.88
0.01873,4.92,4.92
0.01874,4.92,4.92
0.01875,4.92,4.92
0.01876,4.92,4.92
0.01877,4.92,4.92
0.01878,4.92,4.88
0.01879,4.92,4.92
0.0188,4.92,4.92
0.01881,4.92,4.88
0.01882,4.92,4.88
0.01883,4.92,4.92
0.01884,4.92,4.92
0.01885,4.92,4.92
0.01886,4.92,4.92
0.01887,4.92,4.92
0.01888,4.92,4.92
0.01889,4.92,4.88
0.0189,4.92,4.88
0.01891,4.92,4.88
0.01892,4.92,4.88
0.01893,4.92,4.88
0.01894,4.92,4.92
0.01895,4.92,4.92
0.01896,4.92,4.88
0.01897,4.92,4.88
0.01898,4.92,4.92
0.01899,4.92,4.88
0.019,4.92,4.92
0.01901,4.92,4.88
0.01902,4.92,4.92
0.01903,4.92,4.88
0.01904,4.92,4.88
0.01905,4.92,4.88
0.01906,4.92,4.88
0.01907,4.92,4.92
0.01908,4.92,4.92
0.01909,4.92,4.92
0.0191,4.92,4.92
0.01911,4.92,4.92
0.01912,4.92,4.88
0.01913,4.92,4.92
0.01914,4.92,4.92
0.01915,4.92,4.92
0.01916,4.92,4.88
0.01917,4.92,4.92
0.01918,4.92,4.88
0.01919,4.92,4.92
0.0192,4.92,4.92
0.01921,4.92,4.92
0.01922,4.92,4.88
0.01923,4.92,4.88
0.01924,4.92,4.88
0.01925,4.92,4.88
0.01926,4.92,4.88
0.01927,4.92,4.92
0.01928,4.92,4.88
0.01929,4.92,4.92
0.0193,4.92,4.88
0.01931,4.92,4.92
0.01932,4.92,4.92
0.01933,4.92,4.88
0.01934,4.92,4.92
0.01935,4.92,4.92
0.01936,4.92,4.92
0.01937,4.92,4.88
0.01938,4.92,4.92
0.01939,4.92,4.92
0.0194,4.92,4.92
0.01941,4.92,4.92
0.01942,4.92,4.92
0.01943,4.92,4.92
0.01944,4.92,4.88
0.01945,4.92,4.92
0.01946,4.92,4.92
0.01947,4.92,4.92
0.01948,4.92,4.92
0.01949,4.92,4.92
0.0195,4.92,4.92
0.01951,4.92,4.92
0.01952,4.92,4.92
0.01953,4.92,4.92
0.01954,4.92,4.88
0.01955,4.92,4.92
0.01956,4.92,4.88
0.01957,4.92,4.92
0.01958,4.92,4.88
0.01959,4.92,4.92
0.0196,4.92,4.92
0.01961,4.92,4.92
0.01962,4.92,4.92
0.01963,4.92,4.92
0.01964,4.92,4.88
0.01965,4.92,4.92
0.01966,4.92,4.92
0.01967,4.92,4.88
0.01968,4.92,4.92
0.01969,4.92,4.88
0.0197,4.92,4.92
0.01971,4.92,4.92
0.01972,4.92,4.92
0.01973,4.92,4.92
0.01974,4.92,4.88
0.01975,4.92,4.92
0.01976,4.92,4.92
0.01977,4.92,4.88
0.01978,4.92,4.92
0.01979,4.92,4.88
0.0198,4.92,4.92
0.01981,4.92,4.92
0.01982,4.92,4.92
0.01983,4.92,4.92
0.01984,4.92,4.88
0.01985,4.92,4.92
0.01986,4.92,4.88
0.01987,4.92,4.92
0.01988,4.92,4.92
0.01989,4.92,4.92
0.0199,4.92,4.88
0.01991,4.92,4.92
0.01992,4.92,4.88
0.01993,4.92,4.92
0.01994,4.92,4.88
0.01995,4.92,4.92
0.01996,4.92,4.92
0.01997,4.92,4.92
0.01998,4.92,4.92
0.01999,4.92,4.88
0.02,4.92,4.88
0.02001,4.92,4.92
0.02002,4.92,4.92
0.02003,4.92,4.92
0.02004,4.92,4.92
0.02005,4.92,4.92
0.02006,4.92,4.92
0.02007,4.92,4.92
0.02008,4.92,4.92
0.02009,4.92,4.92
0.0201,4.92,4.88
0.02011,4.92,4.88
0.02012,4.92,4.92
0.02013,4.92,4.92
0.02014,4.92,4.92
0.02015,4.92,4.92
0.02016,4.92,4.92
0.02017,4.92,4.92
0.02018,4.92,4.92
0.02019,4.92,4.92
0.0202,4.92,4.88
0.02021,4.92,4.92
0.02022,4.92,4.92
0.02023,4.92,4.92
0.02024,4.92,4.88
0.02025,4.92,4.92
0.02026,4.92,4.92
0.02027,4.92,4.88
0.02028,4.92,4.88
0.02029,4.92,4.88
0.0203,4.92,4.92
0.02031,4.92,4.88
0.02032,4.92,4.88
0.02033,4.92,4.92
0.02034,4.92,4.92
0.02035,4.92,4.92
0.02036,4.92,4.92
0.02037,4.92,4.92
0.02038,4.92,4.92
0.02039,4.92,4.88
0.0204,4.92,4.92
0.02041,4.92,4.92
0.02042,4.92,4.88
0.02043,4.92,4.92
0.02044,4.92,4.92
0.02045,4.92,4.92
0.02046,4.92,4.88
0.02047,4.92,4.92
0.02048,4.92,4.88
0.02049,4.92,4.88
0.0205,4.92,4.88
0.02051,4.92,4.88
0.02052,4.92,4.92
0.02053,4.92,4.92
0.02054,4.92,4.92
0.02055,4.92,4.92
0.02056,4.92,4.92
0.02057,4.92,4.92
0.02058,4.92,4.92
0.02059,4.92,4.88
0.0206,4.92,4.88
0.02061,4.92,4.92
0.02062,4.92,4.92
0.02063,4.92,4.92
0.02064,4.92,4.92
0.02065,4.92,4.92
0.02066,4.92,4.88
0.02067,4.92,4.92
0.02068,4.92,4.88
0.02069,4.92,4.88
0.0207,4.92,4.92
0.02071,4.92,4.88
0.02072,4.92,4.92
0.02073,4.92,4.88
0.02074,4.92,4.88
0.02075,4.92,4.88
0.02076,4.92,4.92
0.02077,4.92,4.92
0.02078,4.92,4.88
0.02079,4.92,4.92
0.0208,4.92,4.92
0.02081,4.92,4.88
0.02082,4.92,4.92
0.02083,4.92,4.92
0.02084,4.92,4.92
0.02085,4.92,4.88
0.02086,4.92,4.92
0.02087,4.92,4.88
0.02088,4.92,4.92
0.02089,4.92,4.88
0.0209,4.92,4.92
0.02091,4.92,4.92
0.02092,4.92,4.92
0.02093,4.92,4.92
0.02094,4.92,4.92
0.02095,4.92,4.88
0.02096,4.92,4.92
0.02097,4.92,4.92
0.02098,4.92,4.92
0.02099,4.92,4.92
0.021,4.92,4.92
0.02101,4.92,4.92
0.02102,4.92,4.92
0.02103,4.92,4.88
0.02104,4.92,4.92
0.02105,4.92,4.92
0.02106,4.92,4.88
0.02107,4.92,4.92
0.02108,4.92,4.88
0.02109,4.92,4.92
0.0211,4.92,4.92
0.02111,4.92,4.92
0.02112,4.92,4.88
0.02113,4.92,4.92
0.02114,4.92,4.92
0.02115,4.92,4.92
0.02116,4.92,4.92
0.02117,4.92,4.92
0.02118,4.92,4.92
0.02119,4.92,4.92
0.0212,4.92,4.92
0.02121,4.92,4.92
0.02122,4.92,4.92
0.02123,4.92,4.88
0.02124,4.92,4.88
0.02125,4.92,4.88
0.02126,4.92,4.92
0.02127,4.92,4.88
0.02128,4.92,4.92
0.02129,4.92,4.92
0.0213,4.92,4.92
0.02131,4.92,4.88
0.02132,4.92,4.92
0.02133,4.92,4.92
0.02134,4.92,4.88
0.02135,4.92,4.92
0.02136,4.92,4.92
0.02137,4.92,4.88
0.02138,4.92,4.92
0.02139,4.92,4.92
0.0214,4.92,4.92
0.02141,4.92,4.88
0.02142,4.92,4.92
0.02143,4.92,4.92
0.02144,4.92,4.92
0.02145,4.92,4.92
0.02146,4.92,4.92
0.02147,4.92,4.92
0.02148,4.92,4.88
0.02149,4.92,4.92
0.0215,4.92,4.92
0.02151,4.92,4.92
0.02152,4.92,4.92
0.02153,4.92,4.92
0.02154,4.92,4.88
0.02155,4.92,4.92
0.02156,4.92,4.92
0.02157,4.88,4.92
0.02158,4.92,4.92
0.02159,4.92,4.92
0.0216,4.92,4.92
0.02161,4.92,4.92
0.02162,4.92,4.88
0.02163,4.92,4.92
0.02164,4.92,4.92
0.02165,4.92,4.92
0.02166,4.92,4.88
0.02167,4.92,4.92
0.02168,4.92,4.88
0.02169,4.92,4.92
0.0217,4.92,4.92
0.02171,4.92,4.88
0.02172,4.96,4.92
0.02173,4.92,4.92
0.02174,4.92,4.92
0.02175,4.92,4.88
0.02176,4.92,4.92
0.02177,4.92,4.92
0.02178,4.92,4.92
0.02179,4.92,4.92
0.0218,4.92,4.92
0.02181,4.92,4.92
0.02182,4.92,4.92
0.02183,4.92,4.92
0.02184,4.92,4.92
0.02185,4.92,4.88
0.02186,4.92,4.92
0.02187,4.92,4.92
0.02188,4.92,4.88
0.02189,4.92,4.92
0.0219,4.92,4.88
0.02191,4.92,4.92
0.02192,4.92,4.92
0.02193,4.92,4.92
0.02194,4.92,4.92
0.02195,4.92,4.88
0.02196,4.92,4.92
0.02197,4.92,4.92
0.02198,4.92,4.88
0.02199,4.92,4.92
0.022,4.92,4.92
0.02201,4.92,4.88
0.02202,4.92,4.92
0.02203,4.92,4.92
0.02204,4.92,4.92
0.02205,4.92,4.92
0.02206,4.92,4.92
0.02207,4.92,4.88
0.02208,4.92,4.88
0.02209,4.92,4.92
0.0221,4.92,4.92
0.02211,4.92,4.92
0.02212,4.92,4.92
0.02213,4.92,4.92
0.02214,4.92,4.88
0.02215,4.92,4.88
0.02216,4.92,4.92
0.02217,4.92,4.92
0.02218,4.92,4.92
0.02219,4.92,4.92
0.0222,4.92,4.92
0.02221,4.92,4.92
0.02222,4.92,4.92
0.02223,4.92,4.92
0.02224,4.92,4.92
0.02225,4.92,4.92
0.02226,4.92,4.92
0.02227,4.92,4.88
0.02228,4.92,4.92
0.02229,4.92,4.92
0.0223,4.92,4.92
0.02231,4.92,4.88
0.02232,4.92,4.92
0.02233,4.92,4.88
0.02234,4.92,4.92
0.02235,4.92,4.88
0.02236,4.92,4.92
0.02237,4.92,4.88
0.02238,4.92,4.92
0.02239,4.92,4.92
0.0224,4.92,4.92
0.02241,4.92,4.92
0.02242,4.92,4.92
0.02243,4.92,4.92
0.02244,4.92,4.92
0.02245,4.92,4.92
0.02246,4.92,4.92
0.02247,4.92,4.92
0.02248,4.92,4.92
0.02249,4.92,4.88
0.0225,4.92,4.92
0.02251,4.92,4.92
0.02252,4.92,4.92
0.02253,4.92,4.92
0.02254,4.92,4.92
0.02255,4.92,4.88
0.02256,4.92,4.92
0.02257,4.92,4.92
0.02258,4.92,4.92
0.02259,4.92,4.92
0.0226,4.92,4.92
0.02261,4.92,4.88
0.02262,4.92,4.92
0.02263,4.92,4.92
0.02264,4.92,4.92
0.02265,4.92,4.92
0.02266,4.92,4.88
0.02267,4.92,4.92
0.02268,4.92,4.92
0.02269,4.92,4.88
0.0227,4.92,4.92
0.02271,4.92,4.92
0.02272,4.92,4.92
0.02273,4.92,4.92
0.02274,4.92,4.92
0.02275,4.92,4.92
0.02276,4.92,4.92
0.02277,4.92,4.92
0.02278,4.92,4.92
0.02279,4.92,4.92
0.0228,4.92,4.92
0.02281,4.92,4.88
0.02282,4.92,4.92
0.02283,4.92,4.88
0.02284,4.92,4.92
0.02285,4.92,4.92
0.02286,4.92,4.92
0.02287,4.92,4.92
0.02288,4.92,4.92
0.02289,4.92,4.88
0.0229,4.92,4.88
0.02291,4.92,4.92
0.02292,4.92,4.92
0.02293,4.92,4.92
0.02294,4.92,4.92
0.02295,4.92,4.92
0.02296,4.92,4.92
0.02297,4.92,4.92
0.02298,4.92,4.92
0.02299,4.92,4.92
0.023,4.92,4.92
0.02301,4.92,4.92
0.02302,4.88,4.92
0.02303,4.92,4.92
0.02304,4.92,4.92
0.02305,4.92,4.92
0.02306,4.92,4.92
0.02307,4.92,4.88
0.02308,4.92,4.92
0.02309,4.92,4.92
0.0231,4.92,4.92
0.02311,4.92,4.88
0.02312,4.92,4.88
0.02313,4.92,4.92
0.02314,4.92,4.92
0.02315,4.96,4.92
0.02316,4.92,4.92
0.02317,4.92,4.92
0.02318,4.92,4.88
0.02319,4.92,4.92
0.0232,4.92,4.92
0.02321,4.92,4.92
0.02322,4.92,4.92
0.02323,4.92,4.92
0.02324,4.92,4.92
0.02325,4.92,4.92
0.02326,4.92,4.92
0.02327,4.92,4.92
0.02328,4.92,4.92
0.02329,4.92,4.92
0.0233,4.92,4.92
0.02331,4.92,4.92
0.02332,4.92,4.92
0.02333,4.92,4.92
0.02334,4.92,4.92
0.02335,4.92,4.92
0.02336,4.92,4.92
0.02337,4.92,4.92
0.02338,4.92,4.88
0.02339,4.92,4.92
0.0234,4.92,4.92
0.02341,4.92,4.92
0.02342,4.92,4.92
0.02343,4.92,4.92
0.02344,4.92,4.92
0.02345,4.92,4.92
0.02346,4.92,4.92
0.02347,4.92,4.92
0.02348,4.92,4.92
0.02349,4.92,4.92
0.0235,4.92,4.88
0.02351,4.92,4.92
0.02352,4.92,4.92
0.02353,4.92,4.92
0.02354,4.92,4.92
0.02355,4.92,4.92
0.02356,4.92,4.92
0.02357,4.92,4.92
0.02358,4.92,4.92
0.02359,4.92,4.92
0.0236,4.92,4.88
0.02361,4.92,4.92
0.02362,4.92,4.92
0.02363,4.92,4.92
0.02364,4.92,4.88
0.02365,4.92,4.92
0.02366,4.92,4.92
0.02367,4.92,4.92
0.02368,4.92,4.92
0.02369,4.92,4.92
0.0237,4.92,4.92
0.02371,4.92,4.92
0.02372,4.92,4.92
0.02373,4.92,4.92
0.02374,4.92,4.92
0.02375,4.92,4.92
0.02376,4.92,4.88
0.02377,4.92,4.92
0.02378,4.92,4.92
0.02379,4.92,4.92
0.0238,4.92,4.92
0.02381,4.92,4.92
0.02382,4.92,4.92
0.02383,4.92,4.92
0.02384,4.92,4.92
0.02385,4.92,4.92
0.02386,4.92,4.92
0.02387,4.92,4.92
0.02388,4.92,4.92
0.02389,4.92,4.92
0.0239,4.92,4.92
0.02391,4.92,4.92
0.02392,4.92,4.88
0.02393,4.92,4.92
0.02394,4.92,4.92
0.02395,4.92,4.92
0.02396,4.92,4.88
0.02397,4.92,4.92
0.02398,4.92,4.92
0.02399,4.92,4.92
0.024,4.92,4.92
0.02401,4.92,4.92
0.02402,4.92,4.92
0.02403,4.92,4.88
0.02404,4.92,4.92
0.02405,4.92,4.88
0.02406,4.92,4.92
0.02407,4.92,4.92
0.02408,4.92,4.92
0.02409,4.92,4.92
0.0241,4.92,4.88
0.02411,4.92,4.92
0.02412,4.92,4.92
0.02413,4.92,4.92
0.02414,4.92,4.88
0.02415,4.92,4.92
0.02416,4.92,4.92
0.02417,4.92,4.88
0.02418,4.92,4.92
0.02419,4.92,4.88
0.0242,4.92,4.92
0.02421,4.92,4.88
0.02422,4.92,4.92
0.02423,4.92,4.92
0.02424,4.92,4.92
0.02425,4.92,4.92
0.02426,4.92,4.92
0.02427,4.92,4.88
0.02428,4.92,4.92
0.02429,4.92,4.92
0.0243,4.92,4.92
0.02431,4.92,4.92
0.02432,4.92,4.92
0.02433,4.92,4.92
0.02434,4.92,4.92
0.02435,4.92,4.92
0.02436,4.92,4.92
0.02437,4.92,4.92
0.02438,4.92,4.88
0.02439,4.92,4.92
0.0244,4.92,4.88
0.02441,4.92,4.92
0.02442,4.92,4.92
0.02443,4.92,4.92
0.02444,4.92,4.88
0.02445,4.92,4.92
0.02446,4.92,4.92
0.02447,4.92,4.92
0.02448,4.92,4.92
0.02449,4.92,4.92
0.0245,4.92,4.92
0.02451,4.92,4.88
0.02452,4.92,4.92
0.02453,4.92,4.88
0.02454,4.92,4.92
0.02455,4.92,4.92
0.02456,4.92,4.92
0.02457,4.92,4.92
0.02458,4.92,4.92
0.02459,4.92,4.92
