0.0149,4.88,4.88
0.014902,4.88,4.88
0.014904,4.88,4.88
0.014906,4.96,4.88
0.014908,4.88,4.88
0.01491,4.88,4.88
0.014912,4.88,4.88
0.014914,4.88,4.88
0.014916,4.88,4.88
0.014918,4.88,4.88
0.01492,4.88,4.88
0.014922,4.88,4.88
0.014924,4.88,4.96
0.014926,4.88,4.88
0.014928,4.96,4.96
0.01493,4.88,4.88
0.014932,4.88,4.88
0.014934,4.88,4.88
0.014936,4.88,4.96
0.014938,4.88,4.88
0.01494,4.88,4.88
0.014942,4.88,4.96
0.014944,4.88,4.88
0.014946,4.88,4.88
0.014948,4.88,4.88
0.01495,4.88,4.88
0.014952,4.88,4.88
0.014954,4.88,4.96
0.014956,4.88,4.88
0.014958,4.88,4.88
0.01496,4.88,4.88
0.014962,4.88,4.88
0.014964,4.96,4.88
0.014966,4.88,4.88
0.014968,4.88,4.88
0.01497,4.96,4.88
0.014972,4.88,4.88
0.014974,4.88,4.88
0.014976,4.88,4.88
0.014978,4.96,4.88
0.01498,4.96,4.88
0.014982,4.88,4.88
0.014984,4.88,4.88
0.014986,4.96,4.88
0.014988,4.88,4.96
0.01499,4.88,4.88
0.014992,4.88,4.96
0.014994,4.96,4.88
0.014996,4.88,4.88
0.014998,4.88,4.96
0.015,0.16,4.88
0.015002,0.08,4.8
0.015004,0.08,4.88
0.015006,0.08,4.88
0.015008,0.08,4.88
0.01501,0.08,4.8
0.015012,0,4.88
0.015014,0,4.8
0.015016,0,4.8
0.015018,0,4.72
0.01502,0.08,4.8
0.015022,0,4.72
0.015024,0.08,4.72
0.015026,0,4.64
0.015028,0.08,4.64
0.01503,0,4.64
0.015032,0,4.56
0.015034,0.08,4.64
0.015036,0.08,4.56
0.015038,0,4.56
0.01504,0,4.48
0.015042,0.08,4.48
0.015044,0,4.4
0.015046,0,4.32
0.015048,0,4.32
0.01505,0,4.32
0.015052,0,4.24
0.015054,0,4.16
0.015056,0.08,4.16
0.015058,0,4.08
0.01506,0,4
0.015062,0,4
0.015064,0.08,3.92
0.015066,0,3.92
0.015068,0.08,3.84
0.01507,0,3.76
0.015072,0.08,3.76
0.015074,0.08,3.68
0.015076,0.08,3.6
0.015078,0.08,3.52
0.01508,0.08,3.44
0.015082,0,3.36
0.015084,0,3.36
0.015086,0,3.28
0.015088,0.08,3.2
0.01509,0,3.12
0.015092,0.08,3.04
0.015094,0.08,2.96
0.015096,0.08,2.96
0.015098,0.08,2.88
0.0151,0.08,2.8
0.015102,0.08,2.72
0.015104,0.08,2.64
0.015106,0.08,2.56
0.015108,0.08,2.48
0.01511,0.08,2.4
0.015112,0,2.32
0.015114,0.08,2.24
0.015116,0.08,2.16
0.015118,0.08,2.08
0.01512,0.08,2
0.015122,0,1.92
0.015124,0.08,1.84
0.015126,0.08,1.76
0.015128,0.08,1.68
0.01513,0.08,1.6
0.015132,0.08,1.52
0.015134,0,1.44
0.015136,0.08,1.36
0.015138,0,1.28
0.01514,0.08,1.2
0.015142,0,1.12
0.015144,0.08,1.04
0.015146,0.08,0.96
0.015148,0.08,0.88
0.01515,0,0.8
0.015152,0,0.72
0.015154,0.08,0.64
0.015156,0.08,0.56
0.015158,0.08,0.48
0.01516,0,0.4
0.015162,0.08,0.32
0.015164,0.08,0.24
0.015166,0.08,0.16
0.015168,0.08,0.08
0.01517,0,0
0.015172,0.08,-0.08
0.015174,0.08,-0.16
0.015176,0,-0.24
0.015178,0.08,-0.32
0.01518,0.08,-0.4
0.015182,0.08,-0.48
0.015184,0.08,-0.56
0.015186,0.08,-0.64
0.015188,0.08,-0.64
0.01519,0,-0.72
0.015192,0,-0.88
0.015194,0,-0.96
0.015196,0,-0.96
0.015198,0,-1.04
0.0152,0,-1.12
0.015202,0.08,-1.2
0.015204,0,-1.28
0.015206,0.08,-1.28
0.015208,0,-1.36
0.01521,0.08,-1.44
0.015212,0.08,-1.52
0.015214,0.08,-1.6
0.015216,0,-1.68
0.015218,0.08,-1.68
0.01522,0.08,-1.76
0.015222,0,-1.84
0.015224,0.08,-1.92
0.015226,0,-1.92
0.015228,0.08,-2
0.01523,0.08,-2.08
0.015232,0,-2.16
0.015234,0,-2.16
0.015236,0.08,-2.24
0.015238,0,-2.24
0.01524,0,-2.32
0.015242,0,-2.4
0.015244,0,-2.4
0.015246,0.08,-2.48
0.015248,0.08,-2.48
0.01525,0,-2.56
0.015252,0.08,-2.56
0.015254,0.08,-2.64
0.015256,0.08,-2.64
0.015258,0.08,-2.72
0.01526,0.08,-2.72
0.015262,0,-2.72
0.015264,0,-2.88
0.015266,0,-2.88
0.015268,0.08,-2.96
0.01527,0,-2.88
0.015272,0,-2.96
0.015274,0,-2.96
0.015276,0,-3.04
0.015278,0.08,-3.04
0.01528,0,-3.04
0.015282,0,-3.12
0.015284,0.08,-3.12
0.015286,0,-3.12
0.015288,0,-3.12
0.01529,0,-3.2
0.015292,0,-3.2
0.015294,0,-3.28
0.015296,0.08,-3.2
0.015298,0.08,-3.28
0.0153,0,-3.28
0.015302,0,-3.28
0.015304,0,-3.28
0.015306,0.08,-3.28
0.015308,0,-3.36
0.01531,0.08,-3.28
0.015312,0,-3.36
0.015314,0,-3.28
0.015316,0.08,-3.36
0.015318,0,-3.28
0.01532,0,-3.36
0.015322,0,-3.36
0.015324,0,-3.28
0.015326,0,-3.28
0.015328,0,-3.28
0.01533,0.08,-3.28
0.015332,0,-3.28
0.015334,0,-3.28
0.015336,0,-3.28
0.015338,0,-3.2
0.01534,0,-3.28
0.015342,0.08,-3.28
0.015344,0,-3.2
0.015346,0,-3.2
0.015348,0,-3.12
0.01535,0,-3.2
0.015352,0.08,-3.2
0.015354,0,-3.12
0.015356,0,-3.12
0.015358,0,-3.04
0.01536,0,-3.04
0.015362,0,-3.04
0.015364,0,-2.96
0.015366,0,-2.96
0.015368,0,-2.88
0.01537,0,-2.88
0.015372,0.08,-2.8
0.015374,0,-2.8
0.015376,0.08,-2.8
0.015378,0.08,-2.72
0.01538,0,-2.72
0.015382,0,-2.64
0.015384,0,-2.64
0.015386,0,-2.64
0.015388,0,-2.56
0.01539,0,-2.56
0.015392,0,-2.48
0.015394,0,-2.48
0.015396,0,-2.48
0.015398,0,-2.4
0.0154,0,-2.32
0.015402,0,-2.32
0.015404,0,-2.24
0.015406,0,-2.16
0.015408,0,-2.16
0.01541,0,-2.08
0.015412,0,-2.08
0.015414,0,-2
0.015416,0,-2
0.015418,0,-1.92
0.01542,0,-1.84
0.015422,0,-1.76
0.015424,0,-1.76
0.015426,0,-1.68
0.015428,0,-1.68
0.01543,0,-1.68
0.015432,0.08,-1.6
0.015434,0,-1.52
0.015436,0,-1.44
0.015438,0,-1.44
0.01544,0,-1.36
0.015442,0,-1.28
0.015444,0,-1.28
0.015446,0,-1.2
0.015448,0,-1.2
0.01545,0,-1.12
0.015452,0,-1.04
0.015454,0,-1.04
0.015456,0,-0.96
0.015458,0,-0.96
0.01546,0,-0.8
0.015462,0,-0.8
0.015464,0,-0.72
0.015466,0,-0.64
0.015468,0,-0.56
0.01547,0,-0.56
0.015472,0,-0.48
0.015474,0,-0.4
0.015476,0,-0.4
0.015478,0,-0.32
0.01548,0.08,-0.24
0.015482,0,-0.24
0.015484,0,-0.16
0.015486,0,-0.16
0.015488,0,-0.08
0.01549,0,0
0.015492,0,0.08
0.015494,0,0
0.015496,0,0.08
0.015498,0,0.16
0.0155,0.08,0.24
0.015502,0,0.32
0.015504,0,0.32
0.015506,0,0.4
0.015508,0,0.48
0.01551,0,0.48
0.015512,0.08,0.56
0.015514,0,0.64
0.015516,0,0.64
0.015518,0,0.64
0.01552,0,0.72
0.015522,0,0.8
0.015524,0,0.88
0.015526,0,0.88
0.015528,0,0.88
0.01553,0,0.96
0.015532,0,0.96
0.015534,0,1.04
0.015536,0,1.04
0.015538,0,1.12
0.01554,0,1.2
0.015542,0,1.2
0.015544,0,1.28
0.015546,0.08,1.28
0.015548,0,1.36
0.01555,0,1.44
0.015552,0,1.44
0.015554,0,1.44
0.015556,0,1.44
0.015558,0,1.52
0.01556,0,1.52
0.015562,0,1.6
0.015564,0,1.6
0.015566,0,1.68
0.015568,0,1.68
0.01557,0,1.68
0.015572,0,1.76
0.015574,0,1.76
0.015576,0,1.84
0.015578,0,1.84
0.01558,0,1.84
0.015582,0,1.92
0.015584,0.08,1.92
0.015586,0,1.92
0.015588,0.08,2
0.01559,0,2
0.015592,0,2
0.015594,0,2
0.015596,0.08,2
0.015598,0,2.08
0.0156,0,2.08
0.015602,0,2.08
0.015604,0,2.08
0.015606,0,2.16
0.015608,0.08,2.16
0.01561,0,2.16
0.015612,0,2.16
0.015614,0,2.16
0.015616,0,2.16
0.015618,0,2.16
0.01562,0,2.16
0.015622,0,2.24
0.015624,0,2.16
0.015626,0,2.16
0.015628,0,2.24
0.01563,0,2.24
0.015632,0.08,2.24
0.015634,0,2.16
0.015636,0,2.24
0.015638,0,2.16
0.01564,0.08,2.16
0.015642,0.08,2.16
0.015644,0,2.16
0.015646,0,2.24
0.015648,0,2.16
0.01565,0.08,2.16
0.015652,0,2.16
0.015654,0.08,2.16
0.015656,0.08,2.16
0.015658,0,2.16
0.01566,0,2.16
0.015662,0,2.16
0.015664,0,2.16
0.015666,0,2.08
0.015668,0.08,2.08
0.01567,0.08,2.08
0.015672,0,2.08
0.015674,0,2.08
0.015676,0,2
0.015678,0.08,2.08
0.01568,0,2
0.015682,0.08,2
0.015684,0.08,2
0.015686,0.08,1.92
0.015688,0,1.92
0.01569,0.08,1.92
0.015692,0,1.92
0.015694,0,1.92
0.015696,0.08,1.84
0.015698,0,1.84
0.0157,0,1.84
0.015702,0,1.84
0.015704,0,1.76
0.015706,0,1.76
0.015708,0,1.76
0.01571,0,1.68
0.015712,0.08,1.68
0.015714,0,1.6
0.015716,0,1.68
0.015718,0,1.52
0.01572,0,1.52
0.015722,0.08,1.52
0.015724,0.08,1.44
0.015726,0.08,1.44
0.015728,0,1.44
0.01573,0,1.36
0.015732,0,1.36
0.015734,0,1.28
0.015736,0.08,1.2
0.015738,0,1.2
0.01574,0.08,1.2
0.015742,0,1.12
0.015744,0.08,1.12
0.015746,0.08,1.12
0.015748,0.08,1.04
0.01575,0.08,1.04
0.015752,0.08,1.04
0.015754,0.08,0.96
0.015756,0,0.96
0.015758,0,0.88
0.01576,0,0.8
0.015762,0,0.8
0.015764,0.08,0.72
0.015766,0,0.8
0.015768,0,0.72
0.01577,0,0.72
0.015772,0,0.64
0.015774,0,0.56
0.015776,0,0.56
0.015778,0.08,0.56
0.01578,0,0.48
0.015782,0,0.48
0.015784,0.08,0.48
0.015786,0.08,0.4
0.015788,0,0.4
0.01579,0,0.32
0.015792,0.08,0.24
0.015794,0.08,0.24
0.015796,0.08,0.16
0.015798,0.08,0.16
0.0158,0,0.08
0.015802,0,0.08
0.015804,0,0.08
0.015806,0.08,0
0.015808,0.08,0
0.01581,0.08,-0.08
0.015812,0,-0.08
0.015814,0,-0.16
0.015816,0,-0.16
0.015818,0,-0.16
0.01582,0.08,-0.24
0.015822,0,-0.24
0.015824,0.08,-0.32
0.015826,0.08,-0.32
0.015828,0,-0.32
0.01583,0,-0.4
0.015832,0.08,-0.48
0.015834,0,-0.48
0.015836,0,-0.48
0.015838,0,-0.56
0.01584,0,-0.56
0.015842,0,-0.56
0.015844,0,-0.64
0.015846,0.08,-0.64
0.015848,0.08,-0.64
0.01585,0.08,-0.72
0.015852,0,-0.72
0.015854,0,-0.8
0.015856,0.08,-0.8
0.015858,0,-0.88
0.01586,0,-0.88
0.015862,0.08,-0.88
0.015864,0,-0.96
0.015866,0,-0.96
0.015868,0,-0.96
0.01587,0,-0.96
0.015872,0,-0.96
0.015874,0.08,-0.96
0.015876,0.08,-1.04
0.015878,0.08,-1.04
0.01588,0,-1.12
0.015882,0.08,-1.12
0.015884,0.08,-1.12
0.015886,0,-1.2
0.015888,0,-1.2
0.01589,0.08,-1.2
0.015892,0.08,-1.2
0.015894,0,-1.2
0.015896,0,-1.28
0.015898,0.08,-1.28
0.0159,0.08,-1.28
0.015902,0,-1.28
0.015904,0,-1.36
0.015906,0.08,-1.36
0.015908,0,-1.36
0.01591,0,-1.36
0.015912,0.08,-1.36
0.015914,0.08,-1.44
0.015916,0,-1.44
0.015918,0,-1.44
0.01592,0,-1.44
0.015922,0,-1.44
0.015924,0,-1.44
0.015926,0,-1.44
0.015928,0.08,-1.44
0.01593,0,-1.52
0.015932,0.08,-1.44
0.015934,0.08,-1.44
0.015936,0,-1.52
0.015938,0,-1.52
0.01594,0,-1.44
0.015942,0,-1.52
0.015944,0,-1.52
0.015946,0,-1.52
0.015948,0,-1.6
0.01595,0.08,-1.52
0.015952,0.08,-1.52
0.015954,0,-1.52
0.015956,0,-1.52
0.015958,0.08,-1.52
0.01596,0,-1.52
0.015962,0,-1.52
0.015964,0,-1.52
0.015966,0,-1.52
0.015968,0,-1.52
0.01597,0.08,-1.52
0.015972,0,-1.52
0.015974,0.08,-1.52
0.015976,0.08,-1.52
0.015978,0.08,-1.44
0.01598,0,-1.44
0.015982,0.08,-1.44
0.015984,0.08,-1.44
0.015986,0.08,-1.44
0.015988,0.08,-1.44
0.01599,0.08,-1.44
0.015992,0,-1.44
0.015994,0,-1.44
0.015996,0,-1.44
0.015998,0,-1.44
0.016,0,-1.36
0.016002,0,-1.36
0.016004,0.08,-1.36
0.016006,0,-1.36
0.016008,0,-1.36
0.01601,0,-1.28
0.016012,0.08,-1.28
0.016014,0.08,-1.28
0.016016,0,-1.28
0.016018,0,-1.28
0.01602,0,-1.2
0.016022,0,-1.2
0.016024,0,-1.2
0.016026,0.08,-1.2
0.016028,0,-1.2
0.01603,0,-1.12
0.016032,0,-1.2
0.016034,0,-1.12
0.016036,0,-1.12
0.016038,0,-1.04
0.01604,0,-1.04
0.016042,0,-1.04
0.016044,0,-1.04
0.016046,0,-0.96
0.016048,0.08,-0.96
0.01605,0.08,-0.96
0.016052,0.08,-0.88
0.016054,0,-0.96
0.016056,0,-0.96
0.016058,0,-0.88
0.01606,0,-0.88
0.016062,0,-0.88
0.016064,0,-0.8
0.016066,0.08,-0.8
0.016068,0,-0.8
0.01607,0,-0.72
0.016072,0,-0.72
0.016074,0,-0.72
0.016076,0,-0.64
0.016078,0,-0.64
0.01608,0,-0.64
0.016082,0,-0.56
0.016084,0,-0.64
0.016086,0,-0.56
0.016088,0,-0.56
0.01609,0,-0.48
0.016092,0,-0.48
0.016094,0,-0.4
0.016096,0,-0.4
0.016098,0,-0.4
0.0161,0,-0.32
0.016102,0,-0.32
0.016104,0,-0.32
0.016106,0,-0.24
0.016108,0,-0.24
0.01611,0,-0.24
0.016112,0,-0.24
0.016114,0,-0.16
0.016116,0,-0.16
0.016118,0,-0.16
0.01612,0.08,-0.08
0.016122,0,-0.08
0.016124,0.08,-0.08
0.016126,0,-0.08
0.016128,0,-0.08
0.01613,0,0
0.016132,0,0
0.016134,0,0.08
0.016136,0,0.08
0.016138,0,0.08
0.01614,0.08,0.08
0.016142,0.08,0.16
0.016144,0,0.16
0.016146,0,0.16
0.016148,0,0.24
0.01615,0,0.24
0.016152,0,0.24
0.016154,0,0.32
0.016156,0.08,0.32
0.016158,0.08,0.32
0.01616,0,0.4
0.016162,0.08,0.4
0.016164,0,0.32
0.016166,0.08,0.4
0.016168,0.08,0.4
0.01617,0,0.4
0.016172,0,0.48
0.016174,0,0.48
0.016176,0,0.48
0.016178,0,0.48
0.01618,0,0.56
0.016182,0.08,0.56
0.016184,0,0.56
0.016186,0,0.56
0.016188,0,0.64
0.01619,0,0.64
0.016192,0,0.64
0.016194,0.08,0.64
0.016196,0.08,0.64
0.016198,0.08,0.64
0.0162,0,0.72
0.016202,0.08,0.72
0.016204,0,0.72
0.016206,0,0.72
0.016208,0,0.72
0.01621,0,0.8
0.016212,0,0.8
0.016214,0,0.8
0.016216,0,0.8
0.016218,0,0.8
0.01622,0,0.8
0.016222,0,0.88
0.016224,0,0.88
0.016226,0,0.8
0.016228,0,0.88
0.01623,0,0.88
0.016232,0,0.88
0.016234,0.08,0.96
0.016236,0.08,0.96
0.016238,0,0.88
0.01624,0,0.88
0.016242,0,0.88
0.016244,0,0.88
0.016246,0,0.96
0.016248,0.08,0.96
0.01625,0,0.96
0.016252,0,0.96
0.016254,0,0.96
0.016256,0,0.96
0.016258,0,0.96
0.01626,0,0.96
0.016262,0.08,0.96
0.016264,0,0.96
0.016266,0,0.96
0.016268,0,0.96
0.01627,0,0.96
0.016272,0,0.96
0.016274,0,0.96
0.016276,0,0.96
0.016278,0.08,0.96
0.01628,0,0.96
0.016282,0,0.96
0.016284,0,0.96
0.016286,0,0.96
0.016288,0.08,0.96
0.01629,0,0.96
0.016292,0.08,0.96
0.016294,0,0.96
0.016296,0,0.96
0.016298,0.08,0.96
0.0163,0,0.96
0.016302,0,0.96
0.016304,0,0.96
0.016306,0,0.96
0.016308,0,0.96
0.01631,0,0.88
0.016312,0,0.96
0.016314,0.08,0.88
0.016316,0,0.88
0.016318,0,0.88
0.01632,0.08,0.88
0.016322,0,0.88
0.016324,0,0.88
0.016326,0,0.88
0.016328,0,0.8
0.01633,0.08,0.8
0.016332,0.08,0.88
0.016334,0,0.8
0.016336,0,0.88
0.016338,0,0.8
0.01634,0,0.8
0.016342,0,0.8
0.016344,0,0.72
0.016346,0,0.72
0.016348,0.08,0.72
0.01635,0.08,0.72
0.016352,0,0.72
0.016354,0,0.72
0.016356,0,0.72
0.016358,0.08,0.64
0.01636,0,0.64
0.016362,0,0.64
0.016364,0,0.64
0.016366,0,0.64
0.016368,0.08,0.56
0.01637,0,0.64
0.016372,0,0.56
0.016374,0,0.56
0.016376,0.08,0.56
0.016378,0,0.56
0.01638,0.08,0.56
0.016382,0,0.56
0.016384,0,0.48
0.016386,0.08,0.48
0.016388,0,0.48
0.01639,0,0.48
0.016392,0,0.4
0.016394,0,0.4
0.016396,0,0.4
0.016398,0.08,0.32
0.0164,0.08,0.32
0.016402,0,0.32
0.016404,0.08,0.32
0.016406,0,0.32
0.016408,0,0.32
0.01641,0.08,0.32
0.016412,0,0.32
0.016414,0.08,0.24
0.016416,0,0.16
0.016418,0,0.16
0.01642,0.08,0.24
0.016422,0.08,0.16
0.016424,0,0.16
0.016426,0.08,0.16
0.016428,0,0.16
0.01643,0,0.16
0.016432,0,0.08
0.016434,0,0.08
0.016436,0,0.08
0.016438,0.08,0.08
0.01644,0,0
0.016442,0.08,0
0.016444,0,0
0.016446,0,0
0.016448,0,0
0.01645,0,-0.08
0.016452,0.08,-0.08
0.016454,0.08,-0.08
0.016456,0.08,-0.16
0.016458,0.08,-0.16
0.01646,0.08,-0.16
0.016462,0.08,-0.16
0.016464,0.08,-0.16
0.016466,0,-0.16
0.016468,0,-0.16
0.01647,0,-0.24
0.016472,0.08,-0.16
0.016474,0,-0.24
0.016476,0,-0.24
0.016478,0.08,-0.24
0.01648,0.08,-0.24
0.016482,0,-0.32
0.016484,0,-0.32
0.016486,0,-0.32
0.016488,0,-0.32
0.01649,0,-0.32
0.016492,0,-0.32
0.016494,0,-0.4
0.016496,0,-0.4
0.016498,0,-0.4
0.0165,0.08,-0.4
0.016502,0,-0.4
0.016504,0,-0.48
0.016506,0,-0.4
0.016508,0,-0.4
0.01651,0,-0.48
0.016512,0,-0.48
0.016514,0,-0.48
0.016516,0.08,-0.48
0.016518,0.08,-0.48
0.01652,0,-0.48
0.016522,0,-0.56
0.016524,0,-0.56
0.016526,0,-0.56
0.016528,0,-0.56
0.01653,0.08,-0.56
0.016532,0,-0.56
0.016534,0.08,-0.56
0.016536,0,-0.56
0.016538,0,-0.56
0.01654,0.08,-0.56
0.016542,0,-0.64
0.016544,0,-0.64
0.016546,0.08,-0.64
0.016548,0,-0.64
0.01655,0,-0.64
0.016552,0,-0.64
0.016554,0,-0.64
0.016556,0,-0.64
0.016558,0,-0.72
0.01656,0,-0.64
0.016562,0,-0.72
0.016564,0,-0.72
0.016566,0,-0.64
0.016568,0,-0.72
0.01657,0.08,-0.72
0.016572,0,-0.72
0.016574,0.08,-0.64
0.016576,0,-0.72
0.016578,0.08,-0.72
0.01658,0.08,-0.72
0.016582,0,-0.72
0.016584,0.08,-0.72
0.016586,0.08,-0.72
0.016588,0,-0.72
0.01659,0,-0.72
0.016592,0,-0.72
0.016594,0,-0.72
0.016596,0,-0.72
0.016598,0,-0.72
0.0166,0,-0.72
0.016602,0,-0.72
0.016604,0,-0.72
0.016606,0,-0.72
0.016608,0,-0.72
0.01661,0,-0.72
0.016612,0,-0.72
0.016614,0,-0.72
0.016616,0,-0.72
0.016618,0,-0.72
0.01662,0,-0.64
0.016622,0,-0.72
0.016624,0,-0.72
0.016626,0,-0.64
0.016628,0,-0.72
0.01663,0,-0.72
0.016632,0,-0.64
0.016634,0,-0.64
0.016636,0.08,-0.64
0.016638,0,-0.64
0.01664,0.08,-0.64
0.016642,0,-0.64
0.016644,0.08,-0.64
0.016646,0,-0.64
0.016648,0,-0.64
0.01665,0,-0.64
0.016652,0.08,-0.56
0.016654,0,-0.64
0.016656,0.08,-0.56
0.016658,0,-0.56
0.01666,0,-0.56
0.016662,0,-0.56
0.016664,0,-0.56
0.016666,0.08,-0.56
0.016668,0,-0.56
0.01667,0,-0.48
0.016672,0.08,-0.56
0.016674,0,-0.48
0.016676,0.08,-0.48
0.016678,0,-0.56
0.01668,0,-0.48
0.016682,0,-0.48
0.016684,0,-0.48
0.016686,0,-0.48
0.016688,0,-0.4
0.01669,0,-0.48
0.016692,0,-0.4
0.016694,0.08,-0.4
0.016696,0,-0.4
0.016698,0,-0.4
0.0167,0,-0.4
0.016702,0,-0.32
0.016704,0,-0.4
0.016706,0,-0.32
0.016708,0,-0.32
0.01671,0,-0.32
0.016712,0,-0.32
0.016714,0,-0.24
0.016716,0,-0.32
0.016718,0,-0.32
0.01672,0,-0.24
0.016722,0,-0.24
0.016724,0,-0.24
0.016726,0,-0.24
0.016728,0,-0.24
0.01673,0,-0.24
0.016732,0,-0.24
0.016734,0,-0.24
0.016736,0,-0.16
0.016738,0,-0.16
0.01674,0,-0.16
0.016742,0,-0.16
0.016744,0,-0.16
0.016746,0,-0.16
0.016748,0,-0.16
0.01675,0,-0.16
0.016752,0,-0.08
0.016754,0,-0.08
0.016756,0,-0.08
0.016758,0,-0.08
0.01676,0,-0.08
0.016762,0,-0.08
0.016764,0,-0.08
0.016766,0,0
0.016768,0,0
0.01677,0.08,0
0.016772,0,0
0.016774,0,0.08
0.016776,0,0
0.016778,0,0.08
0.01678,0,0
0.016782,0,0.08
0.016784,0.08,0
0.016786,0,0.08
0.016788,0,0.08
0.01679,0,0.08
0.016792,0.08,0.08
0.016794,0,0.16
0.016796,0,0.16
0.016798,0.08,0.16
0.0168,0,0.16
0.016802,0,0.16
0.016804,0,0.16
0.016806,0,0.16
0.016808,0.08,0.16
0.01681,0.08,0.16
0.016812,0,0.16
0.016814,0,0.24
0.016816,0,0.16
0.016818,0,0.16
0.01682,0,0.24
0.016822,0,0.24
0.016824,0,0.24
0.016826,0,0.32
0.016828,0,0.24
0.01683,0,0.32
0.016832,0,0.24
0.016834,0,0.32
0.016836,0.08,0.32
0.016838,0,0.24
0.01684,0.08,0.32
0.016842,0,0.32
0.016844,0.08,0.32
0.016846,0,0.32
0.016848,0,0.32
0.01685,0,0.32
0.016852,0.08,0.32
0.016854,0,0.32
0.016856,0,0.32
0.016858,0.08,0.32
0.01686,0,0.32
0.016862,0,0.4
0.016864,0,0.4
0.016866,0,0.32
0.016868,0,0.4
0.01687,0.08,0.32
0.016872,0,0.4
0.016874,0,0.4
0.016876,0.08,0.4
0.016878,0.08,0.4
0.01688,0,0.4
0.016882,0.08,0.4
0.016884,0,0.4
0.016886,0,0.4
0.016888,0,0.4
0.01689,0,0.4
0.016892,0.08,0.48
0.016894,0,0.4
0.016896,0,0.4
0.016898,0,0.4
0.0169,0,0.4
0.016902,0,0.4
0.016904,0,0.4
0.016906,0,0.4
0.016908,0.08,0.4
0.01691,0,0.4
0.016912,0,0.48
0.016914,0,0.4
0.016916,0,0.4
0.016918,0,0.4
0.01692,0.08,0.48
0.016922,0,0.48
0.016924,0,0.48
0.016926,0.08,0.4
0.016928,0,0.4
0.01693,0,0.4
0.016932,0,0.48
0.016934,0,0.48
0.016936,0,0.4
0.016938,0,0.4
0.01694,0,0.4
0.016942,0.08,0.4
0.016944,0,0.4
0.016946,0,0.4
0.016948,0,0.4
0.01695,0.08,0.4
0.016952,0.08,0.4
0.016954,0.08,0.4
0.016956,0,0.4
0.016958,0.08,0.4
0.01696,0.08,0.4
0.016962,0.08,0.4
0.016964,0,0.32
0.016966,0,0.4
0.016968,0.08,0.32
0.01697,0,0.4
0.016972,0.08,0.32
0.016974,0,0.4
0.016976,0,0.32
0.016978,0.08,0.4
0.01698,0,0.32
0.016982,0,0.4
0.016984,0,0.32
0.016986,0,0.32
0.016988,0,0.32
0.01699,0,0.24
0.016992,0,0.32
0.016994,0,0.32
0.016996,0,0.24
0.016998,0,0.32
0.017,0,0.24
0.017002,0.08,0.24
0.017004,0,0.24
0.017006,0,0.24
0.017008,0,0.32
0.01701,0,0.24
0.017012,0.08,0.24
0.017014,0,0.24
0.017016,0.08,0.24
0.017018,0,0.24
0.01702,0.08,0.24
0.017022,0,0.24
0.017024,0.08,0.16
0.017026,0,0.16
0.017028,0,0.24
0.01703,0,0.16
0.017032,0,0.16
0.017034,0,0.16
0.017036,0,0.16
0.017038,0,0.16
0.01704,0.08,0.16
0.017042,0,0.16
0.017044,0,0.16
0.017046,0,0.08
0.017048,0,0.16
0.01705,0,0.08
0.017052,0,0.08
0.017054,0.08,0.08
0.017056,0,0.08
0.017058,0,0
0.01706,0,0.08
0.017062,0.08,0.08
0.017064,0.08,0.08
0.017066,0,0.08
0.017068,0.08,0.08
0.01707,0,0
0.017072,0.08,0
0.017074,0,0
0.017076,0,0
0.017078,0,0
0.01708,0,-0.08
0.017082,0,0
0.017084,0,0
0.017086,0,-0.08
0.017088,0,-0.08
0.01709,0.08,0
0.017092,0,-0.08
0.017094,0,-0.08
0.017096,0.08,-0.08
0.017098,0,-0.08
0.0171,0.08,-0.08
0.017102,0,-0.08
0.017104,0,-0.08
0.017106,0.08,-0.08
0.017108,0,-0.08
0.01711,0,-0.16
0.017112,0,-0.16
0.017114,0,-0.08
0.017116,0,-0.16
0.017118,0.08,-0.16
0.01712,0,-0.16
0.017122,0,-0.16
0.017124,0,-0.16
0.017126,0,-0.16
0.017128,0,-0.16
0.01713,0.08,-0.16
0.017132,0,-0.24
0.017134,0,-0.16
0.017136,0,-0.16
0.017138,0,-0.16
0.01714,0,-0.16
0.017142,0,-0.16
0.017144,0.08,-0.16
0.017146,0.08,-0.24
0.017148,0,-0.24
0.01715,0,-0.24
0.017152,0,-0.24
0.017154,0,-0.24
0.017156,0,-0.24
0.017158,0.08,-0.24
0.01716,0,-0.24
0.017162,0,-0.24
0.017164,0,-0.24
0.017166,0,-0.24
0.017168,0,-0.24
0.01717,0,-0.24
0.017172,0,-0.24
0.017174,0.08,-0.32
0.017176,0,-0.24
0.017178,0.08,-0.32
0.01718,0.08,-0.24
0.017182,0.08,-0.32
0.017184,0,-0.32
0.017186,0.08,-0.32
0.017188,0,-0.32
0.01719,0,-0.24
0.017192,0,-0.32
0.017194,0,-0.24
0.017196,0.08,-0.24
0.017198,0,-0.32
0.0172,0,-0.32
0.017202,0,-0.32
0.017204,0,-0.32
0.017206,0,-0.32
0.017208,0,-0.32
0.01721,0.08,-0.32
0.017212,0,-0.32
0.017214,0,-0.24
0.017216,0,-0.32
0.017218,0,-0.32
0.01722,0,-0.32
0.017222,0,-0.32
0.017224,0,-0.32
0.017226,0,-0.32
0.017228,0,-0.32
0.01723,0,-0.32
0.017232,0.08,-0.32
0.017234,0,-0.32
0.017236,0,-0.32
0.017238,0,-0.32
0.01724,0.08,-0.32
0.017242,0,-0.32
0.017244,0,-0.32
0.017246,0,-0.32
0.017248,0.08,-0.32
0.01725,0,-0.4
0.017252,0.08,-0.32
0.017254,0,-0.32
0.017256,0,-0.32
0.017258,0,-0.32
0.01726,0,-0.32
0.017262,0,-0.32
0.017264,0.08,-0.32
0.017266,0,-0.32
0.017268,0.08,-0.32
0.01727,0.08,-0.32
0.017272,0.08,-0.24
0.017274,0.08,-0.32
0.017276,0,-0.32
0.017278,0,-0.32
0.01728,0,-0.32
0.017282,0.08,-0.32
0.017284,0,-0.32
0.017286,0,-0.32
0.017288,0,-0.32
0.01729,0,-0.32
0.017292,0,-0.32
0.017294,0.08,-0.32
0.017296,0,-0.24
0.017298,0.08,-0.32
0.0173,0,-0.24
0.017302,0,-0.24
0.017304,0,-0.24
0.017306,0,-0.24
0.017308,0,-0.24
0.01731,0.08,-0.24
0.017312,0,-0.24
0.017314,0,-0.24
0.017316,0,-0.24
0.017318,0,-0.24
0.01732,0.08,-0.24
0.017322,0,-0.24
0.017324,0,-0.24
0.017326,0,-0.24
0.017328,0,-0.24
0.01733,0.08,-0.16
0.017332,0,-0.16
0.017334,0,-0.24
0.017336,0.08,-0.16
0.017338,0,-0.16
0.01734,0,-0.16
0.017342,0,-0.16
0.017344,0,-0.16
0.017346,0,-0.16
0.017348,0,-0.16
0.01735,0,-0.16
0.017352,0,-0.16
0.017354,0,-0.16
0.017356,0,-0.16
0.017358,0,-0.16
0.01736,0,-0.08
0.017362,0,-0.16
0.017364,0.08,-0.16
0.017366,0,-0.16
0.017368,0,-0.16
0.01737,0,-0.08
0.017372,0,-0.16
0.017374,0,-0.16
0.017376,0,-0.08
0.017378,0.08,-0.08
0.01738,0,-0.08
0.017382,0.08,-0.08
0.017384,0,-0.08
0.017386,0.08,-0.08
0.017388,0,-0.08
0.01739,0,-0.08
0.017392,0.08,-0.08
0.017394,0,-0.08
0.017396,0,-0.08
0.017398,0.08,0
0.0174,0.08,0
0.017402,0.08,-0.08
0.017404,0,0
0.017406,0,0
0.017408,0,0
0.01741,0,-0.08
0.017412,0,0
0.017414,0.08,0
0.017416,0,0
0.017418,0,0
0.01742,0.08,0
0.017422,0,0.08
0.017424,0,0
0.017426,0,0
0.017428,0,0.08
0.01743,0,0
0.017432,0,0
0.017434,0,0
0.017436,0.08,0
0.017438,0,0
0.01744,0,0
0.017442,0,0.08
0.017444,0.08,0.08
0.017446,0.08,0.08
0.017448,0,0.08
0.01745,0,0.08
0.017452,0,0.08
0.017454,0,0.08
0.017456,0,0.08
0.017458,0,0.08
0.01746,0.08,0.16
0.017462,0.08,0.16
0.017464,0,0.16
0.017466,0.08,0.08
0.017468,0,0.16
0.01747,0,0.08
0.017472,0.08,0.08
0.017474,0,0.08
0.017476,0,0.16
0.017478,0,0.08
0.01748,0.08,0.16
0.017482,0,0.16
0.017484,0.08,0.16
0.017486,0.08,0.16
0.017488,0,0.16
0.01749,0,0.16
0.017492,0,0.16
0.017494,0,0.16
0.017496,0,0.16
0.017498,0,0.16
0.0175,0,0.16
0.017502,0.08,0.16
0.017504,0,0.16
0.017506,0,0.16
0.017508,0,0.16
0.01751,0,0.16
0.017512,0.08,0.16
0.017514,0,0.16
0.017516,0.08,0.16
0.017518,0,0.16
0.01752,0,0.16
0.017522,0.08,0.16
0.017524,0,0.16
0.017526,0,0.16
0.017528,0,0.16
0.01753,0,0.16
0.017532,0.08,0.16
0.017534,0.08,0.16
0.017536,0,0.16
0.017538,0,0.16
0.01754,0,0.16
0.017542,0,0.16
0.017544,0.08,0.24
0.017546,0.08,0.16
0.017548,0,0.16
0.01755,0,0.16
0.017552,0,0.16
0.017554,0,0.24
0.017556,0,0.16
0.017558,0,0.16
0.01756,0.08,0.16
0.017562,0,0.16
0.017564,0.08,0.16
0.017566,0.08,0.16
0.017568,0.08,0.16
0.01757,0.08,0.16
0.017572,0,0.16
0.017574,0.08,0.16
0.017576,0,0.16
0.017578,0,0.16
0.01758,0,0.16
0.017582,0,0.16
0.017584,0,0.16
0.017586,0,0.16
0.017588,0.08,0.24
0.01759,0.08,0.16
0.017592,0.08,0.16
0.017594,0.08,0.16
0.017596,0,0.16
0.017598,0,0.16
0.0176,0.08,0.24
0.017602,0,0.16
0.017604,0,0.16
0.017606,0,0.16
0.017608,0,0.16
0.01761,0,0.16
0.017612,0,0.08
0.017614,0,0.16
0.017616,0,0.16
0.017618,0.08,0.16
0.01762,0,0.16
0.017622,0,0.16
0.017624,0,0.16
0.017626,0,0.08
0.017628,0.08,0.08
0.01763,0,0.08
0.017632,0,0.08
0.017634,0,0.08
0.017636,0,0.16
0.017638,0,0.16
0.01764,0,0.16
0.017642,0.08,0.08
0.017644,0.08,0.08
0.017646,0,0.08
0.017648,0,0.08
0.01765,0,0.08
0.017652,0,0.08
0.017654,0.08,0.08
0.017656,0,0.08
0.017658,0,0.08
0.01766,0,0.08
0.017662,0,0.08
0.017664,0.08,0.08
0.017666,0.08,0.08
0.017668,0.08,0.08
0.01767,0,0.08
0.017672,0,0
0.017674,0.08,0.08
0.017676,0.08,0.08
0.017678,0,0.08
0.01768,0,0.08
0.017682,0,0
0.017684,0,0
0.017686,0.08,0.08
0.017688,0,0
0.01769,0,0
0.017692,0.08,0.08
0.017694,0,0.08
0.017696,0.08,0
0.017698,0,0
0.0177,0,0
0.017702,0.08,0
0.017704,0,0
0.017706,0,0
0.017708,0.08,0
0.01771,0.08,0
0.017712,0.08,0
0.017714,0,0
0.017716,0.08,0
0.017718,0,0
0.01772,0.08,0
0.017722,0,-0.08
0.017724,0,-0.08
0.017726,0,0
0.017728,0,-0.08
0.01773,0,-0.08
0.017732,0,-0.08
0.017734,0,-0.08
0.017736,0,-0.08
0.017738,0,-0.08
0.01774,0,-0.08
0.017742,0,-0.08
0.017744,0,-0.08
0.017746,0,-0.08
0.017748,0,-0.08
0.01775,0.08,-0.08
0.017752,0,-0.08
0.017754,0.08,-0.08
0.017756,0.08,-0.08
0.017758,0.08,-0.16
0.01776,0,-0.08
0.017762,0,-0.08
0.017764,0.08,-0.08
0.017766,0,-0.08
0.017768,0,-0.08
0.01777,0,-0.08
0.017772,0,-0.08
0.017774,0,-0.08
0.017776,0,-0.16
0.017778,0,-0.08
0.01778,0.08,-0.08
0.017782,0,-0.16
0.017784,0.08,-0.16
0.017786,0.08,-0.08
0.017788,0,-0.08
0.01779,0.08,-0.08
0.017792,0,-0.08
0.017794,0,-0.16
0.017796,0,-0.16
0.017798,0,-0.16
0.0178,0,-0.16
0.017802,0,-0.16
0.017804,0,-0.16
0.017806,0.08,-0.16
0.017808,0,-0.16
0.01781,0,-0.16
0.017812,0,-0.16
0.017814,0,-0.16
0.017816,0,-0.16
0.017818,0.08,-0.16
0.01782,0,-0.16
0.017822,0,-0.16
0.017824,0,-0.16
0.017826,0,-0.16
0.017828,0,-0.16
0.01783,0,-0.16
0.017832,0.08,-0.16
0.017834,0,-0.16
0.017836,0,-0.16
0.017838,0,-0.16
0.01784,0,-0.16
0.017842,0,-0.16
0.017844,0,-0.16
0.017846,0,-0.16
0.017848,0,-0.16
0.01785,0,-0.16
0.017852,0.08,-0.16
0.017854,0,-0.16
0.017856,0,-0.16
0.017858,0,-0.16
0.01786,0,-0.16
0.017862,0,-0.16
0.017864,0,-0.16
0.017866,0.08,-0.16
0.017868,0,-0.16
0.01787,0,-0.16
0.017872,0,-0.16
0.017874,0,-0.16
0.017876,0,-0.16
0.017878,0,-0.16
0.01788,0,-0.16
0.017882,0,-0.16
0.017884,0,-0.16
0.017886,0,-0.16
0.017888,0,-0.16
0.01789,0,-0.16
0.017892,0,-0.16
0.017894,0,-0.16
0.017896,0,-0.16
0.017898,0,-0.16
0.0179,0,-0.16
0.017902,0,-0.16
0.017904,0,-0.16
0.017906,0.08,-0.16
0.017908,0.08,-0.16
0.01791,0,-0.16
0.017912,0.08,-0.16
0.017914,0,-0.16
0.017916,0,-0.16
0.017918,0,-0.16
0.01792,0,-0.16
0.017922,0,-0.16
0.017924,0,-0.16
0.017926,0,-0.16
0.017928,0.08,-0.16
0.01793,0,-0.16
0.017932,0,-0.16
0.017934,0,-0.16
0.017936,0,-0.16
0.017938,0,-0.16
0.01794,0,-0.16
0.017942,0,-0.16
0.017944,0.08,-0.16
0.017946,0,-0.08
0.017948,0,-0.16
0.01795,0,-0.16
0.017952,0,-0.16
0.017954,0.08,-0.16
0.017956,0,-0.16
0.017958,0.08,-0.08
0.01796,0.08,-0.16
0.017962,0,-0.08
0.017964,0,-0.16
0.017966,0,-0.16
0.017968,0,-0.16
0.01797,0,-0.08
0.017972,0,-0.16
0.017974,0,-0.08
0.017976,0,-0.08
0.017978,0.08,-0.16
0.01798,0,-0.16
0.017982,0.08,-0.08
0.017984,0,-0.08
0.017986,0,-0.08
0.017988,0.08,-0.08
0.01799,0.08,-0.08
0.017992,0,-0.08
0.017994,0,-0.08
0.017996,0,-0.08
0.017998,0,-0.08
0.018,0,-0.08
0.018002,0.08,-0.08
0.018004,0.08,-0.08
0.018006,0,-0.08
0.018008,0,-0.08
0.01801,0,-0.08
0.018012,0.08,-0.08
0.018014,0,-0.08
0.018016,0,-0.08
0.018018,0,-0.08
0.01802,0,-0.08
0.018022,0,-0.08
0.018024,0,-0.08
0.018026,0.08,-0.08
0.018028,0,-0.08
0.01803,0,0
0.018032,0,-0.08
0.018034,0.08,0
0.018036,0,-0.08
0.018038,0,-0.08
0.01804,0,0
0.018042,0.08,-0.08
0.018044,0,-0.08
0.018046,0.08,-0.08
0.018048,0,0
0.01805,0,0
0.018052,0,0
0.018054,0,0
0.018056,0,0
0.018058,0,0
0.01806,0,0
0.018062,0,0
0.018064,0,0
0.018066,0.08,0
0.018068,0,0
0.01807,0.08,0
0.018072,0,0
0.018074,0,0
0.018076,0,0
0.018078,0.08,0
0.01808,0,0
0.018082,0,0
0.018084,0.08,0
0.018086,0,0
0.018088,0,0
0.01809,0,0
0.018092,0.08,0
0.018094,0,0.08
0.018096,0,0
0.018098,0,0.08
0.0181,0,0
0.018102,0.08,0.08
0.018104,0,0
0.018106,0,0
0.018108,0.08,0
0.01811,0.08,0.08
0.018112,0.08,0.08
0.018114,0.08,0
0.018116,0.08,0
0.018118,0,0.08
0.01812,0,0
0.018122,0,0.08
0.018124,0.08,0
0.018126,0,0.08
0.018128,0.08,0
0.01813,0.08,0.08
0.018132,0,0
0.018134,0,0
0.018136,0.08,0
0.018138,0,0
0.01814,0,0.08
0.018142,0,0.08
0.018144,0,0.08
0.018146,0.08,0.08
0.018148,0,0.08
0.01815,0,0
0.018152,0.08,0.08
0.018154,0,0
0.018156,0,0
0.018158,0,0.08
0.01816,0.08,0.08
0.018162,0.08,0
0.018164,0.08,0.08
0.018166,0,0
0.018168,0,0.08
0.01817,0,0
0.018172,0,0.08
0.018174,0,0.08
0.018176,0,0.08
0.018178,0.08,0.08
0.01818,0,0.08
0.018182,0.08,0.08
0.018184,0,0.08
0.018186,0,0.08
0.018188,0,0.08
0.01819,0,0.08
0.018192,0,0.08
0.018194,0,0.08
0.018196,0,0.08
0.018198,0.08,0.08
0.0182,0,0.08
0.018202,0,0.08
0.018204,0.08,0.08
0.018206,0.08,0.08
0.018208,0,0.08
0.01821,0,0.08
0.018212,0,0.08
0.018214,0,0.08
0.018216,0.08,0.08
0.018218,0.08,0.08
0.01822,0,0
0.018222,0.08,0.08
0.018224,0,0.08
0.018226,0.08,0.08
0.018228,0,0
0.01823,0.08,0.08
0.018232,0.08,0.08
0.018234,0,0.08
0.018236,0,0
0.018238,0.08,0
0.01824,0,0.08
0.018242,0,0.08
0.018244,0.08,0.08
0.018246,0,0
0.018248,0,0.08
0.01825,0.08,0
0.018252,0,0
0.018254,0.08,0.08
0.018256,0,0.08
0.018258,0.08,0.08
0.01826,0,0
0.018262,0.08,0.08
0.018264,0.08,0.08
0.018266,0,0
0.018268,0,0.08
0.01827,0,0
0.018272,0,0.08
0.018274,0,0
0.018276,0,0
0.018278,0,0
0.01828,0,0
0.018282,0,0
0.018284,0.08,0
0.018286,0,0
0.018288,0,0
0.01829,0,0
0.018292,0.08,0
0.018294,0,0.08
0.018296,0.08,0
0.018298,0,0
0.0183,0,0
0.018302,0,0
0.018304,0.08,0
0.018306,0,0
0.018308,0,0
0.01831,0.08,0
0.018312,0,0
0.018314,0.08,0
0.018316,0,0
0.018318,0,0
0.01832,0,0
0.018322,0,0
0.018324,0,0
0.018326,0.08,-0.08
0.018328,0,0.08
0.01833,0,0
0.018332,0,0
0.018334,0,0
0.018336,0,0
0.018338,0,0
0.01834,0,-0.08
0.018342,0.08,0
0.018344,0.08,0
0.018346,0,0
0.018348,0.08,0
0.01835,0.08,0
0.018352,0,0
0.018354,0,0
0.018356,0,0
0.018358,0,0
0.01836,0,0
0.018362,0.08,-0.08
0.018364,0,-0.08
0.018366,0.08,0
0.018368,0.08,0
0.01837,0.08,-0.08
0.018372,0,-0.08
0.018374,0.08,0
0.018376,0,0
0.018378,0,0
0.01838,0,0
0.018382,0,-0.08
0.018384,0.08,0
0.018386,0,-0.08
0.018388,0.08,-0.08
0.01839,0,-0.08
0.018392,0,-0.08
0.018394,0,-0.08
0.018396,0,-0.08
0.018398,0.08,-0.08
0.0184,0.08,-0.08
0.018402,0,-0.08
0.018404,0,-0.08
0.018406,0.08,0
0.018408,0,-0.08
0.01841,0,-0.08
0.018412,0.08,-0.08
0.018414,0,-0.08
0.018416,0,-0.08
0.018418,0.08,-0.08
0.01842,0,-0.08
0.018422,0,-0.08
0.018424,0.08,-0.08
0.018426,0,-0.08
0.018428,0.08,-0.08
0.01843,0,-0.08
0.018432,0.08,-0.08
0.018434,0,-0.08
0.018436,0,-0.08
0.018438,0,-0.08
0.01844,0,-0.08
0.018442,0.08,0
0.018444,0,-0.16
0.018446,0,-0.08
0.018448,0,-0.08
0.01845,0.08,-0.08
0.018452,0,-0.08
0.018454,0.08,-0.08
0.018456,0,-0.08
0.018458,0.08,-0.08
0.01846,0.08,-0.08
0.018462,0,-0.08
0.018464,0,-0.08
0.018466,0,-0.08
0.018468,0,-0.08
0.01847,0.08,-0.08
0.018472,0,-0.08
0.018474,0,-0.08
0.018476,0,-0.08
0.018478,0,-0.08
0.01848,0,-0.08
0.018482,0.08,-0.08
0.018484,0,-0.08
0.018486,0.08,-0.16
0.018488,0,-0.08
0.01849,0,-0.08
0.018492,0,-0.08
0.018494,0,-0.16
0.018496,0,-0.16
0.018498,0.08,-0.08
0.0185,0.08,-0.08
0.018502,0.08,-0.08
0.018504,0,-0.16
0.018506,0,-0.08
0.018508,0,-0.08
0.01851,0,-0.08
0.018512,0,-0.08
0.018514,0.08,-0.16
0.018516,0,-0.16
0.018518,0,-0.08
0.01852,0,-0.08
0.018522,0,-0.08
0.018524,0.08,-0.16
0.018526,0.08,-0.08
0.018528,0.08,-0.08
0.01853,0,-0.08
0.018532,0,-0.16
0.018534,0,-0.16
0.018536,0,-0.08
0.018538,0.08,-0.08
0.01854,0,-0.08
0.018542,0,-0.08
0.018544,0.08,-0.08
0.018546,0,-0.08
0.018548,0,-0.08
0.01855,0,-0.08
0.018552,0,-0.08
0.018554,0,-0.08
0.018556,0.08,-0.08
0.018558,0,-0.08
0.01856,0,-0.08
0.018562,0.08,-0.08
0.018564,0,-0.08
0.018566,0,-0.08
0.018568,0.08,-0.08
0.01857,0,-0.08
0.018572,0.08,-0.08
0.018574,0,-0.08
0.018576,0.08,-0.08
0.018578,0.08,-0.08
0.01858,0.08,-0.08
0.018582,0.08,-0.08
0.018584,0,-0.08
0.018586,0,-0.08
0.018588,0,-0.08
0.01859,0.08,-0.08
0.018592,0.08,-0.08
0.018594,0,-0.08
0.018596,0,-0.08
0.018598,0.08,-0.08
0.0186,0.08,-0.08
0.018602,0,-0.08
0.018604,0,-0.08
0.018606,0.08,-0.08
0.018608,0,-0.08
0.01861,0,-0.08
0.018612,0,-0.08
0.018614,0,0
0.018616,0,-0.08
0.018618,0.08,-0.08
0.01862,0,-0.08
0.018622,0,-0.08
0.018624,0,-0.08
0.018626,0.08,-0.08
0.018628,0.08,-0.08
0.01863,0,0
0.018632,0.08,-0.08
0.018634,0,-0.08
0.018636,0.08,-0.08
0.018638,0,-0.08
0.01864,0,-0.08
0.018642,0,0
0.018644,0,-0.08
0.018646,0.08,-0.08
0.018648,0,0
0.01865,0,0
0.018652,0,0
0.018654,0,-0.08
0.018656,0,-0.08
0.018658,0,0
0.01866,0,0
0.018662,0.08,-0.08
0.018664,0,-0.08
0.018666,0,-0.08
0.018668,0,-0.08
0.01867,0,-0.08
0.018672,0,0
0.018674,0,-0.08
0.018676,0,-0.08
0.018678,0,-0.08
0.01868,0,0
0.018682,0,0
0.018684,0,-0.08
0.018686,0,-0.08
0.018688,0.08,0
0.01869,0,0
0.018692,0,-0.08
0.018694,0,0
0.018696,0.08,-0.08
0.018698,0.08,0
0.0187,0.08,0
0.018702,0.08,0
0.018704,0.08,0
0.018706,0.08,-0.08
0.018708,0,0
0.01871,0,0
0.018712,0.08,0
0.018714,0,0
0.018716,0,-0.08
0.018718,0,0
0.01872,0,0
0.018722,0,0
0.018724,0,0
0.018726,0,0
0.018728,0,0
0.01873,0,0
0.018732,0.08,0
0.018734,0.08,0
0.018736,0,0
0.018738,0,0
0.01874,0.08,0
0.018742,0,0
0.018744,0,-0.08
0.018746,0,0
0.018748,0,0
0.01875,0,-0.08
0.018752,0,0
0.018754,0,0
0.018756,0,0
0.018758,0,0
0.01876,0.08,0
0.018762,0,0
0.018764,0,0
0.018766,0,0
0.018768,0,0
0.01877,0,0
0.018772,0,0
0.018774,0.08,0
0.018776,0.08,0
0.018778,0.08,0
0.01878,0,0
0.018782,0,0
0.018784,0,0
0.018786,0,0
0.018788,0,0
0.01879,0.08,0
0.018792,0,0
0.018794,0,0
0.018796,0,0
0.018798,0.08,0
0.0188,0.08,0
0.018802,0.08,0
0.018804,0.08,0
0.018806,0.08,0
0.018808,0,0
0.01881,0,0
0.018812,0,0
0.018814,0,0
0.018816,0.08,0
0.018818,0,0
0.01882,0.08,0
0.018822,0,0
0.018824,0,0
0.018826,0,0
0.018828,0,0
0.01883,0,0
0.018832,0,0
0.018834,0,0
0.018836,0.08,0
0.018838,0,0
0.01884,0.08,0
0.018842,0,0.08
0.018844,0,0
0.018846,0,0
0.018848,0,0.08
0.01885,0,0
0.018852,0,0
0.018854,0,0
0.018856,0,0
0.018858,0,0
0.01886,0,0
0.018862,0.08,0
0.018864,0,0
0.018866,0.08,0
0.018868,0,0
0.01887,0,0
0.018872,0.08,-0.08
0.018874,0,0
0.018876,0,0
0.018878,0,0
0.01888,0,0
0.018882,0,0
0.018884,0,0
0.018886,0.08,0
0.018888,0,0
0.01889,0,0
0.018892,0.08,0
0.018894,0,0
0.018896,0,0
0.018898,0,0
0.0189,0,0
0.018902,0,0
0.018904,0,0
0.018906,0,0
0.018908,0,0
0.01891,0,0
0.018912,0,0
0.018914,0,0
0.018916,0,0
0.018918,0,0
0.01892,0.08,0
0.018922,0,0
0.018924,0,-0.08
0.018926,0,0
0.018928,0.08,0
0.01893,0,0
0.018932,0,0
0.018934,0,0
0.018936,0,0
0.018938,0.08,0
0.01894,0,0
0.018942,0.08,0
0.018944,0.08,0
0.018946,0,0
0.018948,0,0
0.01895,0,0
0.018952,0,0
0.018954,0,0
0.018956,0.08,0
0.018958,0,0
0.01896,0,0
0.018962,0.08,0
0.018964,0,0
0.018966,0,-0.08
0.018968,0,0
0.01897,0,0
0.018972,0,-0.08
0.018974,0,0
0.018976,0,0
0.018978,0,0
0.01898,0,0
0.018982,0,0
0.018984,0.08,0
0.018986,0,0
0.018988,0.08,0
0.01899,0,0
0.018992,0,0
0.018994,0,0
0.018996,0.08,0
0.018998,0,0
0.019,0,0
0.019002,0.08,0
0.019004,0.08,-0.08
0.019006,0.08,-0.08
0.019008,0,0
0.01901,0,-0.08
0.019012,0,0
0.019014,0,-0.08
0.019016,0.08,0
0.019018,0,0
0.01902,0,-0.08
0.019022,0.08,-0.08
0.019024,0.08,-0.08
0.019026,0,0
0.019028,0,-0.08
0.01903,0,-0.08
0.019032,0.08,-0.08
0.019034,0,-0.08
0.019036,0,-0.08
0.019038,0,0
0.01904,0.08,0
0.019042,0,-0.08
0.019044,0,-0.08
0.019046,0.08,0
0.019048,0,0
0.01905,0,-0.08
0.019052,0,-0.08
0.019054,0,-0.08
0.019056,0,-0.08
0.019058,0,-0.08
0.01906,0,0
0.019062,0,0
0.019064,0.08,-0.08
0.019066,0,-0.08
0.019068,0,-0.08
0.01907,0,-0.08
0.019072,0,-0.08
0.019074,0,-0.08
0.019076,0.08,-0.08
0.019078,0,-0.08
0.01908,0,-0.08
0.019082,0,-0.08
0.019084,0,-0.08
0.019086,0,-0.08
0.019088,0,-0.08
0.01909,0.08,-0.08
0.019092,0.08,0
0.019094,0,-0.08
0.019096,0,-0.08
0.019098,0,-0.08
0.0191,0.08,-0.08
0.019102,0,-0.08
0.019104,0.08,0
0.019106,0.08,-0.08
0.019108,0,0
0.01911,0,-0.08
0.019112,0,-0.08
0.019114,0.08,-0.08
0.019116,0,-0.08
0.019118,0,-0.08
0.01912,0,-0.08
0.019122,0.08,-0.08
0.019124,0.08,-0.08
0.019126,0,-0.08
0.019128,0,0
0.01913,0.08,-0.08
0.019132,0,-0.08
0.019134,0.08,-0.08
0.019136,0.08,-0.08
0.019138,0,-0.08
0.01914,0,-0.08
0.019142,0,-0.08
0.019144,0,-0.08
0.019146,0.08,-0.08
0.019148,0,-0.08
0.01915,0,-0.08
0.019152,0,-0.08
0.019154,0.08,-0.08
0.019156,0,-0.08
0.019158,0.08,0
0.01916,0,-0.08
0.019162,0,-0.08
0.019164,0.08,-0.08
0.019166,0.08,-0.08
0.019168,0,-0.08
0.01917,0,-0.08
0.019172,0,-0.08
0.019174,0,-0.08
0.019176,0,-0.08
0.019178,0.08,-0.08
0.01918,0,-0.08
0.019182,0,-0.08
0.019184,0,-0.08
0.019186,0,-0.08
0.019188,0,-0.08
0.01919,0.08,-0.08
0.019192,0,-0.08
0.019194,0.08,-0.08
0.019196,0.08,-0.08
0.019198,0,-0.08
0.0192,0,-0.08
0.019202,0.08,-0.08
0.019204,0,-0.08
0.019206,0,-0.08
0.019208,0,-0.08
0.01921,0,-0.08
0.019212,0,-0.08
0.019214,0,-0.08
0.019216,0.08,-0.08
0.019218,0.08,-0.08
0.01922,0.08,0
0.019222,0,0
0.019224,0,-0.08
0.019226,0.08,-0.08
0.019228,0,-0.08
0.01923,0,-0.08
0.019232,0,-0.08
0.019234,0,0
0.019236,0,0
0.019238,0,0
0.01924,0.08,-0.08
0.019242,0,-0.08
0.019244,0,0
0.019246,0,-0.08
0.019248,0.08,-0.08
0.01925,0.08,-0.08
0.019252,0,-0.08
0.019254,0,-0.08
0.019256,0,-0.08
0.019258,0.08,-0.08
0.01926,0.08,0
0.019262,0.08,-0.08
0.019264,0,0
0.019266,0.08,-0.08
0.019268,0.08,-0.08
0.01927,0,-0.08
0.019272,0,-0.08
0.019274,0.08,-0.08
0.019276,0,-0.08
0.019278,0,-0.08
0.01928,0,0
0.019282,0,0
0.019284,0,-0.08
0.019286,0,-0.08
0.019288,0,-0.08
0.01929,0,-0.08
0.019292,0,-0.08
0.019294,0,0
0.019296,0,0
0.019298,0.08,-0.08
0.0193,0,-0.08
0.019302,0,-0.08
0.019304,0.08,-0.08
0.019306,0,-0.08
0.019308,0,0
0.01931,0.08,0
0.019312,0.08,0
0.019314,0,-0.08
0.019316,0,0
0.019318,0.08,0
0.01932,0,-0.08
0.019322,0,-0.08
0.019324,0,0
0.019326,0,0
0.019328,0.08,0
0.01933,0,-0.08
0.019332,0,0
0.019334,0,-0.08
0.019336,0,0
0.019338,0.08,-0.08
0.01934,0,0
0.019342,0.08,0
0.019344,0,0
0.019346,0.08,-0.08
0.019348,0,0
0.01935,0,0
0.019352,0,0
0.019354,0,0
0.019356,0.08,0
0.019358,0,0
0.01936,0.08,0
0.019362,0,0
0.019364,0,0
0.019366,0,0
0.019368,0,0
0.01937,0.08,-0.08
0.019372,0,0
0.019374,0,0
0.019376,0,0
0.019378,0.08,0
0.01938,0,0
0.019382,0,0
0.019384,0,-0.08
0.019386,0,0
0.019388,0,0
0.01939,0.08,0
0.019392,0,0
0.019394,0,0
0.019396,0.08,0
0.019398,0.08,0
0.0194,0.08,0
0.019402,0,-0.08
0.019404,0.08,0
0.019406,0,0
0.019408,0,0
0.01941,0.08,0
0.019412,0,0
0.019414,0,-0.08
0.019416,0.08,0
0.019418,0,0
0.01942,0,0
0.019422,0,0
0.019424,0,0
0.019426,0.08,0
0.019428,0,0
0.01943,0.08,0
0.019432,0.08,0
0.019434,0,0
0.019436,0,0
0.019438,0,0
0.01944,0,0
0.019442,0,-0.08
0.019444,0,0
0.019446,0.08,0
0.019448,0.08,-0.08
0.01945,0,0
0.019452,0,0
0.019454,0,0
0.019456,0.08,0
0.019458,0,0
0.01946,0,0
0.019462,0.08,0
0.019464,0,0
0.019466,0,0
0.019468,0,0
0.01947,0.08,0
0.019472,0,0
0.019474,0,0
0.019476,0,0
0.019478,0.08,0
0.01948,0,0
0.019482,0.08,0
0.019484,0.08,0
0.019486,0,0
0.019488,0,0
0.01949,0,0
0.019492,0.08,0
0.019494,0,-0.08
0.019496,0,0
0.019498,0.08,0
0.0195,0.08,0
0.019502,0,0
0.019504,0.08,0
0.019506,0,0
0.019508,0,0
0.01951,0,0
0.019512,0,0
0.019514,0.08,0
0.019516,0,0
0.019518,0,0
0.01952,0,0
0.019522,0,0
0.019524,0.08,0
0.019526,0,0
0.019528,0.08,0
0.01953,0,0
0.019532,0,0
0.019534,0,0
0.019536,0,0
0.019538,0.08,0
0.01954,0.08,0
0.019542,0,0
0.019544,0,-0.08
0.019546,0,0
0.019548,0.08,0
0.01955,0.08,-0.08
0.019552,0,0
0.019554,0,0
0.019556,0,0
0.019558,0,0
0.01956,0,0
0.019562,0,0
0.019564,0.08,0
0.019566,0,0
0.019568,0.08,0
0.01957,0,0
0.019572,0.08,0
0.019574,0.08,0
0.019576,0,0
0.019578,0.08,0
0.01958,0,0
0.019582,0,-0.08
0.019584,0,0
0.019586,0,0
0.019588,0,-0.08
0.01959,0.08,0
0.019592,0.08,0
0.019594,0,0
0.019596,0,0
0.019598,0,0
0.0196,0.08,0
0.019602,0,0
0.019604,0,0
0.019606,0,0
0.019608,0,0
0.01961,0.08,-0.08
0.019612,0,0
0.019614,0,0
0.019616,0,0
0.019618,0.08,-0.08
0.01962,0,-0.08
0.019622,0.08,0
0.019624,0,-0.08
0.019626,0,0
0.019628,0,0
0.01963,0.08,0
0.019632,0.08,0
0.019634,0,0
0.019636,0,0
0.019638,0.08,0
0.01964,0,0
0.019642,0.08,0
0.019644,0.08,0
0.019646,0,-0.08
0.019648,0.08,-0.08
0.01965,0.08,0
0.019652,0.08,-0.08
0.019654,0.08,-0.08
0.019656,0,0
0.019658,0.08,-0.08
0.01966,0,-0.08
0.019662,0,-0.08
0.019664,0,0
0.019666,0,-0.08
0.019668,0.08,0
0.01967,0,0
0.019672,0.08,-0.08
0.019674,0,-0.08
0.019676,0,-0.08
0.019678,0,0
0.01968,0.08,-0.08
0.019682,0,0
0.019684,0,0
0.019686,0.08,0
0.019688,0,0
0.01969,0,0
0.019692,0.08,-0.08
0.019694,0.08,0
0.019696,0.08,-0.08
0.019698,0,0
0.0197,0,0
0.019702,0,-0.08
0.019704,0,-0.08
0.019706,0,-0.08
0.019708,0.08,-0.08
0.01971,0,-0.08
0.019712,0,-0.08
0.019714,0,-0.08
0.019716,0.08,-0.08
0.019718,0,0
0.01972,0,-0.08
0.019722,0,-0.08
0.019724,0,0
0.019726,0,0
0.019728,0,-0.08
0.01973,0,0
0.019732,0.08,0
0.019734,0,-0.08
0.019736,0,0
0.019738,0,0
0.01974,0.08,-0.08
0.019742,0,-0.08
0.019744,0,-0.08
0.019746,0,-0.08
0.019748,0.08,-0.08
0.01975,0,-0.08
0.019752,0,-0.08
0.019754,0,0
0.019756,0.08,0
0.019758,0,-0.08
0.01976,0,0
0.019762,0,0
0.019764,0.08,0
0.019766,0,-0.08
0.019768,0,-0.08
0.01977,0,0
0.019772,0,0
0.019774,0.08,-0.08
0.019776,0,-0.08
0.019778,0,-0.08
0.01978,0,-0.08
0.019782,0,0
0.019784,0,-0.08
0.019786,0.08,0
0.019788,0.08,-0.08
0.01979,0,-0.08
0.019792,0,0
0.019794,0,-0.08
0.019796,0.08,0
0.019798,0,-0.08
0.0198,0.08,-0.08
0.019802,0.08,-0.08
0.019804,0.08,-0.08
0.019806,0,-0.08
0.019808,0.08,0
0.01981,0.08,0
0.019812,0,-0.08
0.019814,0.08,0
0.019816,0,-0.08
0.019818,0,0
0.01982,0,0
0.019822,0.08,-0.08
0.019824,0,-0.08
0.019826,0.08,-0.08
0.019828,0,-0.08
0.01983,0,0
0.019832,0,0
0.019834,0,0
0.019836,0,-0.08
0.019838,0,-0.08
0.01984,0,0
0.019842,0.08,-0.08
0.019844,0,-0.08
0.019846,0.08,0
0.019848,0,0
0.01985,0,0
0.019852,0,0
0.019854,0,0
0.019856,0.08,0
0.019858,0,0
0.01986,0.08,-0.08
0.019862,0,0
0.019864,0,0
0.019866,0,-0.08
0.019868,0,0
0.01987,0,-0.08
0.019872,0,-0.08
0.019874,0.08,-0.08
0.019876,0.08,0
0.019878,0,0
0.01988,0,-0.08
0.019882,0,0
0.019884,0.08,0
0.019886,0.08,0
0.019888,0.08,-0.08
0.01989,0.08,-0.08
0.019892,0.08,0
0.019894,0,0
0.019896,0.08,0
0.019898,0,-0.08
